"sampleIndex","randomSeed","assetContract","tokenSymbol","canonicalProtocol","canonicalVersion","canonicalPool","allCanonicalEvidence","direction","inputAsset","outputAsset","testAmount","recipient","chainId","provider","rmtFeeBps","feeAsset","providerSlippagePpm","maximumUserSlippagePpm","zeroXQuoteStatus","zeroXRouteStatus","invalidResponseReason","policyViolation","rmtParserDefect","expectedIntegratorFee","readOnlySimulationStatus","indicativeStatus","indicativeExpectedOutput","responseEconomics","integratorFeeDifferenceAtomic","expectedOutput","providerReportedMinimum","protectedOutput","executableBound","allowanceTarget","transactionTarget","transactionValue","calldataHash","settlerTarget","settlerRuntimeHash","targetRuntimeHash","firmStatus","fundedSimulation","caseOutcome","section","originalStatus","originalInputAmount","peepExtra","previousExpectedFee","previousReturnedFee"
"1","5272840","0xCCc331D2F8e102A606e1FfF194E65ea9BEd767c2","LIG","uniswap","2","0x4c8c4110aa2bc9a75eb95e6cd7426fbd73680336","[{""protocol"":""uniswap"",""version"":2,""pool"":""0x4c8c4110aa2bc9a75eb95e6cd7426fbd73680336""}]","BUY","0x0000000000000000000000000000000000000000","0xCCc331D2F8e102A606e1FfF194E65ea9BEd767c2","500000000000000","0x1111111111111111111111111111111111111111","4663","zero-x-swap","25","0x0000000000000000000000000000000000000000","9900","10000","FIRM_RETURNED","ROUTABLE","","NOT_APPLICABLE","NO","1250000000000","NOT_RUN_INSUFFICIENT_BALANCE","indicative","20928430761903298088735","{""sellAsset"":""0xeeeeeeeeeeeeeeeeeeeeeeeeeeeeeeeeeeeeeeee"",""buyAsset"":""0xccc331d2f8e102a606e1fff194e65ea9bed767c2"",""sellAmount"":""500000000000000"",""buyAmount"":""20928430761903298088735"",""minBuyAmount"":""20721239297360455429008"",""totalNetworkFee"":""87872634864000"",""integratorFee"":{""asset"":""0xeeeeeeeeeeeeeeeeeeeeeeeeeeeeeeeeeeeeeeee"",""amount"":""1250000000000"",""type"":""volume""},""zeroExFee"":{""asset"":""0xeeeeeeeeeeeeeeeeeeeeeeeeeeeeeeeeeeeeeeee"",""amount"":""750000000000"",""type"":""volume""},""gasFee"":null,""integratorFees"":[{""asset"":""0xeeeeeeeeeeeeeeeeeeeeeeeeeeeeeeeeeeeeeeee"",""amount"":""1250000000000"",""type"":""volume""}],""integratorFeesOverflow"":false}","0","20928430761903298088735","20721239297360455429008","20721239297360455429008","true","","0x0000000000001fF3684f28c67538d4D072C22734","500000000000000","0x4815114e0349b54534b5cfa4d53f09bdf82bf3c5affc7ca7aed5a500e4ad8f4d","0x39b38686A19836Ac10162c490E4558e120CbBE5f","0xb6c0bf3b83bc9ae4f6ed65a4f5f6c188eb3e4258d8d3b3705dff4ac02ed4a966","0x99f5e8edaceacfdd183eb5f1da8a7757b322495b80cf7928db289a1b1a09f799","insufficient_balance","{""status"":""PASS"",""mode"":""ETH_CALL_EPHEMERAL_FUNDING"",""walletAuthority"":false,""blockNumber"":""57774376"",""blockHash"":""0x0874e8891d693854c714c63506011f8cf0aab606bff3e662eade524801fb923c"",""errorCode"":null,""errorSelector"":null,""calldataHash"":""0x4815114e0349b54534b5cfa4d53f09bdf82bf3c5affc7ca7aed5a500e4ad8f4d"",""gasLimit"":""326487"",""gasPrice"":""270465750"",""transactionTarget"":""0x0000000000001fF3684f28c67538d4D072C22734"",""transactionValue"":""500000000000000"",""protectedOutput"":""20721239297360455429008"",""exactEnvelopePreserved"":true}","FIRM_VERIFIED","matrix","","","","",""
"1","5272840","0xCCc331D2F8e102A606e1FfF194E65ea9BEd767c2","LIG","uniswap","2","0x4c8c4110aa2bc9a75eb95e6cd7426fbd73680336","[{""protocol"":""uniswap"",""version"":2,""pool"":""0x4c8c4110aa2bc9a75eb95e6cd7426fbd73680336""}]","SELL","0xCCc331D2F8e102A606e1FfF194E65ea9BEd767c2","0x0000000000000000000000000000000000000000","20928430761903298088735","0x1111111111111111111111111111111111111111","4663","zero-x-swap","25","0xCCc331D2F8e102A606e1FfF194E65ea9BEd767c2","9900","10000","FIRM_RETURNED","ROUTABLE","","NOT_APPLICABLE","NO","52321076904758245222","NOT_RUN_INSUFFICIENT_BALANCE","indicative","257277773595","{""sellAsset"":""0xccc331d2f8e102a606e1fff194e65ea9bed767c2"",""buyAsset"":""0xeeeeeeeeeeeeeeeeeeeeeeeeeeeeeeeeeeeeeeee"",""sellAmount"":""20928430761903298088735"",""buyAmount"":""257277773595"",""minBuyAmount"":""254726897322"",""totalNetworkFee"":""88659066564000"",""integratorFee"":{""asset"":""0xccc331d2f8e102a606e1fff194e65ea9bed767c2"",""amount"":""52321076904758245222"",""type"":""volume""},""zeroExFee"":{""asset"":""0xeeeeeeeeeeeeeeeeeeeeeeeeeeeeeeeeeeeeeeee"",""amount"":""386496415"",""type"":""volume""},""gasFee"":null,""integratorFees"":[{""asset"":""0xccc331d2f8e102a606e1fff194e65ea9bed767c2"",""amount"":""52321076904758245222"",""type"":""volume""}],""integratorFeesOverflow"":false}","0","257277773595","254726897322","254726897322","true","0x0000000000001fF3684f28c67538d4D072C22734","0x0000000000001fF3684f28c67538d4D072C22734","0","0xb89f9c5a9baee64dcbf2a67b7d1485795b9108fe32184f8dee8822eb206bf709","0x39b38686A19836Ac10162c490E4558e120CbBE5f","0xb6c0bf3b83bc9ae4f6ed65a4f5f6c188eb3e4258d8d3b3705dff4ac02ed4a966","0x99f5e8edaceacfdd183eb5f1da8a7757b322495b80cf7928db289a1b1a09f799","insufficient_balance","{""status"":""PASS"",""mode"":""ETH_CALL_EPHEMERAL_FUNDING"",""walletAuthority"":false,""blockNumber"":""57774386"",""blockHash"":""0x035c3664512af9f861b6dd17d8cb2fd71a15ab53fff01c1e943874e3a3104be0"",""balanceSlot"":""0xf043c50fe795c69f30b8ff78b84032dc53a9d87ca283ae10a1dacfbb648e83ef"",""allowanceSlot"":""0x8633cf2d93cf08d5beab4385c45958edebafa053650c03b0a14121e3dde9d80f"",""allowanceSpender"":""0x0000000000001fF3684f28c67538d4D072C22734"",""allowanceAtomic"":""20928430761903298088735"",""errorCode"":null,""errorSelector"":null,""calldataHash"":""0xb89f9c5a9baee64dcbf2a67b7d1485795b9108fe32184f8dee8822eb206bf709"",""gasLimit"":""327363"",""gasPrice"":""269136000"",""transactionTarget"":""0x0000000000001fF3684f28c67538d4D072C22734"",""transactionValue"":""0"",""protectedOutput"":""254726897322"",""exactEnvelopePreserved"":true}","FIRM_VERIFIED","matrix","","","","",""
"2","5272840","0x612e0cBfA113127Ec1cfd2c1ABddCa9a9121E8E6","MONI","uniswap","3","0x2ca89520e03aa5a41e48146cf928fc462a6d5c7e","[{""protocol"":""uniswap"",""version"":3,""pool"":""0x2ca89520e03aa5a41e48146cf928fc462a6d5c7e""},{""protocol"":""uniswap"",""version"":4,""pool"":""0x044b99dbc9c1032eef7497487629f3e57a5757a30723720bb6e2ac7cfc61b264""},{""protocol"":""uniswap"",""version"":4,""pool"":""0x375c815ee0a155bb6c7fac47099bb7a934df6fb5b24ea11beb49d7f1da62f13e""},{""protocol"":""uniswap"",""version"":4,""pool"":""0x8fe6c20dc7847d02bdc638057b154cf560098b5ab3f38200568fff3f2084f58c""},{""protocol"":""uniswap"",""version"":4,""pool"":""0xc2a7585ba7b15acd40b9a8bccbd80772f9db5197ccf9ca1685b22fa1511e2054""}]","BUY","0x0000000000000000000000000000000000000000","0x612e0cBfA113127Ec1cfd2c1ABddCa9a9121E8E6","500000000000000","0x1111111111111111111111111111111111111111","4663","zero-x-swap","25","0x0000000000000000000000000000000000000000","9900","10000","FIRM_RETURNED","ROUTABLE","","NOT_APPLICABLE","NO","1250000000000","NOT_RUN_INSUFFICIENT_BALANCE","indicative","124106005255789469931216","{""sellAsset"":""0xeeeeeeeeeeeeeeeeeeeeeeeeeeeeeeeeeeeeeeee"",""buyAsset"":""0x612e0cbfa113127ec1cfd2c1abddca9a9121e8e6"",""sellAmount"":""500000000000000"",""buyAmount"":""124106005255789469931216"",""minBuyAmount"":""122877355803757154177693"",""totalNetworkFee"":""120293158367250"",""integratorFee"":{""asset"":""0xeeeeeeeeeeeeeeeeeeeeeeeeeeeeeeeeeeeeeeee"",""amount"":""1250000000000"",""type"":""volume""},""zeroExFee"":{""asset"":""0xeeeeeeeeeeeeeeeeeeeeeeeeeeeeeeeeeeeeeeee"",""amount"":""750000000000"",""type"":""volume""},""gasFee"":null,""integratorFees"":[{""asset"":""0xeeeeeeeeeeeeeeeeeeeeeeeeeeeeeeeeeeeeeeee"",""amount"":""1250000000000"",""type"":""volume""}],""integratorFeesOverflow"":false}","0","124106005255789469931216","122877355803757154177693","122877355803757154177693","true","","0x0000000000001fF3684f28c67538d4D072C22734","500000000000000","0x8e2cf1a480816096005622d7a599b5c69391d737631d509064d7a73bdb9c5492","0x39b38686A19836Ac10162c490E4558e120CbBE5f","0xb6c0bf3b83bc9ae4f6ed65a4f5f6c188eb3e4258d8d3b3705dff4ac02ed4a966","0x99f5e8edaceacfdd183eb5f1da8a7757b322495b80cf7928db289a1b1a09f799","insufficient_balance","{""status"":""PASS"",""mode"":""ETH_CALL_EPHEMERAL_FUNDING"",""walletAuthority"":false,""blockNumber"":""57774416"",""blockHash"":""0xad6d40a011d66e49d70d671225b7c36ff71bf339a3819eb150171ed4e13bbf99"",""errorCode"":null,""errorSelector"":null,""calldataHash"":""0x8e2cf1a480816096005622d7a599b5c69391d737631d509064d7a73bdb9c5492"",""gasLimit"":""444763"",""gasPrice"":""270501750"",""transactionTarget"":""0x0000000000001fF3684f28c67538d4D072C22734"",""transactionValue"":""500000000000000"",""protectedOutput"":""122877355803757154177693"",""exactEnvelopePreserved"":true}","FIRM_VERIFIED","matrix","","","","",""
"2","5272840","0x612e0cBfA113127Ec1cfd2c1ABddCa9a9121E8E6","MONI","uniswap","3","0x2ca89520e03aa5a41e48146cf928fc462a6d5c7e","[{""protocol"":""uniswap"",""version"":3,""pool"":""0x2ca89520e03aa5a41e48146cf928fc462a6d5c7e""},{""protocol"":""uniswap"",""version"":4,""pool"":""0x044b99dbc9c1032eef7497487629f3e57a5757a30723720bb6e2ac7cfc61b264""},{""protocol"":""uniswap"",""version"":4,""pool"":""0x375c815ee0a155bb6c7fac47099bb7a934df6fb5b24ea11beb49d7f1da62f13e""},{""protocol"":""uniswap"",""version"":4,""pool"":""0x8fe6c20dc7847d02bdc638057b154cf560098b5ab3f38200568fff3f2084f58c""},{""protocol"":""uniswap"",""version"":4,""pool"":""0xc2a7585ba7b15acd40b9a8bccbd80772f9db5197ccf9ca1685b22fa1511e2054""}]","SELL","0x612e0cBfA113127Ec1cfd2c1ABddCa9a9121E8E6","0x0000000000000000000000000000000000000000","124106005255789469931216","0x1111111111111111111111111111111111111111","4663","zero-x-swap","25","0x612e0cBfA113127Ec1cfd2c1ABddCa9a9121E8E6","9900","10000","FIRM_RETURNED","ROUTABLE","","NOT_APPLICABLE","NO","310265013139473674828","NOT_RUN_INSUFFICIENT_BALANCE","indicative","476385923536150","{""sellAsset"":""0x612e0cbfa113127ec1cfd2c1abddca9a9121e8e6"",""buyAsset"":""0xeeeeeeeeeeeeeeeeeeeeeeeeeeeeeeeeeeeeeeee"",""sellAmount"":""124106005255789469931216"",""buyAmount"":""476385923536150"",""minBuyAmount"":""471662617934740"",""totalNetworkFee"":""118876085838000"",""integratorFee"":{""asset"":""0x612e0cbfa113127ec1cfd2c1abddca9a9121e8e6"",""amount"":""310265013139473674828"",""type"":""volume""},""zeroExFee"":{""asset"":""0xeeeeeeeeeeeeeeeeeeeeeeeeeeeeeeeeeeeeeeee"",""amount"":""715652363856"",""type"":""volume""},""gasFee"":null,""integratorFees"":[{""asset"":""0x612e0cbfa113127ec1cfd2c1abddca9a9121e8e6"",""amount"":""310265013139473674828"",""type"":""volume""}],""integratorFeesOverflow"":false}","0","476385923536150","471662617934740","471662617934740","true","0x0000000000001fF3684f28c67538d4D072C22734","0x0000000000001fF3684f28c67538d4D072C22734","0","0x681ad4c8b5ae9aa79b3702d897762b4e83065dfe9f159e4b06a8838bc26d5475","0x39b38686A19836Ac10162c490E4558e120CbBE5f","0xb6c0bf3b83bc9ae4f6ed65a4f5f6c188eb3e4258d8d3b3705dff4ac02ed4a966","0x99f5e8edaceacfdd183eb5f1da8a7757b322495b80cf7928db289a1b1a09f799","insufficient_balance","{""status"":""PASS"",""mode"":""ETH_CALL_EPHEMERAL_FUNDING"",""walletAuthority"":false,""blockNumber"":""57774426"",""blockHash"":""0xd090d1e841126a8ad80de6677e29586451e9077265a53b43cc8ca408c42f8340"",""balanceSlot"":""0xf043c50fe795c69f30b8ff78b84032dc53a9d87ca283ae10a1dacfbb648e83ef"",""allowanceSlot"":""0x8633cf2d93cf08d5beab4385c45958edebafa053650c03b0a14121e3dde9d80f"",""allowanceSpender"":""0x0000000000001fF3684f28c67538d4D072C22734"",""allowanceAtomic"":""124106005255789469931216"",""errorCode"":null,""errorSelector"":null,""calldataHash"":""0x681ad4c8b5ae9aa79b3702d897762b4e83065dfe9f159e4b06a8838bc26d5475"",""gasLimit"":""439308"",""gasPrice"":""270465750"",""transactionTarget"":""0x0000000000001fF3684f28c67538d4D072C22734"",""transactionValue"":""0"",""protectedOutput"":""471662617934740"",""exactEnvelopePreserved"":true}","FIRM_VERIFIED","matrix","","","","",""
"3","5272840","0x8Cd80C0e24D20c2081eb0234083C39a1c36eCdcc","VANTRA","uniswap","4","0x55a88af4c7d3b81d788328384eeb553319005184ec554b79ad92ef475b151649","[{""protocol"":""uniswap"",""version"":4,""pool"":""0x55a88af4c7d3b81d788328384eeb553319005184ec554b79ad92ef475b151649""}]","BUY","0x0000000000000000000000000000000000000000","0x8Cd80C0e24D20c2081eb0234083C39a1c36eCdcc","500000000000000","0x1111111111111111111111111111111111111111","4663","zero-x-swap","25","0x0000000000000000000000000000000000000000","9900","10000","FIRM_RETURNED","ROUTABLE","","NOT_APPLICABLE","NO","1250000000000","NOT_RUN_INSUFFICIENT_BALANCE","indicative","348861451573732731143203","{""sellAsset"":""0xeeeeeeeeeeeeeeeeeeeeeeeeeeeeeeeeeeeeeeee"",""buyAsset"":""0x8cd80c0e24d20c2081eb0234083c39a1c36ecdcc"",""sellAmount"":""500000000000000"",""buyAmount"":""348861451573732731143203"",""minBuyAmount"":""345407723203152777101714"",""totalNetworkFee"":""101368286223750"",""integratorFee"":{""asset"":""0xeeeeeeeeeeeeeeeeeeeeeeeeeeeeeeeeeeeeeeee"",""amount"":""1250000000000"",""type"":""volume""},""zeroExFee"":{""asset"":""0xeeeeeeeeeeeeeeeeeeeeeeeeeeeeeeeeeeeeeeee"",""amount"":""750000000000"",""type"":""volume""},""gasFee"":null,""integratorFees"":[{""asset"":""0xeeeeeeeeeeeeeeeeeeeeeeeeeeeeeeeeeeeeeeee"",""amount"":""1250000000000"",""type"":""volume""}],""integratorFeesOverflow"":false}","0","348861451573732731143203","345407723203152777101714","345407723203152777101714","true","","0x0000000000001fF3684f28c67538d4D072C22734","500000000000000","0x0c24ff18ee579e611a07a5978bf859e553f86c6a3bab6804f8540edcd0e10c7b","0x39b38686A19836Ac10162c490E4558e120CbBE5f","0xb6c0bf3b83bc9ae4f6ed65a4f5f6c188eb3e4258d8d3b3705dff4ac02ed4a966","0x99f5e8edaceacfdd183eb5f1da8a7757b322495b80cf7928db289a1b1a09f799","insufficient_balance","{""status"":""PASS"",""mode"":""ETH_CALL_EPHEMERAL_FUNDING"",""walletAuthority"":false,""blockNumber"":""57774446"",""blockHash"":""0xf97ed6ae94e7e43b84de53bdb0c27b6bfe82c84f45762b848f9f7fdaa815d704"",""errorCode"":null,""errorSelector"":null,""calldataHash"":""0x0c24ff18ee579e611a07a5978bf859e553f86c6a3bab6804f8540edcd0e10c7b"",""gasLimit"":""374829"",""gasPrice"":""270598500"",""transactionTarget"":""0x0000000000001fF3684f28c67538d4D072C22734"",""transactionValue"":""500000000000000"",""protectedOutput"":""345407723203152777101714"",""exactEnvelopePreserved"":true}","FIRM_VERIFIED","matrix","","","","",""
"3","5272840","0x8Cd80C0e24D20c2081eb0234083C39a1c36eCdcc","VANTRA","uniswap","4","0x55a88af4c7d3b81d788328384eeb553319005184ec554b79ad92ef475b151649","[{""protocol"":""uniswap"",""version"":4,""pool"":""0x55a88af4c7d3b81d788328384eeb553319005184ec554b79ad92ef475b151649""}]","SELL","0x8Cd80C0e24D20c2081eb0234083C39a1c36eCdcc","0x0000000000000000000000000000000000000000","348861451573732731143203","0x1111111111111111111111111111111111111111","4663","zero-x-swap","25","0x8Cd80C0e24D20c2081eb0234083C39a1c36eCdcc","9900","10000","no_route","NO_ROUTE","","NOT_APPLICABLE","NO","872153628934331827858","NOT_REACHED","no_route","","{""sellAsset"":null,""buyAsset"":null,""sellAmount"":null,""buyAmount"":null,""minBuyAmount"":null,""totalNetworkFee"":null,""integratorFee"":null,""zeroExFee"":null,""gasFee"":null,""integratorFees"":[],""integratorFeesOverflow"":false}","","","","","","","","","","","","","","","NO_ROUTE","matrix","","","","",""
"4","5272840","0x2Ac3C85721a27634a1da7113d6894E6AE392291E","ROOT","uniswap","2","0xa0dfb4cb06cf8d6409fdc9b254ed093d47f9275f","[{""protocol"":""uniswap"",""version"":2,""pool"":""0xa0dfb4cb06cf8d6409fdc9b254ed093d47f9275f""},{""protocol"":""uniswap"",""version"":4,""pool"":""0xd30b8486cfb096830a3adaa4472fcb99646f586bd9ad5a4eaac71c214f9250ad""}]","BUY","0x0000000000000000000000000000000000000000","0x2Ac3C85721a27634a1da7113d6894E6AE392291E","500000000000000","0x1111111111111111111111111111111111111111","4663","zero-x-swap","25","0x0000000000000000000000000000000000000000","9900","10000","FIRM_RETURNED","ROUTABLE","","NOT_APPLICABLE","NO","1250000000000","NOT_RUN_INSUFFICIENT_BALANCE","indicative","198874959966463651230421","{""sellAsset"":""0xeeeeeeeeeeeeeeeeeeeeeeeeeeeeeeeeeeeeeeee"",""buyAsset"":""0x2ac3c85721a27634a1da7113d6894e6ae392291e"",""sellAmount"":""500000000000000"",""buyAmount"":""198874959966463651230421"",""minBuyAmount"":""196906097862795661082823"",""totalNetworkFee"":""187526113492500"",""integratorFee"":{""asset"":""0xeeeeeeeeeeeeeeeeeeeeeeeeeeeeeeeeeeeeeeee"",""amount"":""1250000000000"",""type"":""volume""},""zeroExFee"":{""asset"":""0xeeeeeeeeeeeeeeeeeeeeeeeeeeeeeeeeeeeeeeee"",""amount"":""750000000000"",""type"":""volume""},""gasFee"":null,""integratorFees"":[{""asset"":""0xeeeeeeeeeeeeeeeeeeeeeeeeeeeeeeeeeeeeeeee"",""amount"":""1250000000000"",""type"":""volume""}],""integratorFeesOverflow"":false}","0","198874959966463651230421","196906097862795661082823","196906097862795661082823","true","","0x0000000000001fF3684f28c67538d4D072C22734","500000000000000","0xecbcd0da16f5d7c8445c9c427c7e919a2d5eb82c79b65d4de3ab5c7d346b55cb","0x39b38686A19836Ac10162c490E4558e120CbBE5f","0xb6c0bf3b83bc9ae4f6ed65a4f5f6c188eb3e4258d8d3b3705dff4ac02ed4a966","0x99f5e8edaceacfdd183eb5f1da8a7757b322495b80cf7928db289a1b1a09f799","insufficient_balance","{""status"":""PASS"",""mode"":""ETH_CALL_EPHEMERAL_FUNDING"",""walletAuthority"":false,""blockNumber"":""57774456"",""blockHash"":""0x1615a02eabc1e9b3ba7248293cd7558adaf07be07a3c633493210a8b128aff0f"",""errorCode"":null,""errorSelector"":null,""calldataHash"":""0xecbcd0da16f5d7c8445c9c427c7e919a2d5eb82c79b65d4de3ab5c7d346b55cb"",""gasLimit"":""693005"",""gasPrice"":""270438750"",""transactionTarget"":""0x0000000000001fF3684f28c67538d4D072C22734"",""transactionValue"":""500000000000000"",""protectedOutput"":""196906097862795661082823"",""exactEnvelopePreserved"":true}","FIRM_VERIFIED","matrix","","","","",""
"4","5272840","0x2Ac3C85721a27634a1da7113d6894E6AE392291E","ROOT","uniswap","2","0xa0dfb4cb06cf8d6409fdc9b254ed093d47f9275f","[{""protocol"":""uniswap"",""version"":2,""pool"":""0xa0dfb4cb06cf8d6409fdc9b254ed093d47f9275f""},{""protocol"":""uniswap"",""version"":4,""pool"":""0xd30b8486cfb096830a3adaa4472fcb99646f586bd9ad5a4eaac71c214f9250ad""}]","SELL","0x2Ac3C85721a27634a1da7113d6894E6AE392291E","0x0000000000000000000000000000000000000000","198874959966463651230421","0x1111111111111111111111111111111111111111","4663","zero-x-swap","25","0x2Ac3C85721a27634a1da7113d6894E6AE392291E","9900","10000","no_route","NO_ROUTE","","NOT_APPLICABLE","NO","497187399916159128076","NOT_REACHED","no_route","","{""sellAsset"":null,""buyAsset"":null,""sellAmount"":null,""buyAmount"":null,""minBuyAmount"":null,""totalNetworkFee"":null,""integratorFee"":null,""zeroExFee"":null,""gasFee"":null,""integratorFees"":[],""integratorFeesOverflow"":false}","","","","","","","","","","","","","","","NO_ROUTE","matrix","","","","",""
"5","5272840","0x4f30C9e39a72c432e115f8c9EDFb0F984048C155","のリス","uniswap","3","0x67fff4924a13d5ee7e9389acd4f9e4c439357855","[{""protocol"":""uniswap"",""version"":3,""pool"":""0x67fff4924a13d5ee7e9389acd4f9e4c439357855""}]","BUY","0x0000000000000000000000000000000000000000","0x4f30C9e39a72c432e115f8c9EDFb0F984048C155","500000000000000","0x1111111111111111111111111111111111111111","4663","zero-x-swap","25","0x0000000000000000000000000000000000000000","9900","10000","no_route","NO_ROUTE","","NOT_APPLICABLE","NO","1250000000000","NOT_REACHED","no_route","","{""sellAsset"":null,""buyAsset"":null,""sellAmount"":null,""buyAmount"":null,""minBuyAmount"":null,""totalNetworkFee"":null,""integratorFee"":null,""zeroExFee"":null,""gasFee"":null,""integratorFees"":[],""integratorFeesOverflow"":false}","","","","","","","","","","","","","","","NO_ROUTE","matrix","","","","",""
"5","5272840","0x4f30C9e39a72c432e115f8c9EDFb0F984048C155","のリス","uniswap","3","0x67fff4924a13d5ee7e9389acd4f9e4c439357855","[{""protocol"":""uniswap"",""version"":3,""pool"":""0x67fff4924a13d5ee7e9389acd4f9e4c439357855""}]","SELL","0x4f30C9e39a72c432e115f8c9EDFb0F984048C155","0x0000000000000000000000000000000000000000","1000000000000000000","0x1111111111111111111111111111111111111111","4663","zero-x-swap","25","0x4f30C9e39a72c432e115f8c9EDFb0F984048C155","9900","10000","no_route","NO_ROUTE","","NOT_APPLICABLE","NO","2500000000000000","NOT_REACHED","no_route","","{""sellAsset"":null,""buyAsset"":null,""sellAmount"":null,""buyAmount"":null,""minBuyAmount"":null,""totalNetworkFee"":null,""integratorFee"":null,""zeroExFee"":null,""gasFee"":null,""integratorFees"":[],""integratorFeesOverflow"":false}","","","","","","","","","","","","","","","NO_ROUTE","matrix","","","","",""
"6","5272840","0x34f7D072c2Fd4Dda663B4546CA2e22605Dd31E18","TSGOV","uniswap","4","0xb31b1ac77571cc872a30237a0c84edb52df0f44b52478ce7ab39f7b6a0ee424c","[{""protocol"":""uniswap"",""version"":4,""pool"":""0xb31b1ac77571cc872a30237a0c84edb52df0f44b52478ce7ab39f7b6a0ee424c""}]","BUY","0x0000000000000000000000000000000000000000","0x34f7D072c2Fd4Dda663B4546CA2e22605Dd31E18","500000000000000","0x1111111111111111111111111111111111111111","4663","zero-x-swap","25","0x0000000000000000000000000000000000000000","9900","10000","FIRM_RETURNED","ROUTABLE","","NOT_APPLICABLE","NO","1250000000000","NOT_RUN_INSUFFICIENT_BALANCE","indicative","59727714718112217800469","{""sellAsset"":""0xeeeeeeeeeeeeeeeeeeeeeeeeeeeeeeeeeeeeeeee"",""buyAsset"":""0x34f7d072c2fd4dda663b4546ca2e22605dd31e18"",""sellAmount"":""500000000000000"",""buyAmount"":""59727714718112217800469"",""minBuyAmount"":""59136410342402906843780"",""totalNetworkFee"":""346072240273500"",""integratorFee"":{""asset"":""0xeeeeeeeeeeeeeeeeeeeeeeeeeeeeeeeeeeeeeeee"",""amount"":""1250000000000"",""type"":""volume""},""zeroExFee"":{""asset"":""0xeeeeeeeeeeeeeeeeeeeeeeeeeeeeeeeeeeeeeeee"",""amount"":""750000000000"",""type"":""volume""},""gasFee"":null,""integratorFees"":[{""asset"":""0xeeeeeeeeeeeeeeeeeeeeeeeeeeeeeeeeeeeeeeee"",""amount"":""1250000000000"",""type"":""volume""}],""integratorFeesOverflow"":false}","0","59727714718112217800469","59136410342402906843780","59136410342402906843780","true","","0x0000000000001fF3684f28c67538d4D072C22734","500000000000000","0x21d6755ed9cd9bdea493016018c1c7d18e0a818888386f1ba9853c7ba86a748c","0x39b38686A19836Ac10162c490E4558e120CbBE5f","0xb6c0bf3b83bc9ae4f6ed65a4f5f6c188eb3e4258d8d3b3705dff4ac02ed4a966","0x99f5e8edaceacfdd183eb5f1da8a7757b322495b80cf7928db289a1b1a09f799","insufficient_balance","{""status"":""PASS"",""mode"":""ETH_CALL_EPHEMERAL_FUNDING"",""walletAuthority"":false,""blockNumber"":""57774516"",""blockHash"":""0x795ecff098bae9761ca011107d332766f7009d78aeec511aa8f2f2b6b49afb99"",""errorCode"":null,""errorSelector"":null,""calldataHash"":""0x21d6755ed9cd9bdea493016018c1c7d18e0a818888386f1ba9853c7ba86a748c"",""gasLimit"":""1277979"",""gasPrice"":""270796500"",""transactionTarget"":""0x0000000000001fF3684f28c67538d4D072C22734"",""transactionValue"":""500000000000000"",""protectedOutput"":""59136410342402906843780"",""exactEnvelopePreserved"":true}","FIRM_VERIFIED","matrix","","","","",""
"6","5272840","0x34f7D072c2Fd4Dda663B4546CA2e22605Dd31E18","TSGOV","uniswap","4","0xb31b1ac77571cc872a30237a0c84edb52df0f44b52478ce7ab39f7b6a0ee424c","[{""protocol"":""uniswap"",""version"":4,""pool"":""0xb31b1ac77571cc872a30237a0c84edb52df0f44b52478ce7ab39f7b6a0ee424c""}]","SELL","0x34f7D072c2Fd4Dda663B4546CA2e22605Dd31E18","0x0000000000000000000000000000000000000000","59727714718112217800469","0x1111111111111111111111111111111111111111","4663","zero-x-swap","25","0x34f7D072c2Fd4Dda663B4546CA2e22605Dd31E18","9900","10000","FIRM_RETURNED","ROUTABLE","","NOT_APPLICABLE","NO","149319286795280544501","NOT_RUN_INSUFFICIENT_BALANCE","indicative","471621609403160","{""sellAsset"":""0x34f7d072c2fd4dda663b4546ca2e22605dd31e18"",""buyAsset"":""0xeeeeeeeeeeeeeeeeeeeeeeeeeeeeeeeeeeeeeeee"",""sellAmount"":""59727714718112217800469"",""buyAmount"":""471621609403160"",""minBuyAmount"":""466945541368016"",""totalNetworkFee"":""349279012426500"",""integratorFee"":{""asset"":""0x34f7d072c2fd4dda663b4546ca2e22605dd31e18"",""amount"":""149319286795280544501"",""type"":""volume""},""zeroExFee"":{""asset"":""0xeeeeeeeeeeeeeeeeeeeeeeeeeeeeeeeeeeeeeeee"",""amount"":""708495156850"",""type"":""volume""},""gasFee"":null,""integratorFees"":[{""asset"":""0x34f7d072c2fd4dda663b4546ca2e22605dd31e18"",""amount"":""149319286795280544501"",""type"":""volume""}],""integratorFeesOverflow"":false}","0","471621609403160","466945541368016","466945541368016","true","0x0000000000001fF3684f28c67538d4D072C22734","0x0000000000001fF3684f28c67538d4D072C22734","0","0xcf802eda813a3f88a9efe2372c46dac1e2aff2ee780c2a2a2180b8c686f8ba1f","0x39b38686A19836Ac10162c490E4558e120CbBE5f","0xb6c0bf3b83bc9ae4f6ed65a4f5f6c188eb3e4258d8d3b3705dff4ac02ed4a966","0x99f5e8edaceacfdd183eb5f1da8a7757b322495b80cf7928db289a1b1a09f799","insufficient_balance","{""status"":""UNSUPPORTED_TOKEN_STORAGE_LAYOUT"",""mode"":""ETH_CALL_EPHEMERAL_FUNDING"",""walletAuthority"":false,""blockNumber"":""57774526"",""blockHash"":""0xfd14087a5ae36472f2e9829d96840414e54615b6cd849802e3c7024bab25a685""}","FIRM_VERIFIED","matrix","","","","",""
"7","5272840","0xaAD89c89DD8515074ee544E4dEcD772927F31D67","P1SUN","uniswap","2","0xf2f5eea5ab0e156d2743b0572d52e7f0cc6bcd12","[{""protocol"":""uniswap"",""version"":2,""pool"":""0xf2f5eea5ab0e156d2743b0572d52e7f0cc6bcd12""}]","BUY","0x0000000000000000000000000000000000000000","0xaAD89c89DD8515074ee544E4dEcD772927F31D67","500000000000000","0x1111111111111111111111111111111111111111","4663","zero-x-swap","25","0x0000000000000000000000000000000000000000","9900","10000","FIRM_RETURNED","ROUTABLE","","NOT_APPLICABLE","NO","1250000000000","NOT_RUN_INSUFFICIENT_BALANCE","indicative","1213020659833900666923","{""sellAsset"":""0xeeeeeeeeeeeeeeeeeeeeeeeeeeeeeeeeeeeeeeee"",""buyAsset"":""0xaad89c89dd8515074ee544e4decd772927f31d67"",""sellAmount"":""500000000000000"",""buyAmount"":""1213020659833900666923"",""minBuyAmount"":""1201011755301545043466"",""totalNetworkFee"":""84187569483000"",""integratorFee"":{""asset"":""0xeeeeeeeeeeeeeeeeeeeeeeeeeeeeeeeeeeeeeeee"",""amount"":""1250000000000"",""type"":""volume""},""zeroExFee"":{""asset"":""0xeeeeeeeeeeeeeeeeeeeeeeeeeeeeeeeeeeeeeeee"",""amount"":""750000000000"",""type"":""volume""},""gasFee"":null,""integratorFees"":[{""asset"":""0xeeeeeeeeeeeeeeeeeeeeeeeeeeeeeeeeeeeeeeee"",""amount"":""1250000000000"",""type"":""volume""}],""integratorFeesOverflow"":false}","0","1213020659833900666923","1201011755301545043466","1201011755301545043466","true","","0x0000000000001fF3684f28c67538d4D072C22734","500000000000000","0x6461179b2612c3e286b8890b81cbc87891b933def12f6278f9a2fc31fcb0185d","0x39b38686A19836Ac10162c490E4558e120CbBE5f","0xb6c0bf3b83bc9ae4f6ed65a4f5f6c188eb3e4258d8d3b3705dff4ac02ed4a966","0x99f5e8edaceacfdd183eb5f1da8a7757b322495b80cf7928db289a1b1a09f799","insufficient_balance","{""status"":""PASS"",""mode"":""ETH_CALL_EPHEMERAL_FUNDING"",""walletAuthority"":false,""blockNumber"":""57774561"",""blockHash"":""0x627d1626d2cea99b6f1428701600de901221975f79c14632c7a8b522bc9570b4"",""errorCode"":null,""errorSelector"":null,""calldataHash"":""0x6461179b2612c3e286b8890b81cbc87891b933def12f6278f9a2fc31fcb0185d"",""gasLimit"":""312342"",""gasPrice"":""272065500"",""transactionTarget"":""0x0000000000001fF3684f28c67538d4D072C22734"",""transactionValue"":""500000000000000"",""protectedOutput"":""1201011755301545043466"",""exactEnvelopePreserved"":true}","FIRM_VERIFIED","matrix","","","","",""
"7","5272840","0xaAD89c89DD8515074ee544E4dEcD772927F31D67","P1SUN","uniswap","2","0xf2f5eea5ab0e156d2743b0572d52e7f0cc6bcd12","[{""protocol"":""uniswap"",""version"":2,""pool"":""0xf2f5eea5ab0e156d2743b0572d52e7f0cc6bcd12""}]","SELL","0xaAD89c89DD8515074ee544E4dEcD772927F31D67","0x0000000000000000000000000000000000000000","1213020659833900666923","0x1111111111111111111111111111111111111111","4663","zero-x-swap","25","0xaAD89c89DD8515074ee544E4dEcD772927F31D67","9900","10000","FIRM_RETURNED","ROUTABLE","","NOT_APPLICABLE","NO","3032551649584751667","NOT_RUN_INSUFFICIENT_BALANCE","indicative","469779274087615","{""sellAsset"":""0xaad89c89dd8515074ee544e4decd772927f31d67"",""buyAsset"":""0xeeeeeeeeeeeeeeeeeeeeeeeeeeeeeeeeeeeeeeee"",""sellAmount"":""1213020659833900666923"",""buyAmount"":""469779274087615"",""minBuyAmount"":""465121472571874"",""totalNetworkFee"":""84251988706500"",""integratorFee"":{""asset"":""0xaad89c89dd8515074ee544e4decd772927f31d67"",""amount"":""3032551649584751667"",""type"":""volume""},""zeroExFee"":{""asset"":""0xeeeeeeeeeeeeeeeeeeeeeeeeeeeeeeeeeeeeeeee"",""amount"":""705727502393"",""type"":""volume""},""gasFee"":null,""integratorFees"":[{""asset"":""0xaad89c89dd8515074ee544e4decd772927f31d67"",""amount"":""3032551649584751667"",""type"":""volume""}],""integratorFeesOverflow"":false}","0","469779274087615","465121472571874","465121472571874","true","0x0000000000001fF3684f28c67538d4D072C22734","0x0000000000001fF3684f28c67538d4D072C22734","0","0x2960ea69a0285da90ea61048491f84e18b4bdcf2cf9005a9ec739167e013dc9b","0x39b38686A19836Ac10162c490E4558e120CbBE5f","0xb6c0bf3b83bc9ae4f6ed65a4f5f6c188eb3e4258d8d3b3705dff4ac02ed4a966","0x99f5e8edaceacfdd183eb5f1da8a7757b322495b80cf7928db289a1b1a09f799","insufficient_balance","{""status"":""PASS"",""mode"":""ETH_CALL_EPHEMERAL_FUNDING"",""walletAuthority"":false,""blockNumber"":""57774571"",""blockHash"":""0x03fecbd177a17fee4d990e6e65ab74eaddc10706e2f318c903b55a6ddc9c20b7"",""balanceSlot"":""0xb7343549a9536f391671c3050c66deb1af0f3ede9688eb847b30447e55d6285a"",""allowanceSlot"":""0x626bfc13399720a313c8b8b6eb200c8cdf08a940d839d7727907e032402ec1fa"",""allowanceSpender"":""0x0000000000001fF3684f28c67538d4D072C22734"",""allowanceAtomic"":""1213020659833900666923"",""errorCode"":null,""errorSelector"":null,""calldataHash"":""0x2960ea69a0285da90ea61048491f84e18b4bdcf2cf9005a9ec739167e013dc9b"",""gasLimit"":""312581"",""gasPrice"":""272065500"",""transactionTarget"":""0x0000000000001fF3684f28c67538d4D072C22734"",""transactionValue"":""0"",""protectedOutput"":""465121472571874"",""exactEnvelopePreserved"":true}","FIRM_VERIFIED","matrix","","","","",""
"8","5272840","0x372489438B64dbd4bC70478f8345382A7A9a4045","CRUMBS","uniswap","3","0x30240c6e8a569ffc187dafc8efacf25d23396c4a","[{""protocol"":""uniswap"",""version"":3,""pool"":""0x30240c6e8a569ffc187dafc8efacf25d23396c4a""}]","BUY","0x0000000000000000000000000000000000000000","0x372489438B64dbd4bC70478f8345382A7A9a4045","500000000000000","0x1111111111111111111111111111111111111111","4663","zero-x-swap","25","0x0000000000000000000000000000000000000000","9900","10000","no_route","NO_ROUTE","","NOT_APPLICABLE","NO","1250000000000","NOT_REACHED","no_route","","{""sellAsset"":null,""buyAsset"":null,""sellAmount"":null,""buyAmount"":null,""minBuyAmount"":null,""totalNetworkFee"":null,""integratorFee"":null,""zeroExFee"":null,""gasFee"":null,""integratorFees"":[],""integratorFeesOverflow"":false}","","","","","","","","","","","","","","","NO_ROUTE","matrix","","","","",""
"8","5272840","0x372489438B64dbd4bC70478f8345382A7A9a4045","CRUMBS","uniswap","3","0x30240c6e8a569ffc187dafc8efacf25d23396c4a","[{""protocol"":""uniswap"",""version"":3,""pool"":""0x30240c6e8a569ffc187dafc8efacf25d23396c4a""}]","SELL","0x372489438B64dbd4bC70478f8345382A7A9a4045","0x0000000000000000000000000000000000000000","1000000000000000000","0x1111111111111111111111111111111111111111","4663","zero-x-swap","25","0x372489438B64dbd4bC70478f8345382A7A9a4045","9900","10000","no_route","NO_ROUTE","","NOT_APPLICABLE","NO","2500000000000000","NOT_REACHED","no_route","","{""sellAsset"":null,""buyAsset"":null,""sellAmount"":null,""buyAmount"":null,""minBuyAmount"":null,""totalNetworkFee"":null,""integratorFee"":null,""zeroExFee"":null,""gasFee"":null,""integratorFees"":[],""integratorFeesOverflow"":false}","","","","","","","","","","","","","","","NO_ROUTE","matrix","","","","",""
"9","5272840","0x44CdDBcd2f51FA0e174e02547f3DcC55b620Fd01","STRATEGY","uniswap","4","0x0627885f897e5c62874d81f0eb9c18a2cb4065c40462e6d0b43599223ec8f079","[{""protocol"":""uniswap"",""version"":4,""pool"":""0x0627885f897e5c62874d81f0eb9c18a2cb4065c40462e6d0b43599223ec8f079""}]","BUY","0x0000000000000000000000000000000000000000","0x44CdDBcd2f51FA0e174e02547f3DcC55b620Fd01","500000000000000","0x1111111111111111111111111111111111111111","4663","zero-x-swap","25","0x0000000000000000000000000000000000000000","9900","10000","FIRM_RETURNED","ROUTABLE","","NOT_APPLICABLE","NO","1250000000000","NOT_RUN_INSUFFICIENT_BALANCE","indicative","276496883386451892535687","{""sellAsset"":""0xeeeeeeeeeeeeeeeeeeeeeeeeeeeeeeeeeeeeeeee"",""buyAsset"":""0x44cddbcd2f51fa0e174e02547f3dcc55b620fd01"",""sellAmount"":""500000000000000"",""buyAmount"":""276496883386451892535687"",""minBuyAmount"":""273759564240926018793953"",""totalNetworkFee"":""156382311240000"",""integratorFee"":{""asset"":""0xeeeeeeeeeeeeeeeeeeeeeeeeeeeeeeeeeeeeeeee"",""amount"":""1250000000000"",""type"":""volume""},""zeroExFee"":{""asset"":""0xeeeeeeeeeeeeeeeeeeeeeeeeeeeeeeeeeeeeeeee"",""amount"":""750000000000"",""type"":""volume""},""gasFee"":null,""integratorFees"":[{""asset"":""0xeeeeeeeeeeeeeeeeeeeeeeeeeeeeeeeeeeeeeeee"",""amount"":""1250000000000"",""type"":""volume""}],""integratorFeesOverflow"":false}","0","276496883386451892535687","273759564240926018793953","273759564240926018793953","true","","0x0000000000001fF3684f28c67538d4D072C22734","500000000000000","0xf4f02bdc623f0e549e9c4dac5d193cbbaecab5b3d4343d3bca2ae6d32c1b0d04","0x39b38686A19836Ac10162c490E4558e120CbBE5f","0xb6c0bf3b83bc9ae4f6ed65a4f5f6c188eb3e4258d8d3b3705dff4ac02ed4a966","0x99f5e8edaceacfdd183eb5f1da8a7757b322495b80cf7928db289a1b1a09f799","insufficient_balance","{""status"":""PASS"",""mode"":""ETH_CALL_EPHEMERAL_FUNDING"",""walletAuthority"":false,""blockNumber"":""57774606"",""blockHash"":""0xd21ad8e574990b4fb28c7cf92c117ad4f63031c2c6517b6a15651688916bca40"",""errorCode"":null,""errorSelector"":null,""calldataHash"":""0xf4f02bdc623f0e549e9c4dac5d193cbbaecab5b3d4343d3bca2ae6d32c1b0d04"",""gasLimit"":""574445"",""gasPrice"":""271937250"",""transactionTarget"":""0x0000000000001fF3684f28c67538d4D072C22734"",""transactionValue"":""500000000000000"",""protectedOutput"":""273759564240926018793953"",""exactEnvelopePreserved"":true}","FIRM_VERIFIED","matrix","","","","",""
"9","5272840","0x44CdDBcd2f51FA0e174e02547f3DcC55b620Fd01","STRATEGY","uniswap","4","0x0627885f897e5c62874d81f0eb9c18a2cb4065c40462e6d0b43599223ec8f079","[{""protocol"":""uniswap"",""version"":4,""pool"":""0x0627885f897e5c62874d81f0eb9c18a2cb4065c40462e6d0b43599223ec8f079""}]","SELL","0x44CdDBcd2f51FA0e174e02547f3DcC55b620Fd01","0x0000000000000000000000000000000000000000","276496883386451892535687","0x1111111111111111111111111111111111111111","4663","zero-x-swap","25","0x44CdDBcd2f51FA0e174e02547f3DcC55b620Fd01","9900","10000","temporarily_unavailable","PROVIDER_UNAVAILABLE","","NOT_APPLICABLE","NO","691242208466129731339","NOT_REACHED","temporarily_unavailable","","","","","","","","","","","","","","","","","PROVIDER_UNAVAILABLE","matrix","","","","",""
"10","5272840","0x94f0f1F47c74d2Cb944745253B12AD29b97b0256","STOCKCRAFT","uniswap","2","0x597c27f4ebdc02ed67431167ef3a92912d12558c","[{""protocol"":""uniswap"",""version"":2,""pool"":""0x597c27f4ebdc02ed67431167ef3a92912d12558c""}]","BUY","0x0000000000000000000000000000000000000000","0x94f0f1F47c74d2Cb944745253B12AD29b97b0256","500000000000000","0x1111111111111111111111111111111111111111","4663","zero-x-swap","25","0x0000000000000000000000000000000000000000","9900","10000","FIRM_RETURNED","ROUTABLE","","NOT_APPLICABLE","NO","1250000000000","NOT_RUN_INSUFFICIENT_BALANCE","indicative","54936568511707008732626","{""sellAsset"":""0xeeeeeeeeeeeeeeeeeeeeeeeeeeeeeeeeeeeeeeee"",""buyAsset"":""0x94f0f1f47c74d2cb944745253b12ad29b97b0256"",""sellAmount"":""500000000000000"",""buyAmount"":""54936568511707008732626"",""minBuyAmount"":""54392696483441109343573"",""totalNetworkFee"":""84602083104000"",""integratorFee"":{""asset"":""0xeeeeeeeeeeeeeeeeeeeeeeeeeeeeeeeeeeeeeeee"",""amount"":""1250000000000"",""type"":""volume""},""zeroExFee"":{""asset"":""0xeeeeeeeeeeeeeeeeeeeeeeeeeeeeeeeeeeeeeeee"",""amount"":""750000000000"",""type"":""volume""},""gasFee"":null,""integratorFees"":[{""asset"":""0xeeeeeeeeeeeeeeeeeeeeeeeeeeeeeeeeeeeeeeee"",""amount"":""1250000000000"",""type"":""volume""}],""integratorFeesOverflow"":false}","0","54936568511707008732626","54392696483441109343573","54392696483441109343573","true","","0x0000000000001fF3684f28c67538d4D072C22734","500000000000000","0x115d9764d14895522dbf73936123007da279e416b73601879bb369e4c9d6eebf","0x39b38686A19836Ac10162c490E4558e120CbBE5f","0xb6c0bf3b83bc9ae4f6ed65a4f5f6c188eb3e4258d8d3b3705dff4ac02ed4a966","0x99f5e8edaceacfdd183eb5f1da8a7757b322495b80cf7928db289a1b1a09f799","insufficient_balance","{""status"":""PASS"",""mode"":""ETH_CALL_EPHEMERAL_FUNDING"",""walletAuthority"":false,""blockNumber"":""57774636"",""blockHash"":""0xf48d0883fbcaec0dce8644c5894353bf1a8e4afcd3b6797d6113b3fb0fbd1cdd"",""errorCode"":null,""errorSelector"":null,""calldataHash"":""0x115d9764d14895522dbf73936123007da279e416b73601879bb369e4c9d6eebf"",""gasLimit"":""310772"",""gasPrice"":""273784500"",""transactionTarget"":""0x0000000000001fF3684f28c67538d4D072C22734"",""transactionValue"":""500000000000000"",""protectedOutput"":""54392696483441109343573"",""exactEnvelopePreserved"":true}","FIRM_VERIFIED","matrix","","","","",""
"10","5272840","0x94f0f1F47c74d2Cb944745253B12AD29b97b0256","STOCKCRAFT","uniswap","2","0x597c27f4ebdc02ed67431167ef3a92912d12558c","[{""protocol"":""uniswap"",""version"":2,""pool"":""0x597c27f4ebdc02ed67431167ef3a92912d12558c""}]","SELL","0x94f0f1F47c74d2Cb944745253B12AD29b97b0256","0x0000000000000000000000000000000000000000","54936568511707008732626","0x1111111111111111111111111111111111111111","4663","zero-x-swap","25","0x94f0f1F47c74d2Cb944745253B12AD29b97b0256","9900","10000","FIRM_RETURNED","ROUTABLE","","NOT_APPLICABLE","NO","137341421279267521832","NOT_RUN_INSUFFICIENT_BALANCE","indicative","627920174795","{""sellAsset"":""0x94f0f1f47c74d2cb944745253b12ad29b97b0256"",""buyAsset"":""0xeeeeeeeeeeeeeeeeeeeeeeeeeeeeeeeeeeeeeeee"",""sellAmount"":""54936568511707008732626"",""buyAmount"":""627920174795"",""minBuyAmount"":""621694426442"",""totalNetworkFee"":""85297908096000"",""integratorFee"":{""asset"":""0x94f0f1f47c74d2cb944745253b12ad29b97b0256"",""amount"":""137341421279267521832"",""type"":""volume""},""zeroExFee"":{""asset"":""0xeeeeeeeeeeeeeeeeeeeeeeeeeeeeeeeeeeeeeeee"",""amount"":""943295212"",""type"":""volume""},""gasFee"":null,""integratorFees"":[{""asset"":""0x94f0f1f47c74d2cb944745253b12ad29b97b0256"",""amount"":""137341421279267521832"",""type"":""volume""}],""integratorFeesOverflow"":false}","0","627920174795","621694426442","621694426442","true","0x0000000000001fF3684f28c67538d4D072C22734","0x0000000000001fF3684f28c67538d4D072C22734","0","0xedcc563d7ab906a4b8a97aaa2f12b82c1a61434c7080659ca63af491cb422565","0x39b38686A19836Ac10162c490E4558e120CbBE5f","0xb6c0bf3b83bc9ae4f6ed65a4f5f6c188eb3e4258d8d3b3705dff4ac02ed4a966","0x99f5e8edaceacfdd183eb5f1da8a7757b322495b80cf7928db289a1b1a09f799","insufficient_balance","{""status"":""PASS"",""mode"":""ETH_CALL_EPHEMERAL_FUNDING"",""walletAuthority"":false,""blockNumber"":""57774646"",""blockHash"":""0x7879253c889700f83b9c3f0481a81fb27bb5044bedd0c17fd8c3d1f984269780"",""balanceSlot"":""0xfc40ea33816453f766ebc0872d4b5152b468882abe7b6b35528069db4d6e41c4"",""allowanceSlot"":""0xff5ad6a19694d8c773fd8fb371e835b382d754cc0dd437b4bb885a14b6521290"",""allowanceSpender"":""0x0000000000001fF3684f28c67538d4D072C22734"",""allowanceAtomic"":""54936568511707008732626"",""errorCode"":null,""errorSelector"":null,""calldataHash"":""0xedcc563d7ab906a4b8a97aaa2f12b82c1a61434c7080659ca63af491cb422565"",""gasLimit"":""313328"",""gasPrice"":""272232000"",""transactionTarget"":""0x0000000000001fF3684f28c67538d4D072C22734"",""transactionValue"":""0"",""protectedOutput"":""621694426442"",""exactEnvelopePreserved"":true}","FIRM_VERIFIED","matrix","","","","",""
"11","5272840","0xBD0fD22F59B4C59cb49496976789A4ab4abeb218","CDOGE","uniswap","3","0x959509169222af2ade64d1e238c5fc25e1678a03","[{""protocol"":""uniswap"",""version"":3,""pool"":""0x959509169222af2ade64d1e238c5fc25e1678a03""}]","BUY","0x0000000000000000000000000000000000000000","0xBD0fD22F59B4C59cb49496976789A4ab4abeb218","500000000000000","0x1111111111111111111111111111111111111111","4663","zero-x-swap","25","0x0000000000000000000000000000000000000000","9900","10000","FIRM_RETURNED","ROUTABLE","","NOT_APPLICABLE","NO","1250000000000","NOT_RUN_INSUFFICIENT_BALANCE","indicative","362221445883892952833409","{""sellAsset"":""0xeeeeeeeeeeeeeeeeeeeeeeeeeeeeeeeeeeeeeeee"",""buyAsset"":""0xbd0fd22f59b4c59cb49496976789a4ab4abeb218"",""sellAmount"":""500000000000000"",""buyAmount"":""362221445883892952833409"",""minBuyAmount"":""358635453569642412596983"",""totalNetworkFee"":""88973242458750"",""integratorFee"":{""asset"":""0xeeeeeeeeeeeeeeeeeeeeeeeeeeeeeeeeeeeeeeee"",""amount"":""1250000000000"",""type"":""volume""},""zeroExFee"":{""asset"":""0xeeeeeeeeeeeeeeeeeeeeeeeeeeeeeeeeeeeeeeee"",""amount"":""750000000000"",""type"":""volume""},""gasFee"":null,""integratorFees"":[{""asset"":""0xeeeeeeeeeeeeeeeeeeeeeeeeeeeeeeeeeeeeeeee"",""amount"":""1250000000000"",""type"":""volume""}],""integratorFeesOverflow"":false}","0","362221445883892952833409","358635453569642412596983","358635453569642412596983","true","","0x0000000000001fF3684f28c67538d4D072C22734","500000000000000","0x42ec4d2fa4091adc1407cdacb9d7b14bf51c577a98fb40ab1a1a8c9ed9ee0270","0x39b38686A19836Ac10162c490E4558e120CbBE5f","0xb6c0bf3b83bc9ae4f6ed65a4f5f6c188eb3e4258d8d3b3705dff4ac02ed4a966","0x99f5e8edaceacfdd183eb5f1da8a7757b322495b80cf7928db289a1b1a09f799","insufficient_balance","{""status"":""PASS"",""mode"":""ETH_CALL_EPHEMERAL_FUNDING"",""walletAuthority"":false,""blockNumber"":""57774696"",""blockHash"":""0xc366a0dad88e1eb676622b8fec16f53f3c15eec319478eeb6cf486d78a9fceb8"",""errorCode"":null,""errorSelector"":null,""calldataHash"":""0x42ec4d2fa4091adc1407cdacb9d7b14bf51c577a98fb40ab1a1a8c9ed9ee0270"",""gasLimit"":""329395"",""gasPrice"":""270711000"",""transactionTarget"":""0x0000000000001fF3684f28c67538d4D072C22734"",""transactionValue"":""500000000000000"",""protectedOutput"":""358635453569642412596983"",""exactEnvelopePreserved"":true}","FIRM_VERIFIED","matrix","","","","",""
"11","5272840","0xBD0fD22F59B4C59cb49496976789A4ab4abeb218","CDOGE","uniswap","3","0x959509169222af2ade64d1e238c5fc25e1678a03","[{""protocol"":""uniswap"",""version"":3,""pool"":""0x959509169222af2ade64d1e238c5fc25e1678a03""}]","SELL","0xBD0fD22F59B4C59cb49496976789A4ab4abeb218","0x0000000000000000000000000000000000000000","362221445883892952833409","0x1111111111111111111111111111111111111111","4663","zero-x-swap","25","0xBD0fD22F59B4C59cb49496976789A4ab4abeb218","9900","10000","FIRM_RETURNED","ROUTABLE","","NOT_APPLICABLE","NO","905553614709732382084","NOT_RUN_INSUFFICIENT_BALANCE","indicative","485790603384060","{""sellAsset"":""0xbd0fd22f59b4c59cb49496976789a4ab4abeb218"",""buyAsset"":""0xeeeeeeeeeeeeeeeeeeeeeeeeeeeeeeeeeeeeeeee"",""sellAmount"":""362221445883892952833409"",""buyAmount"":""485790603384060"",""minBuyAmount"":""480974051582856"",""totalNetworkFee"":""94319086398750"",""integratorFee"":{""asset"":""0xbd0fd22f59b4c59cb49496976789a4ab4abeb218"",""amount"":""905553614709732382084"",""type"":""volume""},""zeroExFee"":{""asset"":""0xeeeeeeeeeeeeeeeeeeeeeeeeeeeeeeeeeeeeeeee"",""amount"":""729780575948"",""type"":""volume""},""gasFee"":null,""integratorFees"":[{""asset"":""0xbd0fd22f59b4c59cb49496976789a4ab4abeb218"",""amount"":""905553614709732382084"",""type"":""volume""}],""integratorFeesOverflow"":false}","0","485790603384060","480974051582856","480974051582856","true","0x0000000000001fF3684f28c67538d4D072C22734","0x0000000000001fF3684f28c67538d4D072C22734","0","0x3ec86030ef58cebb9c143294c136e3fa6fc3338c228149a5d24c2b3c35ac2a8d","0x39b38686A19836Ac10162c490E4558e120CbBE5f","0xb6c0bf3b83bc9ae4f6ed65a4f5f6c188eb3e4258d8d3b3705dff4ac02ed4a966","0x99f5e8edaceacfdd183eb5f1da8a7757b322495b80cf7928db289a1b1a09f799","insufficient_balance","{""status"":""PASS"",""mode"":""ETH_CALL_EPHEMERAL_FUNDING"",""walletAuthority"":false,""blockNumber"":""57774701"",""blockHash"":""0x9451a60f8e7192426c733645d48604bd96ba0a63f4e3bc70fed7e8620a568ff1"",""balanceSlot"":""0xf043c50fe795c69f30b8ff78b84032dc53a9d87ca283ae10a1dacfbb648e83ef"",""allowanceSlot"":""0x8633cf2d93cf08d5beab4385c45958edebafa053650c03b0a14121e3dde9d80f"",""allowanceSpender"":""0x0000000000001fF3684f28c67538d4D072C22734"",""allowanceAtomic"":""362221445883892952833409"",""errorCode"":null,""errorSelector"":null,""calldataHash"":""0x3ec86030ef58cebb9c143294c136e3fa6fc3338c228149a5d24c2b3c35ac2a8d"",""gasLimit"":""349199"",""gasPrice"":""272920500"",""transactionTarget"":""0x0000000000001fF3684f28c67538d4D072C22734"",""transactionValue"":""0"",""protectedOutput"":""480974051582856"",""exactEnvelopePreserved"":true}","FIRM_VERIFIED","matrix","","","","",""
"12","5272840","0x7d0B434D7DA5c97e3eAa505Cfc6fDfD1b91CEd70","IMPRINT","uniswap","4","0x3d01d564abecd17af9613936f69fb194b8df68442a269e900623871516e24e06","[{""protocol"":""uniswap"",""version"":4,""pool"":""0x3d01d564abecd17af9613936f69fb194b8df68442a269e900623871516e24e06""}]","BUY","0x0000000000000000000000000000000000000000","0x7d0B434D7DA5c97e3eAa505Cfc6fDfD1b91CEd70","500000000000000","0x1111111111111111111111111111111111111111","4663","zero-x-swap","25","0x0000000000000000000000000000000000000000","9900","10000","FIRM_RETURNED","ROUTABLE","","NOT_APPLICABLE","NO","1250000000000","NOT_RUN_INSUFFICIENT_BALANCE","indicative","293210158794609195509687","{""sellAsset"":""0xeeeeeeeeeeeeeeeeeeeeeeeeeeeeeeeeeeeeeeee"",""buyAsset"":""0x7d0b434d7da5c97e3eaa505cfc6fdfd1b91ced70"",""sellAmount"":""500000000000000"",""buyAmount"":""293210158794609195509687"",""minBuyAmount"":""290307378222542564464550"",""totalNetworkFee"":""92023060941000"",""integratorFee"":{""asset"":""0xeeeeeeeeeeeeeeeeeeeeeeeeeeeeeeeeeeeeeeee"",""amount"":""1250000000000"",""type"":""volume""},""zeroExFee"":{""asset"":""0xeeeeeeeeeeeeeeeeeeeeeeeeeeeeeeeeeeeeeeee"",""amount"":""750000000000"",""type"":""volume""},""gasFee"":null,""integratorFees"":[{""asset"":""0xeeeeeeeeeeeeeeeeeeeeeeeeeeeeeeeeeeeeeeee"",""amount"":""1250000000000"",""type"":""volume""}],""integratorFeesOverflow"":false}","0","293210158794609195509687","290307378222542564464550","290307378222542564464550","true","","0x0000000000001fF3684f28c67538d4D072C22734","500000000000000","0xbadc99f619c4553ebfcef21164b46ee76d812e2f244cea181d5aa91e451f1fbf","0x39b38686A19836Ac10162c490E4558e120CbBE5f","0xb6c0bf3b83bc9ae4f6ed65a4f5f6c188eb3e4258d8d3b3705dff4ac02ed4a966","0x99f5e8edaceacfdd183eb5f1da8a7757b322495b80cf7928db289a1b1a09f799","insufficient_balance","{""status"":""PASS"",""mode"":""ETH_CALL_EPHEMERAL_FUNDING"",""walletAuthority"":false,""blockNumber"":""57774720"",""blockHash"":""0xdb01d15d0c4526f98e8781b4e9416332b0ee1881e4c19419bcb58a2e0b0fbf57"",""errorCode"":null,""errorSelector"":null,""calldataHash"":""0xbadc99f619c4553ebfcef21164b46ee76d812e2f244cea181d5aa91e451f1fbf"",""gasLimit"":""339931"",""gasPrice"":""272920500"",""transactionTarget"":""0x0000000000001fF3684f28c67538d4D072C22734"",""transactionValue"":""500000000000000"",""protectedOutput"":""290307378222542564464550"",""exactEnvelopePreserved"":true}","FIRM_VERIFIED","matrix","","","","",""
"12","5272840","0x7d0B434D7DA5c97e3eAa505Cfc6fDfD1b91CEd70","IMPRINT","uniswap","4","0x3d01d564abecd17af9613936f69fb194b8df68442a269e900623871516e24e06","[{""protocol"":""uniswap"",""version"":4,""pool"":""0x3d01d564abecd17af9613936f69fb194b8df68442a269e900623871516e24e06""}]","SELL","0x7d0B434D7DA5c97e3eAa505Cfc6fDfD1b91CEd70","0x0000000000000000000000000000000000000000","293210158794609195509687","0x1111111111111111111111111111111111111111","4663","zero-x-swap","25","0x7d0B434D7DA5c97e3eAa505Cfc6fDfD1b91CEd70","9900","10000","FIRM_RETURNED","ROUTABLE","","NOT_APPLICABLE","NO","733025396986522988774","NOT_RUN_INSUFFICIENT_BALANCE","indicative","485856375986945","{""sellAsset"":""0x7d0b434d7da5c97e3eaa505cfc6fdfd1b91ced70"",""buyAsset"":""0xeeeeeeeeeeeeeeeeeeeeeeeeeeeeeeeeeeeeeeee"",""sellAmount"":""293210158794609195509687"",""buyAmount"":""485856375986945"",""minBuyAmount"":""481039172058782"",""totalNetworkFee"":""90788641848000"",""integratorFee"":{""asset"":""0x7d0b434d7da5c97e3eaa505cfc6fdfd1b91ced70"",""amount"":""733025396986522988774"",""type"":""volume""},""zeroExFee"":{""asset"":""0xeeeeeeeeeeeeeeeeeeeeeeeeeeeeeeeeeeeeeeee"",""amount"":""729879383065"",""type"":""volume""},""gasFee"":null,""integratorFees"":[{""asset"":""0x7d0b434d7da5c97e3eaa505cfc6fdfd1b91ced70"",""amount"":""733025396986522988774"",""type"":""volume""}],""integratorFeesOverflow"":false}","0","485856375986945","481039172058782","481039172058782","true","0x0000000000001fF3684f28c67538d4D072C22734","0x0000000000001fF3684f28c67538d4D072C22734","0","0x6a6d2aa52bf42e4d067b597c7f04e5c2f93654eed16583ca7396d31c93be8dfc","0x39b38686A19836Ac10162c490E4558e120CbBE5f","0xb6c0bf3b83bc9ae4f6ed65a4f5f6c188eb3e4258d8d3b3705dff4ac02ed4a966","0x99f5e8edaceacfdd183eb5f1da8a7757b322495b80cf7928db289a1b1a09f799","insufficient_balance","{""status"":""PASS"",""mode"":""ETH_CALL_EPHEMERAL_FUNDING"",""walletAuthority"":false,""blockNumber"":""57774730"",""blockHash"":""0xab51305779e702c372a6c0a2ddf59c6925c948ecf0e494639ebbcb674e3542a6"",""balanceSlot"":""0xf043c50fe795c69f30b8ff78b84032dc53a9d87ca283ae10a1dacfbb648e83ef"",""allowanceSlot"":""0x8633cf2d93cf08d5beab4385c45958edebafa053650c03b0a14121e3dde9d80f"",""allowanceSpender"":""0x0000000000001fF3684f28c67538d4D072C22734"",""allowanceAtomic"":""293210158794609195509687"",""errorCode"":null,""errorSelector"":null,""calldataHash"":""0x6a6d2aa52bf42e4d067b597c7f04e5c2f93654eed16583ca7396d31c93be8dfc"",""gasLimit"":""332668"",""gasPrice"":""269669250"",""transactionTarget"":""0x0000000000001fF3684f28c67538d4D072C22734"",""transactionValue"":""0"",""protectedOutput"":""481039172058782"",""exactEnvelopePreserved"":true}","FIRM_VERIFIED","matrix","","","","",""
"13","5272840","0x831A3962e31037cf4Eb8847cb7eA05aaC1Db35B6","DAMES","uniswap","2","0x0393168875b3b6a5f25769d1740525852ab348c2","[{""protocol"":""uniswap"",""version"":2,""pool"":""0x0393168875b3b6a5f25769d1740525852ab348c2""}]","BUY","0x0000000000000000000000000000000000000000","0x831A3962e31037cf4Eb8847cb7eA05aaC1Db35B6","500000000000000","0x1111111111111111111111111111111111111111","4663","zero-x-swap","25","0x0000000000000000000000000000000000000000","9900","10000","FIRM_RETURNED","ROUTABLE","","NOT_APPLICABLE","NO","1250000000000","NOT_RUN_INSUFFICIENT_BALANCE","indicative","66870900545574066622","{""sellAsset"":""0xeeeeeeeeeeeeeeeeeeeeeeeeeeeeeeeeeeeeeeee"",""buyAsset"":""0x831a3962e31037cf4eb8847cb7ea05aac1db35b6"",""sellAmount"":""500000000000000"",""buyAmount"":""66870900545574066622"",""minBuyAmount"":""66208878630172876806"",""totalNetworkFee"":""85083345067500"",""integratorFee"":{""asset"":""0xeeeeeeeeeeeeeeeeeeeeeeeeeeeeeeeeeeeeeeee"",""amount"":""1250000000000"",""type"":""volume""},""zeroExFee"":{""asset"":""0xeeeeeeeeeeeeeeeeeeeeeeeeeeeeeeeeeeeeeeee"",""amount"":""750000000000"",""type"":""volume""},""gasFee"":null,""integratorFees"":[{""asset"":""0xeeeeeeeeeeeeeeeeeeeeeeeeeeeeeeeeeeeeeeee"",""amount"":""1250000000000"",""type"":""volume""}],""integratorFeesOverflow"":false}","0","66870900545574066622","66208878630172876806","66208878630172876806","true","","0x0000000000001fF3684f28c67538d4D072C22734","500000000000000","0x4cf699d47e1f8f1f1b726bc5ec6324542e0fab1c07d0b284ee64ffd2e9b82e97","0x39b38686A19836Ac10162c490E4558e120CbBE5f","0xb6c0bf3b83bc9ae4f6ed65a4f5f6c188eb3e4258d8d3b3705dff4ac02ed4a966","0x99f5e8edaceacfdd183eb5f1da8a7757b322495b80cf7928db289a1b1a09f799","insufficient_balance","{""status"":""PASS"",""mode"":""ETH_CALL_EPHEMERAL_FUNDING"",""walletAuthority"":false,""blockNumber"":""57774761"",""blockHash"":""0x99d12d5a8775bc97699775caa6cfd1a87cadadf6c257f15017fb234f6837b18a"",""errorCode"":null,""errorSelector"":null,""calldataHash"":""0x4cf699d47e1f8f1f1b726bc5ec6324542e0fab1c07d0b284ee64ffd2e9b82e97"",""gasLimit"":""315510"",""gasPrice"":""269669250"",""transactionTarget"":""0x0000000000001fF3684f28c67538d4D072C22734"",""transactionValue"":""500000000000000"",""protectedOutput"":""66208878630172876806"",""exactEnvelopePreserved"":true}","FIRM_VERIFIED","matrix","","","","",""
"13","5272840","0x831A3962e31037cf4Eb8847cb7eA05aaC1Db35B6","DAMES","uniswap","2","0x0393168875b3b6a5f25769d1740525852ab348c2","[{""protocol"":""uniswap"",""version"":2,""pool"":""0x0393168875b3b6a5f25769d1740525852ab348c2""}]","SELL","0x831A3962e31037cf4Eb8847cb7eA05aaC1Db35B6","0x0000000000000000000000000000000000000000","66870900545574066622","0x1111111111111111111111111111111111111111","4663","zero-x-swap","25","0x831A3962e31037cf4Eb8847cb7eA05aaC1Db35B6","9900","10000","FIRM_RETURNED","ROUTABLE","","NOT_APPLICABLE","NO","167177251363935167","NOT_RUN_INSUFFICIENT_BALANCE","indicative","459748403746490","{""sellAsset"":""0x831a3962e31037cf4eb8847cb7ea05aac1db35b6"",""buyAsset"":""0xeeeeeeeeeeeeeeeeeeeeeeeeeeeeeeeeeeeeeeee"",""sellAmount"":""66870900545574066622"",""buyAmount"":""459748403746490"",""minBuyAmount"":""455190057029324"",""totalNetworkFee"":""85278315935250"",""integratorFee"":{""asset"":""0x831a3962e31037cf4eb8847cb7ea05aac1db35b6"",""amount"":""167177251363935167"",""type"":""volume""},""zeroExFee"":{""asset"":""0xeeeeeeeeeeeeeeeeeeeeeeeeeeeeeeeeeeeeeeee"",""amount"":""690658593519"",""type"":""volume""},""gasFee"":null,""integratorFees"":[{""asset"":""0x831a3962e31037cf4eb8847cb7ea05aac1db35b6"",""amount"":""167177251363935167"",""type"":""volume""}],""integratorFeesOverflow"":false}","0","459748403746490","455190057029324","455190057029324","true","0x0000000000001fF3684f28c67538d4D072C22734","0x0000000000001fF3684f28c67538d4D072C22734","0","0xe66630d99a7529348d2624537270713f4874c04a74ce5fed03cf146859b81386","0x39b38686A19836Ac10162c490E4558e120CbBE5f","0xb6c0bf3b83bc9ae4f6ed65a4f5f6c188eb3e4258d8d3b3705dff4ac02ed4a966","0x99f5e8edaceacfdd183eb5f1da8a7757b322495b80cf7928db289a1b1a09f799","insufficient_balance","{""status"":""PASS"",""mode"":""ETH_CALL_EPHEMERAL_FUNDING"",""walletAuthority"":false,""blockNumber"":""57774766"",""blockHash"":""0xc975d4a593998baa9947b97bfc2a86a81925590b9ebe7d5ad5ca8fe6630df9f5"",""balanceSlot"":""0xf043c50fe795c69f30b8ff78b84032dc53a9d87ca283ae10a1dacfbb648e83ef"",""allowanceSlot"":""0x8633cf2d93cf08d5beab4385c45958edebafa053650c03b0a14121e3dde9d80f"",""allowanceSpender"":""0x0000000000001fF3684f28c67538d4D072C22734"",""allowanceAtomic"":""66870900545574066622"",""errorCode"":null,""errorSelector"":null,""calldataHash"":""0xe66630d99a7529348d2624537270713f4874c04a74ce5fed03cf146859b81386"",""gasLimit"":""316233"",""gasPrice"":""271503000"",""transactionTarget"":""0x0000000000001fF3684f28c67538d4D072C22734"",""transactionValue"":""0"",""protectedOutput"":""455190057029324"",""exactEnvelopePreserved"":true}","FIRM_VERIFIED","matrix","","","","",""
"14","5272840","0x632Add287Caa4Ec2F1E9913D69D10D1565f066d1","TST11","uniswap","3","0x2fa125f24265aadbf6338bb322c729ce974361e5","[{""protocol"":""uniswap"",""version"":3,""pool"":""0x2fa125f24265aadbf6338bb322c729ce974361e5""}]","BUY","0x0000000000000000000000000000000000000000","0x632Add287Caa4Ec2F1E9913D69D10D1565f066d1","500000000000000","0x1111111111111111111111111111111111111111","4663","zero-x-swap","25","0x0000000000000000000000000000000000000000","9900","10000","FIRM_RETURNED","ROUTABLE","","NOT_APPLICABLE","NO","1250000000000","NOT_RUN_INSUFFICIENT_BALANCE","indicative","31093169176399566064078424","{""sellAsset"":""0xeeeeeeeeeeeeeeeeeeeeeeeeeeeeeeeeeeeeeeee"",""buyAsset"":""0x632add287caa4ec2f1e9913d69d10d1565f066d1"",""sellAmount"":""500000000000000"",""buyAmount"":""31093169176399566064078424"",""minBuyAmount"":""30785346801553210360035707"",""totalNetworkFee"":""200788686135000"",""integratorFee"":{""asset"":""0xeeeeeeeeeeeeeeeeeeeeeeeeeeeeeeeeeeeeeeee"",""amount"":""1250000000000"",""type"":""volume""},""zeroExFee"":{""asset"":""0xeeeeeeeeeeeeeeeeeeeeeeeeeeeeeeeeeeeeeeee"",""amount"":""750000000000"",""type"":""volume""},""gasFee"":null,""integratorFees"":[{""asset"":""0xeeeeeeeeeeeeeeeeeeeeeeeeeeeeeeeeeeeeeeee"",""amount"":""1250000000000"",""type"":""volume""}],""integratorFeesOverflow"":false}","0","31093169176399566064078424","30785346801553210360035707","30785346801553210360035707","true","","0x0000000000001fF3684f28c67538d4D072C22734","500000000000000","0x20fd2b84ff280fed5e5beeaf02c6bbe1a08ce6d490bd9c06e728647d27373f92","0x39b38686A19836Ac10162c490E4558e120CbBE5f","0xb6c0bf3b83bc9ae4f6ed65a4f5f6c188eb3e4258d8d3b3705dff4ac02ed4a966","0x99f5e8edaceacfdd183eb5f1da8a7757b322495b80cf7928db289a1b1a09f799","insufficient_balance","{""status"":""PASS"",""mode"":""ETH_CALL_EPHEMERAL_FUNDING"",""walletAuthority"":false,""blockNumber"":""57774786"",""blockHash"":""0xacef941ad2549ff2daa5d0801ce3f28ccd8bcdbc4cd1ef898fa0046ef333414d"",""errorCode"":null,""errorSelector"":null,""calldataHash"":""0x20fd2b84ff280fed5e5beeaf02c6bbe1a08ce6d490bd9c06e728647d27373f92"",""gasLimit"":""739545"",""gasPrice"":""271503000"",""transactionTarget"":""0x0000000000001fF3684f28c67538d4D072C22734"",""transactionValue"":""500000000000000"",""protectedOutput"":""30785346801553210360035707"",""exactEnvelopePreserved"":true}","FIRM_VERIFIED","matrix","","","","",""
"14","5272840","0x632Add287Caa4Ec2F1E9913D69D10D1565f066d1","TST11","uniswap","3","0x2fa125f24265aadbf6338bb322c729ce974361e5","[{""protocol"":""uniswap"",""version"":3,""pool"":""0x2fa125f24265aadbf6338bb322c729ce974361e5""}]","SELL","0x632Add287Caa4Ec2F1E9913D69D10D1565f066d1","0x0000000000000000000000000000000000000000","31093169176399566064078424","0x1111111111111111111111111111111111111111","4663","zero-x-swap","25","0x632Add287Caa4Ec2F1E9913D69D10D1565f066d1","9900","10000","FIRM_RETURNED","ROUTABLE","","NOT_APPLICABLE","NO","77732922940998915160196","NOT_RUN_INSUFFICIENT_BALANCE","indicative","453819031605830","{""sellAsset"":""0x632add287caa4ec2f1e9913d69d10d1565f066d1"",""buyAsset"":""0xeeeeeeeeeeeeeeeeeeeeeeeeeeeeeeeeeeeeeeee"",""sellAmount"":""31093169176399566064078424"",""buyAmount"":""453819031605830"",""minBuyAmount"":""449319473856308"",""totalNetworkFee"":""129361039818750"",""integratorFee"":{""asset"":""0x632add287caa4ec2f1e9913d69d10d1565f066d1"",""amount"":""77732922940998915160196"",""type"":""volume""},""zeroExFee"":{""asset"":""0xeeeeeeeeeeeeeeeeeeeeeeeeeeeeeeeeeeeeeeee"",""amount"":""681751174178"",""type"":""volume""},""gasFee"":null,""integratorFees"":[{""asset"":""0x632add287caa4ec2f1e9913d69d10d1565f066d1"",""amount"":""77732922940998915160196"",""type"":""volume""}],""integratorFeesOverflow"":false}","0","453819031605830","449319473856308","449319473856308","true","0x0000000000001fF3684f28c67538d4D072C22734","0x0000000000001fF3684f28c67538d4D072C22734","0","0x2b35db630adeddd12d0ac8f7a5b22e7a34a8376746256454c11c9c08d3bc0b31","0x39b38686A19836Ac10162c490E4558e120CbBE5f","0xb6c0bf3b83bc9ae4f6ed65a4f5f6c188eb3e4258d8d3b3705dff4ac02ed4a966","0x99f5e8edaceacfdd183eb5f1da8a7757b322495b80cf7928db289a1b1a09f799","insufficient_balance","{""status"":""PASS"",""mode"":""ETH_CALL_EPHEMERAL_FUNDING"",""walletAuthority"":false,""blockNumber"":""57774795"",""blockHash"":""0x4ec9ad336df6506282a61e5df145d4fc0efc0ab2b5490d1aebeb14f32e954bac"",""balanceSlot"":""0xf043c50fe795c69f30b8ff78b84032dc53a9d87ca283ae10a1dacfbb648e83ef"",""allowanceSlot"":""0x8633cf2d93cf08d5beab4385c45958edebafa053650c03b0a14121e3dde9d80f"",""allowanceSpender"":""0x0000000000001fF3684f28c67538d4D072C22734"",""allowanceAtomic"":""31093169176399566064078424"",""errorCode"":null,""errorSelector"":null,""calldataHash"":""0x2b35db630adeddd12d0ac8f7a5b22e7a34a8376746256454c11c9c08d3bc0b31"",""gasLimit"":""479095"",""gasPrice"":""270621000"",""transactionTarget"":""0x0000000000001fF3684f28c67538d4D072C22734"",""transactionValue"":""0"",""protectedOutput"":""449319473856308"",""exactEnvelopePreserved"":true}","FIRM_VERIFIED","matrix","","","","",""
"15","5272840","0x778c5c511BEa28aB94fE754E1d09C31886327001","MEMORY","uniswap","4","0x3ad57af77975929b4aa51fcffe5a003e4a847229fb2644b6883f376f29e98bc0","[{""protocol"":""uniswap"",""version"":4,""pool"":""0x3ad57af77975929b4aa51fcffe5a003e4a847229fb2644b6883f376f29e98bc0""}]","BUY","0x0000000000000000000000000000000000000000","0x778c5c511BEa28aB94fE754E1d09C31886327001","500000000000000","0x1111111111111111111111111111111111111111","4663","zero-x-swap","25","0x0000000000000000000000000000000000000000","9900","10000","FIRM_RETURNED","ROUTABLE","","NOT_APPLICABLE","NO","1250000000000","NOT_RUN_INSUFFICIENT_BALANCE","indicative","153067756644582289891553","{""sellAsset"":""0xeeeeeeeeeeeeeeeeeeeeeeeeeeeeeeeeeeeeeeee"",""buyAsset"":""0x778c5c511bea28ab94fe754e1d09c31886327001"",""sellAmount"":""500000000000000"",""buyAmount"":""153067756644582289891553"",""minBuyAmount"":""151552385853800925220089"",""totalNetworkFee"":""350871342529500"",""integratorFee"":{""asset"":""0xeeeeeeeeeeeeeeeeeeeeeeeeeeeeeeeeeeeeeeee"",""amount"":""1250000000000"",""type"":""volume""},""zeroExFee"":{""asset"":""0xeeeeeeeeeeeeeeeeeeeeeeeeeeeeeeeeeeeeeeee"",""amount"":""750000000000"",""type"":""volume""},""gasFee"":null,""integratorFees"":[{""asset"":""0xeeeeeeeeeeeeeeeeeeeeeeeeeeeeeeeeeeeeeeee"",""amount"":""1250000000000"",""type"":""volume""}],""integratorFeesOverflow"":false}","0","153067756644582289891553","151552385853800925220089","151552385853800925220089","true","","0x0000000000001fF3684f28c67538d4D072C22734","500000000000000","0x22d06d297f0abeecfbebc5d8a9888b76c3df871d19f1d70084cabb0c3b4027ed","0x39b38686A19836Ac10162c490E4558e120CbBE5f","0xb6c0bf3b83bc9ae4f6ed65a4f5f6c188eb3e4258d8d3b3705dff4ac02ed4a966","0x99f5e8edaceacfdd183eb5f1da8a7757b322495b80cf7928db289a1b1a09f799","insufficient_balance","{""status"":""PASS"",""mode"":""ETH_CALL_EPHEMERAL_FUNDING"",""walletAuthority"":false,""blockNumber"":""57774850"",""blockHash"":""0x9d5ac7c92460916dc85d8d4c2c05b04aeb4ce4a61e7a0a4f8eead43c1989b9f1"",""errorCode"":null,""errorSelector"":null,""calldataHash"":""0x22d06d297f0abeecfbebc5d8a9888b76c3df871d19f1d70084cabb0c3b4027ed"",""gasLimit"":""1295346"",""gasPrice"":""270621000"",""transactionTarget"":""0x0000000000001fF3684f28c67538d4D072C22734"",""transactionValue"":""500000000000000"",""protectedOutput"":""151552385853800925220089"",""exactEnvelopePreserved"":true}","FIRM_VERIFIED","matrix","","","","",""
"15","5272840","0x778c5c511BEa28aB94fE754E1d09C31886327001","MEMORY","uniswap","4","0x3ad57af77975929b4aa51fcffe5a003e4a847229fb2644b6883f376f29e98bc0","[{""protocol"":""uniswap"",""version"":4,""pool"":""0x3ad57af77975929b4aa51fcffe5a003e4a847229fb2644b6883f376f29e98bc0""}]","SELL","0x778c5c511BEa28aB94fE754E1d09C31886327001","0x0000000000000000000000000000000000000000","153067756644582289891553","0x1111111111111111111111111111111111111111","4663","zero-x-swap","25","0x778c5c511BEa28aB94fE754E1d09C31886327001","9900","10000","FIRM_RETURNED","ROUTABLE","","NOT_APPLICABLE","NO","382669391611455724729","NOT_RUN_INSUFFICIENT_BALANCE","indicative","487779101326305","{""sellAsset"":""0x778c5c511bea28ab94fe754e1d09c31886327001"",""buyAsset"":""0xeeeeeeeeeeeeeeeeeeeeeeeeeeeeeeeeeeeeeeee"",""sellAmount"":""153067756644582289891553"",""buyAmount"":""487779101326305"",""minBuyAmount"":""482942833821918"",""totalNetworkFee"":""152596662237000"",""integratorFee"":{""asset"":""0x778c5c511bea28ab94fe754e1d09c31886327001"",""amount"":""382669391611455724729"",""type"":""volume""},""zeroExFee"":{""asset"":""0xeeeeeeeeeeeeeeeeeeeeeeeeeeeeeeeeeeeeeeee"",""amount"":""732767803706"",""type"":""volume""},""gasFee"":null,""integratorFees"":[{""asset"":""0x778c5c511bea28ab94fe754e1d09c31886327001"",""amount"":""382669391611455724729"",""type"":""volume""}],""integratorFeesOverflow"":false}","0","487779101326305","482942833821918","482942833821918","true","0x0000000000001fF3684f28c67538d4D072C22734","0x0000000000001fF3684f28c67538d4D072C22734","0","0xb9d2fe163b109c284d370278a0f250629332e50c7ab0afa55344fe59cd776ba5","0x39b38686A19836Ac10162c490E4558e120CbBE5f","0xb6c0bf3b83bc9ae4f6ed65a4f5f6c188eb3e4258d8d3b3705dff4ac02ed4a966","0x99f5e8edaceacfdd183eb5f1da8a7757b322495b80cf7928db289a1b1a09f799","insufficient_balance","{""status"":""PASS"",""mode"":""ETH_CALL_EPHEMERAL_FUNDING"",""walletAuthority"":false,""blockNumber"":""57774861"",""blockHash"":""0x8028e96fc8abee2b3b7e609d1d82c5d204e185d7630644a3d37f795456b359eb"",""balanceSlot"":""0xfc40ea33816453f766ebc0872d4b5152b468882abe7b6b35528069db4d6e41c4"",""allowanceSlot"":""0xff5ad6a19694d8c773fd8fb371e835b382d754cc0dd437b4bb885a14b6521290"",""allowanceSpender"":""0x0000000000001fF3684f28c67538d4D072C22734"",""allowanceAtomic"":""153067756644582289891553"",""errorCode"":null,""errorSelector"":null,""calldataHash"":""0xb9d2fe163b109c284d370278a0f250629332e50c7ab0afa55344fe59cd776ba5"",""gasLimit"":""563356"",""gasPrice"":""270171000"",""transactionTarget"":""0x0000000000001fF3684f28c67538d4D072C22734"",""transactionValue"":""0"",""protectedOutput"":""482942833821918"",""exactEnvelopePreserved"":true}","FIRM_VERIFIED","matrix","","","","",""
"16","5272840","0x0Bd7D308f8E1639FAb988df18A8011f41EAcAD73","WETH","uniswap","2","0x0393168875b3b6a5f25769d1740525852ab348c2","[{""protocol"":""uniswap"",""version"":2,""pool"":""0x0393168875b3b6a5f25769d1740525852ab348c2""},{""protocol"":""uniswap"",""version"":3,""pool"":""0x07d5abd7ad97b3e9dffd8f129cb64be08d4430bb""},{""protocol"":""uniswap"",""version"":3,""pool"":""0x395e3890290561e8bd460cf6fce0053befa9bd8d""},{""protocol"":""uniswap"",""version"":4,""pool"":""0x456a5025f2edee58ac68b114b0ccd932b48fe383139aada4e62d5dbd3edb9cf6""},{""protocol"":""uniswap"",""version"":4,""pool"":""0x5768343bb66c420d0b925858d7599034294982f3cdc65deba0a480173cd1b249""},{""protocol"":""uniswap"",""version"":4,""pool"":""0x5ea7f36ad3d6655c9c3563967a3e6fc84f019a721cec80108d4af4485cff609f""},{""protocol"":""uniswap"",""version"":4,""pool"":""0x77064464cb203d939659b229b4b378c1a94691e624c31792d7f26988bf261a4b""},{""protocol"":""uniswap"",""version"":4,""pool"":""0xa9464d523f0f3bede8e6cd83c33283fa98a24da3b513504f5b2656299c5cb021""},{""protocol"":""uniswap"",""version"":4,""pool"":""0xad3708a19e9294fe5af18e2d965ee39a7f4ced076dd6251274bb3664926cb794""},{""protocol"":""uniswap"",""version"":4,""pool"":""0xceeea1fc13365eab28a88aef1109e45c91acaace4cf0a2b6843f864a3c3ddffb""},{""protocol"":""uniswap"",""version"":4,""pool"":""0xd737d5dc7de67fbac6c1c292a920b318485dc5ce91741a1906298b53ffb7d133""}]","BUY","0x0000000000000000000000000000000000000000","0x0Bd7D308f8E1639FAb988df18A8011f41EAcAD73","500000000000000","0x1111111111111111111111111111111111111111","4663","zero-x-swap","25","0x0000000000000000000000000000000000000000","9900","10000","invalid_response","REJECTED","MISSING_INTEGRATOR_FEE","YES","NO","1250000000000","NOT_REACHED","invalid_response","","{""sellAsset"":""0xeeeeeeeeeeeeeeeeeeeeeeeeeeeeeeeeeeeeeeee"",""buyAsset"":""0x0bd7d308f8e1639fab988df18a8011f41eacad73"",""sellAmount"":""500000000000000"",""buyAmount"":""500000000000000"",""minBuyAmount"":""500000000000000"",""totalNetworkFee"":""21808074953250"",""integratorFee"":null,""zeroExFee"":null,""gasFee"":null,""integratorFees"":[],""integratorFeesOverflow"":false}","","","","","","","","","","","","","","","POLICY_REJECTED_MISSING_INTEGRATOR_FEE","matrix","","","","",""
"16","5272840","0x0Bd7D308f8E1639FAb988df18A8011f41EAcAD73","WETH","uniswap","2","0x0393168875b3b6a5f25769d1740525852ab348c2","[{""protocol"":""uniswap"",""version"":2,""pool"":""0x0393168875b3b6a5f25769d1740525852ab348c2""},{""protocol"":""uniswap"",""version"":3,""pool"":""0x07d5abd7ad97b3e9dffd8f129cb64be08d4430bb""},{""protocol"":""uniswap"",""version"":3,""pool"":""0x395e3890290561e8bd460cf6fce0053befa9bd8d""},{""protocol"":""uniswap"",""version"":4,""pool"":""0x456a5025f2edee58ac68b114b0ccd932b48fe383139aada4e62d5dbd3edb9cf6""},{""protocol"":""uniswap"",""version"":4,""pool"":""0x5768343bb66c420d0b925858d7599034294982f3cdc65deba0a480173cd1b249""},{""protocol"":""uniswap"",""version"":4,""pool"":""0x5ea7f36ad3d6655c9c3563967a3e6fc84f019a721cec80108d4af4485cff609f""},{""protocol"":""uniswap"",""version"":4,""pool"":""0x77064464cb203d939659b229b4b378c1a94691e624c31792d7f26988bf261a4b""},{""protocol"":""uniswap"",""version"":4,""pool"":""0xa9464d523f0f3bede8e6cd83c33283fa98a24da3b513504f5b2656299c5cb021""},{""protocol"":""uniswap"",""version"":4,""pool"":""0xad3708a19e9294fe5af18e2d965ee39a7f4ced076dd6251274bb3664926cb794""},{""protocol"":""uniswap"",""version"":4,""pool"":""0xceeea1fc13365eab28a88aef1109e45c91acaace4cf0a2b6843f864a3c3ddffb""},{""protocol"":""uniswap"",""version"":4,""pool"":""0xd737d5dc7de67fbac6c1c292a920b318485dc5ce91741a1906298b53ffb7d133""}]","SELL","0x0Bd7D308f8E1639FAb988df18A8011f41EAcAD73","0x0000000000000000000000000000000000000000","1000000000000000000","0x1111111111111111111111111111111111111111","4663","zero-x-swap","25","0x0Bd7D308f8E1639FAb988df18A8011f41EAcAD73","9900","10000","invalid_response","REJECTED","MISSING_INTEGRATOR_FEE","YES","NO","2500000000000000","NOT_REACHED","invalid_response","","{""sellAsset"":""0x0bd7d308f8e1639fab988df18a8011f41eacad73"",""buyAsset"":""0xeeeeeeeeeeeeeeeeeeeeeeeeeeeeeeeeeeeeeeee"",""sellAmount"":""1000000000000000000"",""buyAmount"":""1000000000000000000"",""minBuyAmount"":""1000000000000000000"",""totalNetworkFee"":""21997413607500"",""integratorFee"":null,""zeroExFee"":null,""gasFee"":null,""integratorFees"":[],""integratorFeesOverflow"":false}","","","","","","","","","","","","","","","POLICY_REJECTED_MISSING_INTEGRATOR_FEE","matrix","","","","",""
"17","5272840","0x3d493A8Dd5199651D5449ff44fbf52dF1455799B","MONA","uniswap","3","0x2ca89520e03aa5a41e48146cf928fc462a6d5c7e","[{""protocol"":""uniswap"",""version"":3,""pool"":""0x2ca89520e03aa5a41e48146cf928fc462a6d5c7e""},{""protocol"":""uniswap"",""version"":4,""pool"":""0x24c8479141a866e3ac5b03c806dcb7c595a7da488b1685869f2b9b33e8ea0d3d""}]","BUY","0x0000000000000000000000000000000000000000","0x3d493A8Dd5199651D5449ff44fbf52dF1455799B","500000000000000","0x1111111111111111111111111111111111111111","4663","zero-x-swap","25","0x0000000000000000000000000000000000000000","9900","10000","FIRM_RETURNED","ROUTABLE","","NOT_APPLICABLE","NO","1250000000000","NOT_RUN_INSUFFICIENT_BALANCE","indicative","1417573684","{""sellAsset"":""0xeeeeeeeeeeeeeeeeeeeeeeeeeeeeeeeeeeeeeeee"",""buyAsset"":""0x3d493a8dd5199651d5449ff44fbf52df1455799b"",""sellAmount"":""500000000000000"",""buyAmount"":""1417573684"",""minBuyAmount"":""1403536057"",""totalNetworkFee"":""87948824384250"",""integratorFee"":{""asset"":""0xeeeeeeeeeeeeeeeeeeeeeeeeeeeeeeeeeeeeeeee"",""amount"":""1250000000000"",""type"":""volume""},""zeroExFee"":{""asset"":""0xeeeeeeeeeeeeeeeeeeeeeeeeeeeeeeeeeeeeeeee"",""amount"":""750000000000"",""type"":""volume""},""gasFee"":null,""integratorFees"":[{""asset"":""0xeeeeeeeeeeeeeeeeeeeeeeeeeeeeeeeeeeeeeeee"",""amount"":""1250000000000"",""type"":""volume""}],""integratorFeesOverflow"":false}","0","1417573684","1403536057","1403536057","true","","0x0000000000001fF3684f28c67538d4D072C22734","500000000000000","0x128667aff2c80f5c2f40266ed55a4910015f8c668cddc88b007f99b35ccb1387","0x39b38686A19836Ac10162c490E4558e120CbBE5f","0xb6c0bf3b83bc9ae4f6ed65a4f5f6c188eb3e4258d8d3b3705dff4ac02ed4a966","0x99f5e8edaceacfdd183eb5f1da8a7757b322495b80cf7928db289a1b1a09f799","insufficient_balance","{""status"":""PASS"",""mode"":""ETH_CALL_EPHEMERAL_FUNDING"",""walletAuthority"":false,""blockNumber"":""57774891"",""blockHash"":""0x65be999db0e20203d1efceda94dcc5187c3f0df0ef03fa55783ddc4ba9984f57"",""errorCode"":null,""errorSelector"":null,""calldataHash"":""0x128667aff2c80f5c2f40266ed55a4910015f8c668cddc88b007f99b35ccb1387"",""gasLimit"":""323909"",""gasPrice"":""269619750"",""transactionTarget"":""0x0000000000001fF3684f28c67538d4D072C22734"",""transactionValue"":""500000000000000"",""protectedOutput"":""1403536057"",""exactEnvelopePreserved"":true}","FIRM_VERIFIED","matrix","","","","",""
"17","5272840","0x3d493A8Dd5199651D5449ff44fbf52dF1455799B","MONA","uniswap","3","0x2ca89520e03aa5a41e48146cf928fc462a6d5c7e","[{""protocol"":""uniswap"",""version"":3,""pool"":""0x2ca89520e03aa5a41e48146cf928fc462a6d5c7e""},{""protocol"":""uniswap"",""version"":4,""pool"":""0x24c8479141a866e3ac5b03c806dcb7c595a7da488b1685869f2b9b33e8ea0d3d""}]","SELL","0x3d493A8Dd5199651D5449ff44fbf52dF1455799B","0x0000000000000000000000000000000000000000","1417573684","0x1111111111111111111111111111111111111111","4663","zero-x-swap","25","0x3d493A8Dd5199651D5449ff44fbf52dF1455799B","9900","10000","FIRM_RETURNED","ROUTABLE","","NOT_APPLICABLE","NO","3543934","NOT_RUN_INSUFFICIENT_BALANCE","indicative","486141096115170","{""sellAsset"":""0x3d493a8dd5199651d5449ff44fbf52df1455799b"",""buyAsset"":""0xeeeeeeeeeeeeeeeeeeeeeeeeeeeeeeeeeeeeeeee"",""sellAmount"":""1417573684"",""buyAmount"":""486141096115170"",""minBuyAmount"":""481321069223292"",""totalNetworkFee"":""87288751363500"",""integratorFee"":{""asset"":""0x3d493a8dd5199651d5449ff44fbf52df1455799b"",""amount"":""3543934"",""type"":""volume""},""zeroExFee"":{""asset"":""0xeeeeeeeeeeeeeeeeeeeeeeeeeeeeeeeeeeeeeeee"",""amount"":""730307104843"",""type"":""volume""},""gasFee"":null,""integratorFees"":[{""asset"":""0x3d493a8dd5199651d5449ff44fbf52df1455799b"",""amount"":""3543934"",""type"":""volume""}],""integratorFeesOverflow"":false}","0","486141096115170","481321069223292","481321069223292","true","0x0000000000001fF3684f28c67538d4D072C22734","0x0000000000001fF3684f28c67538d4D072C22734","0","0xb9cb4cf3038f36e8de0d8feec8777230bfc61162807ee9a293471b820eeadd1c","0x39b38686A19836Ac10162c490E4558e120CbBE5f","0xb6c0bf3b83bc9ae4f6ed65a4f5f6c188eb3e4258d8d3b3705dff4ac02ed4a966","0x99f5e8edaceacfdd183eb5f1da8a7757b322495b80cf7928db289a1b1a09f799","insufficient_balance","{""status"":""PASS"",""mode"":""ETH_CALL_EPHEMERAL_FUNDING"",""walletAuthority"":false,""blockNumber"":""57774896"",""blockHash"":""0x0297b7c7163fab8df2aa4c8967c104c9347833711685b80225e8c28027eefde4"",""balanceSlot"":""0xf043c50fe795c69f30b8ff78b84032dc53a9d87ca283ae10a1dacfbb648e83ef"",""allowanceSlot"":""0x8633cf2d93cf08d5beab4385c45958edebafa053650c03b0a14121e3dde9d80f"",""allowanceSpender"":""0x0000000000001fF3684f28c67538d4D072C22734"",""allowanceAtomic"":""1417573684"",""errorCode"":null,""errorSelector"":null,""calldataHash"":""0xb9cb4cf3038f36e8de0d8feec8777230bfc61162807ee9a293471b820eeadd1c"",""gasLimit"":""321478"",""gasPrice"":""271523250"",""transactionTarget"":""0x0000000000001fF3684f28c67538d4D072C22734"",""transactionValue"":""0"",""protectedOutput"":""481321069223292"",""exactEnvelopePreserved"":true}","FIRM_VERIFIED","matrix","","","","",""
"18","5272840","0x87e2090283652685BD0cdf1c0e45263084C31e18","BACKSWAP","uniswap","4","0x6350ef58f29c823d26d833ae796d84fe0745f2f3d8d5288f1c01f3f7fbb89ab7","[{""protocol"":""uniswap"",""version"":4,""pool"":""0x6350ef58f29c823d26d833ae796d84fe0745f2f3d8d5288f1c01f3f7fbb89ab7""}]","BUY","0x0000000000000000000000000000000000000000","0x87e2090283652685BD0cdf1c0e45263084C31e18","500000000000000","0x1111111111111111111111111111111111111111","4663","zero-x-swap","25","0x0000000000000000000000000000000000000000","9900","10000","FIRM_RETURNED","ROUTABLE","","NOT_APPLICABLE","NO","1250000000000","NOT_RUN_INSUFFICIENT_BALANCE","indicative","58871618149839894845619","{""sellAsset"":""0xeeeeeeeeeeeeeeeeeeeeeeeeeeeeeeeeeeeeeeee"",""buyAsset"":""0x87e2090283652685bd0cdf1c0e45263084c31e18"",""sellAmount"":""500000000000000"",""buyAmount"":""58871618149839894845619"",""minBuyAmount"":""58288789130156479881084"",""totalNetworkFee"":""356253428830500"",""integratorFee"":{""asset"":""0xeeeeeeeeeeeeeeeeeeeeeeeeeeeeeeeeeeeeeeee"",""amount"":""1250000000000"",""type"":""volume""},""zeroExFee"":{""asset"":""0xeeeeeeeeeeeeeeeeeeeeeeeeeeeeeeeeeeeeeeee"",""amount"":""750000000000"",""type"":""volume""},""gasFee"":null,""integratorFees"":[{""asset"":""0xeeeeeeeeeeeeeeeeeeeeeeeeeeeeeeeeeeeeeeee"",""amount"":""1250000000000"",""type"":""volume""}],""integratorFeesOverflow"":false}","0","58871618149839894845619","58288789130156479881084","58288789130156479881084","true","","0x0000000000001fF3684f28c67538d4D072C22734","500000000000000","0xafb9fdadf6f6d01552ff36bf3cc8f3045fba0cc7846b03eeb107e938fa655d3a","0x39b38686A19836Ac10162c490E4558e120CbBE5f","0xb6c0bf3b83bc9ae4f6ed65a4f5f6c188eb3e4258d8d3b3705dff4ac02ed4a966","0x99f5e8edaceacfdd183eb5f1da8a7757b322495b80cf7928db289a1b1a09f799","insufficient_balance","{""status"":""PASS"",""mode"":""ETH_CALL_EPHEMERAL_FUNDING"",""walletAuthority"":false,""blockNumber"":""57774915"",""blockHash"":""0x04e2a80d544084ea6850d8a22b2daa32bb57087821d16223979ee2342d6396f8"",""errorCode"":null,""errorSelector"":null,""calldataHash"":""0xafb9fdadf6f6d01552ff36bf3cc8f3045fba0cc7846b03eeb107e938fa655d3a"",""gasLimit"":""1321318"",""gasPrice"":""271523250"",""transactionTarget"":""0x0000000000001fF3684f28c67538d4D072C22734"",""transactionValue"":""500000000000000"",""protectedOutput"":""58288789130156479881084"",""exactEnvelopePreserved"":true}","FIRM_VERIFIED","matrix","","","","",""
"18","5272840","0x87e2090283652685BD0cdf1c0e45263084C31e18","BACKSWAP","uniswap","4","0x6350ef58f29c823d26d833ae796d84fe0745f2f3d8d5288f1c01f3f7fbb89ab7","[{""protocol"":""uniswap"",""version"":4,""pool"":""0x6350ef58f29c823d26d833ae796d84fe0745f2f3d8d5288f1c01f3f7fbb89ab7""}]","SELL","0x87e2090283652685BD0cdf1c0e45263084C31e18","0x0000000000000000000000000000000000000000","58871618149839894845619","0x1111111111111111111111111111111111111111","4663","zero-x-swap","25","0x87e2090283652685BD0cdf1c0e45263084C31e18","9900","10000","no_route","NO_ROUTE","","NOT_APPLICABLE","NO","147179045374599737114","NOT_REACHED","no_route","","{""sellAsset"":null,""buyAsset"":null,""sellAmount"":null,""buyAmount"":null,""minBuyAmount"":null,""totalNetworkFee"":null,""integratorFee"":null,""zeroExFee"":null,""gasFee"":null,""integratorFees"":[],""integratorFeesOverflow"":false}","","","","","","","","","","","","","","","NO_ROUTE","matrix","","","","",""
"19","5272840","0x2a22c15dC16A13102B7d48Dbf765D493aED202B7","BOTAGENT","uniswap","2","0x8865a9b53b936c705e936b0d7f8e870d1fc61309","[{""protocol"":""uniswap"",""version"":2,""pool"":""0x8865a9b53b936c705e936b0d7f8e870d1fc61309""},{""protocol"":""uniswap"",""version"":4,""pool"":""0xa529348ffb0f41e034f27b22335e32913c586a6f57ee0fbf5ba17b063c5c115e""}]","BUY","0x0000000000000000000000000000000000000000","0x2a22c15dC16A13102B7d48Dbf765D493aED202B7","500000000000000","0x1111111111111111111111111111111111111111","4663","zero-x-swap","25","0x0000000000000000000000000000000000000000","9900","10000","FIRM_RETURNED","ROUTABLE","","NOT_APPLICABLE","NO","1250000000000","NOT_RUN_INSUFFICIENT_BALANCE","indicative","196638088981144445603076","{""sellAsset"":""0xeeeeeeeeeeeeeeeeeeeeeeeeeeeeeeeeeeeeeeee"",""buyAsset"":""0x2a22c15dc16a13102b7d48dbf765d493aed202b7"",""sellAmount"":""500000000000000"",""buyAmount"":""196638088981144445603076"",""minBuyAmount"":""194691371900231115588560"",""totalNetworkFee"":""188636159565000"",""integratorFee"":{""asset"":""0xeeeeeeeeeeeeeeeeeeeeeeeeeeeeeeeeeeeeeeee"",""amount"":""1250000000000"",""type"":""volume""},""zeroExFee"":{""asset"":""0xeeeeeeeeeeeeeeeeeeeeeeeeeeeeeeeeeeeeeeee"",""amount"":""750000000000"",""type"":""volume""},""gasFee"":null,""integratorFees"":[{""asset"":""0xeeeeeeeeeeeeeeeeeeeeeeeeeeeeeeeeeeeeeeee"",""amount"":""1250000000000"",""type"":""volume""}],""integratorFeesOverflow"":false}","0","196638088981144445603076","194691371900231115588560","194691371900231115588560","true","","0x0000000000001fF3684f28c67538d4D072C22734","500000000000000","0x24cd381f7240eb2baba6012aa0ee911fe944e074e0c80878924b45bdd9fa300d","0x39b38686A19836Ac10162c490E4558e120CbBE5f","0xb6c0bf3b83bc9ae4f6ed65a4f5f6c188eb3e4258d8d3b3705dff4ac02ed4a966","0x99f5e8edaceacfdd183eb5f1da8a7757b322495b80cf7928db289a1b1a09f799","insufficient_balance","{""status"":""PASS"",""mode"":""ETH_CALL_EPHEMERAL_FUNDING"",""walletAuthority"":false,""blockNumber"":""57774930"",""blockHash"":""0x015df4b3fb59629e4ea419f688e776c6cdf00c66353a5a834ef2ef44bfda672d"",""errorCode"":null,""errorSelector"":null,""calldataHash"":""0x24cd381f7240eb2baba6012aa0ee911fe944e074e0c80878924b45bdd9fa300d"",""gasLimit"":""692993"",""gasPrice"":""274560750"",""transactionTarget"":""0x0000000000001fF3684f28c67538d4D072C22734"",""transactionValue"":""500000000000000"",""protectedOutput"":""194691371900231115588560"",""exactEnvelopePreserved"":true}","FIRM_VERIFIED","matrix","","","","",""
"19","5272840","0x2a22c15dC16A13102B7d48Dbf765D493aED202B7","BOTAGENT","uniswap","2","0x8865a9b53b936c705e936b0d7f8e870d1fc61309","[{""protocol"":""uniswap"",""version"":2,""pool"":""0x8865a9b53b936c705e936b0d7f8e870d1fc61309""},{""protocol"":""uniswap"",""version"":4,""pool"":""0xa529348ffb0f41e034f27b22335e32913c586a6f57ee0fbf5ba17b063c5c115e""}]","SELL","0x2a22c15dC16A13102B7d48Dbf765D493aED202B7","0x0000000000000000000000000000000000000000","196638088981144445603076","0x1111111111111111111111111111111111111111","4663","zero-x-swap","25","0x2a22c15dC16A13102B7d48Dbf765D493aED202B7","9900","10000","no_route","NO_ROUTE","","NOT_APPLICABLE","NO","491595222452861114008","NOT_REACHED","no_route","","{""sellAsset"":null,""buyAsset"":null,""sellAmount"":null,""buyAmount"":null,""minBuyAmount"":null,""totalNetworkFee"":null,""integratorFee"":null,""zeroExFee"":null,""gasFee"":null,""integratorFees"":[],""integratorFeesOverflow"":false}","","","","","","","","","","","","","","","NO_ROUTE","matrix","","","","",""
"20","5272840","0x6112093A7638b56Eefddda55FeF8cf570710C710","PUGCOIN","uniswap","3","0x7f74f1a3bdd0f6cab331021a321ad827ef94bab7","[{""protocol"":""uniswap"",""version"":3,""pool"":""0x7f74f1a3bdd0f6cab331021a321ad827ef94bab7""}]","BUY","0x0000000000000000000000000000000000000000","0x6112093A7638b56Eefddda55FeF8cf570710C710","500000000000000","0x1111111111111111111111111111111111111111","4663","zero-x-swap","25","0x0000000000000000000000000000000000000000","9900","10000","FIRM_RETURNED","ROUTABLE","","NOT_APPLICABLE","NO","1250000000000","NOT_RUN_INSUFFICIENT_BALANCE","indicative","422953453603558111169355","{""sellAsset"":""0xeeeeeeeeeeeeeeeeeeeeeeeeeeeeeeeeeeeeeeee"",""buyAsset"":""0x6112093a7638b56eefddda55fef8cf570710c710"",""sellAmount"":""500000000000000"",""buyAmount"":""422953453603558111169355"",""minBuyAmount"":""418766214412882885859516"",""totalNetworkFee"":""126635482305000"",""integratorFee"":{""asset"":""0xeeeeeeeeeeeeeeeeeeeeeeeeeeeeeeeeeeeeeeee"",""amount"":""1250000000000"",""type"":""volume""},""zeroExFee"":{""asset"":""0xeeeeeeeeeeeeeeeeeeeeeeeeeeeeeeeeeeeeeeee"",""amount"":""750000000000"",""type"":""volume""},""gasFee"":null,""integratorFees"":[{""asset"":""0xeeeeeeeeeeeeeeeeeeeeeeeeeeeeeeeeeeeeeeee"",""amount"":""1250000000000"",""type"":""volume""}],""integratorFeesOverflow"":false}","0","422953453603558111169355","418766214412882885859516","418766214412882885859516","true","","0x0000000000001fF3684f28c67538d4D072C22734","500000000000000","0xc2694bd423acb6088f0391537b12c32267a6d4b0294630584341490ef9021ac2","0x39b38686A19836Ac10162c490E4558e120CbBE5f","0xb6c0bf3b83bc9ae4f6ed65a4f5f6c188eb3e4258d8d3b3705dff4ac02ed4a966","0x99f5e8edaceacfdd183eb5f1da8a7757b322495b80cf7928db289a1b1a09f799","insufficient_balance","{""status"":""PASS"",""mode"":""ETH_CALL_EPHEMERAL_FUNDING"",""walletAuthority"":false,""blockNumber"":""57774945"",""blockHash"":""0xd8d7b05eb395a98fdfa066533bdfb9ce450bfca9109dfe441fed1327b2ebd475"",""errorCode"":null,""errorSelector"":null,""calldataHash"":""0xc2694bd423acb6088f0391537b12c32267a6d4b0294630584341490ef9021ac2"",""gasLimit"":""465221"",""gasPrice"":""272205000"",""transactionTarget"":""0x0000000000001fF3684f28c67538d4D072C22734"",""transactionValue"":""500000000000000"",""protectedOutput"":""418766214412882885859516"",""exactEnvelopePreserved"":true}","FIRM_VERIFIED","matrix","","","","",""
"20","5272840","0x6112093A7638b56Eefddda55FeF8cf570710C710","PUGCOIN","uniswap","3","0x7f74f1a3bdd0f6cab331021a321ad827ef94bab7","[{""protocol"":""uniswap"",""version"":3,""pool"":""0x7f74f1a3bdd0f6cab331021a321ad827ef94bab7""}]","SELL","0x6112093A7638b56Eefddda55FeF8cf570710C710","0x0000000000000000000000000000000000000000","422953453603558111169355","0x1111111111111111111111111111111111111111","4663","zero-x-swap","25","0x6112093A7638b56Eefddda55FeF8cf570710C710","9900","10000","FIRM_RETURNED","ROUTABLE","","NOT_APPLICABLE","NO","1057383634008895277923","NOT_RUN_INSUFFICIENT_BALANCE","indicative","476069603758605","{""sellAsset"":""0x6112093a7638b56eefddda55fef8cf570710c710"",""buyAsset"":""0xeeeeeeeeeeeeeeeeeeeeeeeeeeeeeeeeeeeeeeee"",""sellAmount"":""422953453603558111169355"",""buyAmount"":""476069603758605"",""minBuyAmount"":""471349434427398"",""totalNetworkFee"":""126585940995000"",""integratorFee"":{""asset"":""0x6112093a7638b56eefddda55fef8cf570710c710"",""amount"":""1057383634008895277923"",""type"":""volume""},""zeroExFee"":{""asset"":""0xeeeeeeeeeeeeeeeeeeeeeeeeeeeeeeeeeeeeeeee"",""amount"":""715177171401"",""type"":""volume""},""gasFee"":null,""integratorFees"":[{""asset"":""0x6112093a7638b56eefddda55fef8cf570710c710"",""amount"":""1057383634008895277923"",""type"":""volume""}],""integratorFeesOverflow"":false}","0","476069603758605","471349434427398","471349434427398","true","0x0000000000001fF3684f28c67538d4D072C22734","0x0000000000001fF3684f28c67538d4D072C22734","0","0x057f197f0fd785e2d35f01bffbc82ecc0444aa19d18850c0c6ae515877745cd7","0x39b38686A19836Ac10162c490E4558e120CbBE5f","0xb6c0bf3b83bc9ae4f6ed65a4f5f6c188eb3e4258d8d3b3705dff4ac02ed4a966","0x99f5e8edaceacfdd183eb5f1da8a7757b322495b80cf7928db289a1b1a09f799","insufficient_balance","{""status"":""PASS"",""mode"":""ETH_CALL_EPHEMERAL_FUNDING"",""walletAuthority"":false,""blockNumber"":""57774954"",""blockHash"":""0x934d86e1a2f3c02db43182ac28c43dd2721961f27053d08b7dd5ea40983e04a7"",""balanceSlot"":""0xf043c50fe795c69f30b8ff78b84032dc53a9d87ca283ae10a1dacfbb648e83ef"",""allowanceSlot"":""0x8633cf2d93cf08d5beab4385c45958edebafa053650c03b0a14121e3dde9d80f"",""allowanceSpender"":""0x0000000000001fF3684f28c67538d4D072C22734"",""allowanceAtomic"":""422953453603558111169355"",""errorCode"":null,""errorSelector"":null,""calldataHash"":""0x057f197f0fd785e2d35f01bffbc82ecc0444aa19d18850c0c6ae515877745cd7"",""gasLimit"":""465039"",""gasPrice"":""272205000"",""transactionTarget"":""0x0000000000001fF3684f28c67538d4D072C22734"",""transactionValue"":""0"",""protectedOutput"":""471349434427398"",""exactEnvelopePreserved"":true}","FIRM_VERIFIED","matrix","","","","",""
"21","5272840","0xE9E5CfdCA8fbEe1f68A7C92D7316331d1aaB5Fb9","CATCH","uniswap","4","0x17f7098f5129838d5a72a2b9d842c1000b6011a222b15965dcfd749a2fc97d7b","[{""protocol"":""uniswap"",""version"":4,""pool"":""0x17f7098f5129838d5a72a2b9d842c1000b6011a222b15965dcfd749a2fc97d7b""}]","BUY","0x0000000000000000000000000000000000000000","0xE9E5CfdCA8fbEe1f68A7C92D7316331d1aaB5Fb9","500000000000000","0x1111111111111111111111111111111111111111","4663","zero-x-swap","25","0x0000000000000000000000000000000000000000","9900","10000","FIRM_RETURNED","ROUTABLE","","NOT_APPLICABLE","NO","1250000000000","NOT_RUN_INSUFFICIENT_BALANCE","indicative","6514135889195158262811","{""sellAsset"":""0xeeeeeeeeeeeeeeeeeeeeeeeeeeeeeeeeeeeeeeee"",""buyAsset"":""0xe9e5cfdca8fbee1f68a7c92d7316331d1aab5fb9"",""sellAmount"":""500000000000000"",""buyAmount"":""6514135889195158262811"",""minBuyAmount"":""6449645943892126193226"",""totalNetworkFee"":""104904171360000"",""integratorFee"":{""asset"":""0xeeeeeeeeeeeeeeeeeeeeeeeeeeeeeeeeeeeeeeee"",""amount"":""1250000000000"",""type"":""volume""},""zeroExFee"":{""asset"":""0xeeeeeeeeeeeeeeeeeeeeeeeeeeeeeeeeeeeeeeee"",""amount"":""750000000000"",""type"":""volume""},""gasFee"":null,""integratorFees"":[{""asset"":""0xeeeeeeeeeeeeeeeeeeeeeeeeeeeeeeeeeeeeeeee"",""amount"":""1250000000000"",""type"":""volume""}],""integratorFeesOverflow"":false}","0","6514135889195158262811","6449645943892126193226","6449645943892126193226","true","","0x0000000000001fF3684f28c67538d4D072C22734","500000000000000","0xdccd37c5a5ac1cec49c766396d896dadde038a6e8396c92d275be9c2a18cc3de","0x39b38686A19836Ac10162c490E4558e120CbBE5f","0xb6c0bf3b83bc9ae4f6ed65a4f5f6c188eb3e4258d8d3b3705dff4ac02ed4a966","0x99f5e8edaceacfdd183eb5f1da8a7757b322495b80cf7928db289a1b1a09f799","insufficient_balance","{""status"":""PASS"",""mode"":""ETH_CALL_EPHEMERAL_FUNDING"",""walletAuthority"":false,""blockNumber"":""57774969"",""blockHash"":""0x9526eaa03a44e8bf6dab18d71c574b7aa2cfd629377c96f0e7a27ddd79d66edb"",""errorCode"":null,""errorSelector"":null,""calldataHash"":""0xdccd37c5a5ac1cec49c766396d896dadde038a6e8396c92d275be9c2a18cc3de"",""gasLimit"":""382080"",""gasPrice"":""274560750"",""transactionTarget"":""0x0000000000001fF3684f28c67538d4D072C22734"",""transactionValue"":""500000000000000"",""protectedOutput"":""6449645943892126193226"",""exactEnvelopePreserved"":true}","FIRM_VERIFIED","matrix","","","","",""
"21","5272840","0xE9E5CfdCA8fbEe1f68A7C92D7316331d1aaB5Fb9","CATCH","uniswap","4","0x17f7098f5129838d5a72a2b9d842c1000b6011a222b15965dcfd749a2fc97d7b","[{""protocol"":""uniswap"",""version"":4,""pool"":""0x17f7098f5129838d5a72a2b9d842c1000b6011a222b15965dcfd749a2fc97d7b""}]","SELL","0xE9E5CfdCA8fbEe1f68A7C92D7316331d1aaB5Fb9","0x0000000000000000000000000000000000000000","6514135889195158262811","0x1111111111111111111111111111111111111111","4663","zero-x-swap","25","0xE9E5CfdCA8fbEe1f68A7C92D7316331d1aaB5Fb9","9900","10000","FIRM_RETURNED","ROUTABLE","","NOT_APPLICABLE","NO","16285339722987895657","NOT_RUN_INSUFFICIENT_BALANCE","indicative","466640088170270","{""sellAsset"":""0xe9e5cfdca8fbee1f68a7c92d7316331d1aab5fb9"",""buyAsset"":""0xeeeeeeeeeeeeeeeeeeeeeeeeeeeeeeeeeeeeeeee"",""sellAmount"":""6514135889195158262811"",""buyAmount"":""466640088170270"",""minBuyAmount"":""462013411282052"",""totalNetworkFee"":""102747061683000"",""integratorFee"":{""asset"":""0xe9e5cfdca8fbee1f68a7c92d7316331d1aab5fb9"",""amount"":""16285339722987895657"",""type"":""volume""},""zeroExFee"":{""asset"":""0xeeeeeeeeeeeeeeeeeeeeeeeeeeeeeeeeeeeeeeee"",""amount"":""701011649743"",""type"":""volume""},""gasFee"":null,""integratorFees"":[{""asset"":""0xe9e5cfdca8fbee1f68a7c92d7316331d1aab5fb9"",""amount"":""16285339722987895657"",""type"":""volume""}],""integratorFeesOverflow"":false}","0","466640088170270","462013411282052","462013411282052","true","0x0000000000001fF3684f28c67538d4D072C22734","0x0000000000001fF3684f28c67538d4D072C22734","0","0x4881d864709f8f1d628677174280f341eb27fc7c2d633b2869ee899c1a474daa","0x39b38686A19836Ac10162c490E4558e120CbBE5f","0xb6c0bf3b83bc9ae4f6ed65a4f5f6c188eb3e4258d8d3b3705dff4ac02ed4a966","0x99f5e8edaceacfdd183eb5f1da8a7757b322495b80cf7928db289a1b1a09f799","insufficient_balance","{""status"":""PASS"",""mode"":""ETH_CALL_EPHEMERAL_FUNDING"",""walletAuthority"":false,""blockNumber"":""57774974"",""blockHash"":""0x541049756b22db275b1359ef39af19ba68deec3c5c02b0227684752739d18c9b"",""balanceSlot"":""0xf043c50fe795c69f30b8ff78b84032dc53a9d87ca283ae10a1dacfbb648e83ef"",""allowanceSlot"":""0x8633cf2d93cf08d5beab4385c45958edebafa053650c03b0a14121e3dde9d80f"",""allowanceSpender"":""0x0000000000001fF3684f28c67538d4D072C22734"",""allowanceAtomic"":""6514135889195158262811"",""errorCode"":null,""errorSelector"":null,""calldataHash"":""0x4881d864709f8f1d628677174280f341eb27fc7c2d633b2869ee899c1a474daa"",""gasLimit"":""380364"",""gasPrice"":""271755000"",""transactionTarget"":""0x0000000000001fF3684f28c67538d4D072C22734"",""transactionValue"":""0"",""protectedOutput"":""462013411282052"",""exactEnvelopePreserved"":true}","FIRM_VERIFIED","matrix","","","","",""
"22","5272840","0x8f460DE3066890746E65A19F4f110e9c074106d5","haMSTR","uniswap","2","0xc5876453896bd928b7d1a88f6ecd74389b805c4a","[{""protocol"":""uniswap"",""version"":2,""pool"":""0xc5876453896bd928b7d1a88f6ecd74389b805c4a""}]","BUY","0x0000000000000000000000000000000000000000","0x8f460DE3066890746E65A19F4f110e9c074106d5","500000000000000","0x1111111111111111111111111111111111111111","4663","zero-x-swap","25","0x0000000000000000000000000000000000000000","9900","10000","FIRM_RETURNED","ROUTABLE","","NOT_APPLICABLE","NO","1250000000000","NOT_RUN_INSUFFICIENT_BALANCE","indicative","169527953515131769","{""sellAsset"":""0xeeeeeeeeeeeeeeeeeeeeeeeeeeeeeeeeeeeeeeee"",""buyAsset"":""0x8f460de3066890746e65a19f4f110e9c074106d5"",""sellAmount"":""500000000000000"",""buyAmount"":""169527953515131769"",""minBuyAmount"":""167849626775330213"",""totalNetworkFee"":""92664524751750"",""integratorFee"":{""asset"":""0xeeeeeeeeeeeeeeeeeeeeeeeeeeeeeeeeeeeeeeee"",""amount"":""1250000000000"",""type"":""volume""},""zeroExFee"":{""asset"":""0xeeeeeeeeeeeeeeeeeeeeeeeeeeeeeeeeeeeeeeee"",""amount"":""750000000000"",""type"":""volume""},""gasFee"":null,""integratorFees"":[{""asset"":""0xeeeeeeeeeeeeeeeeeeeeeeeeeeeeeeeeeeeeeeee"",""amount"":""1250000000000"",""type"":""volume""}],""integratorFeesOverflow"":false}","0","169527953515131769","167849626775330213","167849626775330213","true","","0x0000000000001fF3684f28c67538d4D072C22734","500000000000000","0xbea6cfe46177468718e6c2c25bdc5ddcea9cea047547586ee34972fe081018ea","0x39b38686A19836Ac10162c490E4558e120CbBE5f","0xb6c0bf3b83bc9ae4f6ed65a4f5f6c188eb3e4258d8d3b3705dff4ac02ed4a966","0x99f5e8edaceacfdd183eb5f1da8a7757b322495b80cf7928db289a1b1a09f799","insufficient_balance","{""status"":""PASS"",""mode"":""ETH_CALL_EPHEMERAL_FUNDING"",""walletAuthority"":false,""blockNumber"":""57774995"",""blockHash"":""0x5105978216006f7139299f75783d79f709bd9a66510d158cfb152b3dcb5cc6f2"",""errorCode"":null,""errorSelector"":null,""calldataHash"":""0xbea6cfe46177468718e6c2c25bdc5ddcea9cea047547586ee34972fe081018ea"",""gasLimit"":""343051"",""gasPrice"":""271755000"",""transactionTarget"":""0x0000000000001fF3684f28c67538d4D072C22734"",""transactionValue"":""500000000000000"",""protectedOutput"":""167849626775330213"",""exactEnvelopePreserved"":true}","FIRM_VERIFIED","matrix","","","","",""
"22","5272840","0x8f460DE3066890746E65A19F4f110e9c074106d5","haMSTR","uniswap","2","0xc5876453896bd928b7d1a88f6ecd74389b805c4a","[{""protocol"":""uniswap"",""version"":2,""pool"":""0xc5876453896bd928b7d1a88f6ecd74389b805c4a""}]","SELL","0x8f460DE3066890746E65A19F4f110e9c074106d5","0x0000000000000000000000000000000000000000","169527953515131769","0x1111111111111111111111111111111111111111","4663","zero-x-swap","25","0x8f460DE3066890746E65A19F4f110e9c074106d5","9900","10000","no_route","NO_ROUTE","","NOT_APPLICABLE","NO","423819883787829","NOT_REACHED","no_route","","{""sellAsset"":null,""buyAsset"":null,""sellAmount"":null,""buyAmount"":null,""minBuyAmount"":null,""totalNetworkFee"":null,""integratorFee"":null,""zeroExFee"":null,""gasFee"":null,""integratorFees"":[],""integratorFeesOverflow"":false}","","","","","","","","","","","","","","","NO_ROUTE","matrix","","","","",""
"23","5272840","0xc1A00C321C4C235516976978046AC4D56F190714","ALTER","uniswap","3","0xa72a86df123a60d2ffb2d5147395d4c3e80caa8c","[{""protocol"":""uniswap"",""version"":3,""pool"":""0xa72a86df123a60d2ffb2d5147395d4c3e80caa8c""}]","BUY","0x0000000000000000000000000000000000000000","0xc1A00C321C4C235516976978046AC4D56F190714","500000000000000","0x1111111111111111111111111111111111111111","4663","zero-x-swap","25","0x0000000000000000000000000000000000000000","9900","10000","FIRM_RETURNED","ROUTABLE","","NOT_APPLICABLE","NO","1250000000000","NOT_RUN_INSUFFICIENT_BALANCE","indicative","3960828074818930113656","{""sellAsset"":""0xeeeeeeeeeeeeeeeeeeeeeeeeeeeeeeeeeeeeeeee"",""buyAsset"":""0xc1a00c321c4c235516976978046ac4d56f190714"",""sellAmount"":""500000000000000"",""buyAmount"":""3960828074818930113656"",""minBuyAmount"":""3921615876878222701911"",""totalNetworkFee"":""119735967582000"",""integratorFee"":{""asset"":""0xeeeeeeeeeeeeeeeeeeeeeeeeeeeeeeeeeeeeeeee"",""amount"":""1250000000000"",""type"":""volume""},""zeroExFee"":{""asset"":""0xeeeeeeeeeeeeeeeeeeeeeeeeeeeeeeeeeeeeeeee"",""amount"":""750000000000"",""type"":""volume""},""gasFee"":null,""integratorFees"":[{""asset"":""0xeeeeeeeeeeeeeeeeeeeeeeeeeeeeeeeeeeeeeeee"",""amount"":""1250000000000"",""type"":""volume""}],""integratorFeesOverflow"":false}","0","3960828074818930113656","3921615876878222701911","3921615876878222701911","true","","0x0000000000001fF3684f28c67538d4D072C22734","500000000000000","0x8397a3c456a1d340b77a58c1bafa69b5d80e83dd3575d366d27f11d47f02f49f","0x39b38686A19836Ac10162c490E4558e120CbBE5f","0xb6c0bf3b83bc9ae4f6ed65a4f5f6c188eb3e4258d8d3b3705dff4ac02ed4a966","0x99f5e8edaceacfdd183eb5f1da8a7757b322495b80cf7928db289a1b1a09f799","insufficient_balance","{""status"":""PASS"",""mode"":""ETH_CALL_EPHEMERAL_FUNDING"",""walletAuthority"":false,""blockNumber"":""57775005"",""blockHash"":""0x86551b56eb3ca2950e728ebafa16faa478002ba5e30b01c86fce862e412964ca"",""errorCode"":null,""errorSelector"":null,""calldataHash"":""0x8397a3c456a1d340b77a58c1bafa69b5d80e83dd3575d366d27f11d47f02f49f"",""gasLimit"":""443256"",""gasPrice"":""271230750"",""transactionTarget"":""0x0000000000001fF3684f28c67538d4D072C22734"",""transactionValue"":""500000000000000"",""protectedOutput"":""3921615876878222701911"",""exactEnvelopePreserved"":true}","FIRM_VERIFIED","matrix","","","","",""
"23","5272840","0xc1A00C321C4C235516976978046AC4D56F190714","ALTER","uniswap","3","0xa72a86df123a60d2ffb2d5147395d4c3e80caa8c","[{""protocol"":""uniswap"",""version"":3,""pool"":""0xa72a86df123a60d2ffb2d5147395d4c3e80caa8c""}]","SELL","0xc1A00C321C4C235516976978046AC4D56F190714","0x0000000000000000000000000000000000000000","3960828074818930113656","0x1111111111111111111111111111111111111111","4663","zero-x-swap","25","0xc1A00C321C4C235516976978046AC4D56F190714","9900","10000","no_route","NO_ROUTE","","NOT_APPLICABLE","NO","9902070187047325284","NOT_REACHED","no_route","","{""sellAsset"":null,""buyAsset"":null,""sellAmount"":null,""buyAmount"":null,""minBuyAmount"":null,""totalNetworkFee"":null,""integratorFee"":null,""zeroExFee"":null,""gasFee"":null,""integratorFees"":[],""integratorFeesOverflow"":false}","","","","","","","","","","","","","","","NO_ROUTE","matrix","","","","",""
"24","5272840","0x3D7E39e5C40dAc0466541DFb5f217cF99952A3c8","RSTR","uniswap","4","0xd7c6b28a844b56944b8657e4e4701455422ceef75490bdc51b7f90c892b12305","[{""protocol"":""uniswap"",""version"":4,""pool"":""0xd7c6b28a844b56944b8657e4e4701455422ceef75490bdc51b7f90c892b12305""}]","BUY","0x0000000000000000000000000000000000000000","0x3D7E39e5C40dAc0466541DFb5f217cF99952A3c8","500000000000000","0x1111111111111111111111111111111111111111","4663","zero-x-swap","25","0x0000000000000000000000000000000000000000","9900","10000","FIRM_RETURNED","ROUTABLE","","NOT_APPLICABLE","NO","1250000000000","NOT_RUN_INSUFFICIENT_BALANCE","indicative","332662955906658291923027","{""sellAsset"":""0xeeeeeeeeeeeeeeeeeeeeeeeeeeeeeeeeeeeeeeee"",""buyAsset"":""0x3d7e39e5c40dac0466541dfb5f217cf99952a3c8"",""sellAmount"":""500000000000000"",""buyAmount"":""332662955906658291923027"",""minBuyAmount"":""329369592643182374829992"",""totalNetworkFee"":""207125697996000"",""integratorFee"":{""asset"":""0xeeeeeeeeeeeeeeeeeeeeeeeeeeeeeeeeeeeeeeee"",""amount"":""1250000000000"",""type"":""volume""},""zeroExFee"":{""asset"":""0xeeeeeeeeeeeeeeeeeeeeeeeeeeeeeeeeeeeeeeee"",""amount"":""750000000000"",""type"":""volume""},""gasFee"":null,""integratorFees"":[{""asset"":""0xeeeeeeeeeeeeeeeeeeeeeeeeeeeeeeeeeeeeeeee"",""amount"":""1250000000000"",""type"":""volume""}],""integratorFeesOverflow"":false}","0","332662955906658291923027","329369592643182374829992","329369592643182374829992","true","","0x0000000000001fF3684f28c67538d4D072C22734","500000000000000","0x0dc76494bf150ab1bdc92bbf0141360eb791dca84dcc3c3e6cff6ec51f70b65e","0x39b38686A19836Ac10162c490E4558e120CbBE5f","0xb6c0bf3b83bc9ae4f6ed65a4f5f6c188eb3e4258d8d3b3705dff4ac02ed4a966","0x99f5e8edaceacfdd183eb5f1da8a7757b322495b80cf7928db289a1b1a09f799","insufficient_balance","{""status"":""PASS"",""mode"":""ETH_CALL_EPHEMERAL_FUNDING"",""walletAuthority"":false,""blockNumber"":""57775020"",""blockHash"":""0x21b566341d808ed0647f934f449dd23bbf3293e91d0e0ed847e6ae0976011a7c"",""errorCode"":null,""errorSelector"":null,""calldataHash"":""0x0dc76494bf150ab1bdc92bbf0141360eb791dca84dcc3c3e6cff6ec51f70b65e"",""gasLimit"":""766768"",""gasPrice"":""270621000"",""transactionTarget"":""0x0000000000001fF3684f28c67538d4D072C22734"",""transactionValue"":""500000000000000"",""protectedOutput"":""329369592643182374829992"",""exactEnvelopePreserved"":true}","FIRM_VERIFIED","matrix","","","","",""
"24","5272840","0x3D7E39e5C40dAc0466541DFb5f217cF99952A3c8","RSTR","uniswap","4","0xd7c6b28a844b56944b8657e4e4701455422ceef75490bdc51b7f90c892b12305","[{""protocol"":""uniswap"",""version"":4,""pool"":""0xd7c6b28a844b56944b8657e4e4701455422ceef75490bdc51b7f90c892b12305""}]","SELL","0x3D7E39e5C40dAc0466541DFb5f217cF99952A3c8","0x0000000000000000000000000000000000000000","332662955906658291923027","0x1111111111111111111111111111111111111111","4663","zero-x-swap","25","0x3D7E39e5C40dAc0466541DFb5f217cF99952A3c8","9900","10000","temporarily_unavailable","PROVIDER_UNAVAILABLE","","NOT_APPLICABLE","NO","831657389766645729808","NOT_REACHED","temporarily_unavailable","","","","","","","","","","","","","","","","","PROVIDER_UNAVAILABLE","matrix","","","","",""
"25","5272840","0x3b4E41bfb6a9AaEFA4a2e07cA0e45D630D8b72A5","MONID","uniswap","2","0xa21b4456256ffbb9b6ceaf6acf4369e7c2abb105","[{""protocol"":""uniswap"",""version"":2,""pool"":""0xa21b4456256ffbb9b6ceaf6acf4369e7c2abb105""},{""protocol"":""uniswap"",""version"":4,""pool"":""0x5dc89dcbe8b1865988b0159350245a99f2b1e82ffe430e54b3b2b0c99e07ef8c""}]","BUY","0x0000000000000000000000000000000000000000","0x3b4E41bfb6a9AaEFA4a2e07cA0e45D630D8b72A5","500000000000000","0x1111111111111111111111111111111111111111","4663","zero-x-swap","25","0x0000000000000000000000000000000000000000","9900","10000","FIRM_RETURNED","ROUTABLE","","NOT_APPLICABLE","NO","1250000000000","NOT_RUN_INSUFFICIENT_BALANCE","indicative","198416578155394472021936","{""sellAsset"":""0xeeeeeeeeeeeeeeeeeeeeeeeeeeeeeeeeeeeeeeee"",""buyAsset"":""0x3b4e41bfb6a9aaefa4a2e07ca0e45d630d8b72a5"",""sellAmount"":""500000000000000"",""buyAmount"":""198416578155394472021936"",""minBuyAmount"":""196452254031656066747002"",""totalNetworkFee"":""190844221432500"",""integratorFee"":{""asset"":""0xeeeeeeeeeeeeeeeeeeeeeeeeeeeeeeeeeeeeeeee"",""amount"":""1250000000000"",""type"":""volume""},""zeroExFee"":{""asset"":""0xeeeeeeeeeeeeeeeeeeeeeeeeeeeeeeeeeeeeeeee"",""amount"":""750000000000"",""type"":""volume""},""gasFee"":null,""integratorFees"":[{""asset"":""0xeeeeeeeeeeeeeeeeeeeeeeeeeeeeeeeeeeeeeeee"",""amount"":""1250000000000"",""type"":""volume""}],""integratorFeesOverflow"":false}","0","198416578155394472021936","196452254031656066747002","196452254031656066747002","true","","0x0000000000001fF3684f28c67538d4D072C22734","500000000000000","0xfac62939012cb2f31dd51345afd969effae2e9b9890933fbcbc5a94016d42886","0x39b38686A19836Ac10162c490E4558e120CbBE5f","0xb6c0bf3b83bc9ae4f6ed65a4f5f6c188eb3e4258d8d3b3705dff4ac02ed4a966","0x99f5e8edaceacfdd183eb5f1da8a7757b322495b80cf7928db289a1b1a09f799","insufficient_balance","{""status"":""PASS"",""mode"":""ETH_CALL_EPHEMERAL_FUNDING"",""walletAuthority"":false,""blockNumber"":""57775030"",""blockHash"":""0x4b59fadeebae51a84e689c7386342335f80fa608cdf423d1b7000c6d8b540f78"",""errorCode"":null,""errorSelector"":null,""calldataHash"":""0xfac62939012cb2f31dd51345afd969effae2e9b9890933fbcbc5a94016d42886"",""gasLimit"":""693005"",""gasPrice"":""270621000"",""transactionTarget"":""0x0000000000001fF3684f28c67538d4D072C22734"",""transactionValue"":""500000000000000"",""protectedOutput"":""196452254031656066747002"",""exactEnvelopePreserved"":true}","FIRM_VERIFIED","matrix","","","","",""
"25","5272840","0x3b4E41bfb6a9AaEFA4a2e07cA0e45D630D8b72A5","MONID","uniswap","2","0xa21b4456256ffbb9b6ceaf6acf4369e7c2abb105","[{""protocol"":""uniswap"",""version"":2,""pool"":""0xa21b4456256ffbb9b6ceaf6acf4369e7c2abb105""},{""protocol"":""uniswap"",""version"":4,""pool"":""0x5dc89dcbe8b1865988b0159350245a99f2b1e82ffe430e54b3b2b0c99e07ef8c""}]","SELL","0x3b4E41bfb6a9AaEFA4a2e07cA0e45D630D8b72A5","0x0000000000000000000000000000000000000000","198416578155394472021936","0x1111111111111111111111111111111111111111","4663","zero-x-swap","25","0x3b4E41bfb6a9AaEFA4a2e07cA0e45D630D8b72A5","9900","10000","no_route","NO_ROUTE","","NOT_APPLICABLE","NO","496041445388486180055","NOT_REACHED","no_route","","{""sellAsset"":null,""buyAsset"":null,""sellAmount"":null,""buyAmount"":null,""minBuyAmount"":null,""totalNetworkFee"":null,""integratorFee"":null,""zeroExFee"":null,""gasFee"":null,""integratorFees"":[],""integratorFeesOverflow"":false}","","","","","","","","","","","","","","","NO_ROUTE","matrix","","","","",""
"26","5272840","0xC1a0503d0Aa0054a87De4364d10dF813553bd25e","LATT","uniswap","3","0x952933884041d7a928ffd94a2ce2c80ac6008372","[{""protocol"":""uniswap"",""version"":3,""pool"":""0x952933884041d7a928ffd94a2ce2c80ac6008372""}]","BUY","0x0000000000000000000000000000000000000000","0xC1a0503d0Aa0054a87De4364d10dF813553bd25e","500000000000000","0x1111111111111111111111111111111111111111","4663","zero-x-swap","25","0x0000000000000000000000000000000000000000","9900","10000","FIRM_RETURNED","ROUTABLE","","NOT_APPLICABLE","NO","1250000000000","NOT_RUN_INSUFFICIENT_BALANCE","indicative","3960828074818930113656","{""sellAsset"":""0xeeeeeeeeeeeeeeeeeeeeeeeeeeeeeeeeeeeeeeee"",""buyAsset"":""0xc1a0503d0aa0054a87de4364d10df813553bd25e"",""sellAmount"":""500000000000000"",""buyAmount"":""3960828074818930113656"",""minBuyAmount"":""3921615876878222701911"",""totalNetworkFee"":""119951134524000"",""integratorFee"":{""asset"":""0xeeeeeeeeeeeeeeeeeeeeeeeeeeeeeeeeeeeeeeee"",""amount"":""1250000000000"",""type"":""volume""},""zeroExFee"":{""asset"":""0xeeeeeeeeeeeeeeeeeeeeeeeeeeeeeeeeeeeeeeee"",""amount"":""750000000000"",""type"":""volume""},""gasFee"":null,""integratorFees"":[{""asset"":""0xeeeeeeeeeeeeeeeeeeeeeeeeeeeeeeeeeeeeeeee"",""amount"":""1250000000000"",""type"":""volume""}],""integratorFeesOverflow"":false}","0","3960828074818930113656","3921615876878222701911","3921615876878222701911","true","","0x0000000000001fF3684f28c67538d4D072C22734","500000000000000","0x9f0f80cf1ee10f3187b1d14977e4cb4003c4e04f7ccae6372ae9c360ad7bf642","0x39b38686A19836Ac10162c490E4558e120CbBE5f","0xb6c0bf3b83bc9ae4f6ed65a4f5f6c188eb3e4258d8d3b3705dff4ac02ed4a966","0x99f5e8edaceacfdd183eb5f1da8a7757b322495b80cf7928db289a1b1a09f799","insufficient_balance","{""status"":""PASS"",""mode"":""ETH_CALL_EPHEMERAL_FUNDING"",""walletAuthority"":false,""blockNumber"":""57775040"",""blockHash"":""0xab1e04cb1f97eff96fe540d1909866c78236d44da9f31db6c151a4a21f44aa35"",""errorCode"":null,""errorSelector"":null,""calldataHash"":""0x9f0f80cf1ee10f3187b1d14977e4cb4003c4e04f7ccae6372ae9c360ad7bf642"",""gasLimit"":""443256"",""gasPrice"":""271230750"",""transactionTarget"":""0x0000000000001fF3684f28c67538d4D072C22734"",""transactionValue"":""500000000000000"",""protectedOutput"":""3921615876878222701911"",""exactEnvelopePreserved"":true}","FIRM_VERIFIED","matrix","","","","",""
"26","5272840","0xC1a0503d0Aa0054a87De4364d10dF813553bd25e","LATT","uniswap","3","0x952933884041d7a928ffd94a2ce2c80ac6008372","[{""protocol"":""uniswap"",""version"":3,""pool"":""0x952933884041d7a928ffd94a2ce2c80ac6008372""}]","SELL","0xC1a0503d0Aa0054a87De4364d10dF813553bd25e","0x0000000000000000000000000000000000000000","3960828074818930113656","0x1111111111111111111111111111111111111111","4663","zero-x-swap","25","0xC1a0503d0Aa0054a87De4364d10dF813553bd25e","9900","10000","no_route","NO_ROUTE","","NOT_APPLICABLE","NO","9902070187047325284","NOT_REACHED","no_route","","{""sellAsset"":null,""buyAsset"":null,""sellAmount"":null,""buyAmount"":null,""minBuyAmount"":null,""totalNetworkFee"":null,""integratorFee"":null,""zeroExFee"":null,""gasFee"":null,""integratorFees"":[],""integratorFeesOverflow"":false}","","","","","","","","","","","","","","","NO_ROUTE","matrix","","","","",""
"27","5272840","0x7999Dcc54e539D974fb5d329BB369E0777881C30","ONE","uniswap","4","0x2efc2de0a197a81da37459c405c32cb2e5b50cf15514f1b6006fdd5244458ed6","[{""protocol"":""uniswap"",""version"":4,""pool"":""0x2efc2de0a197a81da37459c405c32cb2e5b50cf15514f1b6006fdd5244458ed6""}]","BUY","0x0000000000000000000000000000000000000000","0x7999Dcc54e539D974fb5d329BB369E0777881C30","500000000000000","0x1111111111111111111111111111111111111111","4663","zero-x-swap","25","0x0000000000000000000000000000000000000000","9900","10000","FIRM_RETURNED","ROUTABLE","","NOT_APPLICABLE","NO","1250000000000","NOT_RUN_INSUFFICIENT_BALANCE","indicative","57694345716907841136137","{""sellAsset"":""0xeeeeeeeeeeeeeeeeeeeeeeeeeeeeeeeeeeeeeeee"",""buyAsset"":""0x7999dcc54e539d974fb5d329bb369e0777881c30"",""sellAmount"":""500000000000000"",""buyAmount"":""57694345716907841136137"",""minBuyAmount"":""57123171694310453502813"",""totalNetworkFee"":""345250127344500"",""integratorFee"":{""asset"":""0xeeeeeeeeeeeeeeeeeeeeeeeeeeeeeeeeeeeeeeee"",""amount"":""1250000000000"",""type"":""volume""},""zeroExFee"":{""asset"":""0xeeeeeeeeeeeeeeeeeeeeeeeeeeeeeeeeeeeeeeee"",""amount"":""750000000000"",""type"":""volume""},""gasFee"":null,""integratorFees"":[{""asset"":""0xeeeeeeeeeeeeeeeeeeeeeeeeeeeeeeeeeeeeeeee"",""amount"":""1250000000000"",""type"":""volume""}],""integratorFeesOverflow"":false}","0","57694345716907841136137","57123171694310453502813","57123171694310453502813","true","","0x0000000000001fF3684f28c67538d4D072C22734","500000000000000","0xd00da84fe75462bf011c433e5818e2c9ddfe38a780e8b4512bc5546d35f98d14","0x39b38686A19836Ac10162c490E4558e120CbBE5f","0xb6c0bf3b83bc9ae4f6ed65a4f5f6c188eb3e4258d8d3b3705dff4ac02ed4a966","0x99f5e8edaceacfdd183eb5f1da8a7757b322495b80cf7928db289a1b1a09f799","insufficient_balance","{""status"":""PASS"",""mode"":""ETH_CALL_EPHEMERAL_FUNDING"",""walletAuthority"":false,""blockNumber"":""57775054"",""blockHash"":""0x320e67d72efaf14014320f29a4acf5e2d059e15f46cad2286329e81c94de0174"",""errorCode"":null,""errorSelector"":null,""calldataHash"":""0xd00da84fe75462bf011c433e5818e2c9ddfe38a780e8b4512bc5546d35f98d14"",""gasLimit"":""1253693"",""gasPrice"":""271230750"",""transactionTarget"":""0x0000000000001fF3684f28c67538d4D072C22734"",""transactionValue"":""500000000000000"",""protectedOutput"":""57123171694310453502813"",""exactEnvelopePreserved"":true}","FIRM_VERIFIED","matrix","","","","",""
"27","5272840","0x7999Dcc54e539D974fb5d329BB369E0777881C30","ONE","uniswap","4","0x2efc2de0a197a81da37459c405c32cb2e5b50cf15514f1b6006fdd5244458ed6","[{""protocol"":""uniswap"",""version"":4,""pool"":""0x2efc2de0a197a81da37459c405c32cb2e5b50cf15514f1b6006fdd5244458ed6""}]","SELL","0x7999Dcc54e539D974fb5d329BB369E0777881C30","0x0000000000000000000000000000000000000000","57694345716907841136137","0x1111111111111111111111111111111111111111","4663","zero-x-swap","25","0x7999Dcc54e539D974fb5d329BB369E0777881C30","9900","10000","FIRM_RETURNED","ROUTABLE","","NOT_APPLICABLE","NO","144235864292269602840","NOT_RUN_INSUFFICIENT_BALANCE","indicative","1728255013065","{""sellAsset"":""0x7999dcc54e539d974fb5d329bb369e0777881c30"",""buyAsset"":""0xeeeeeeeeeeeeeeeeeeeeeeeeeeeeeeeeeeeeeeee"",""sellAmount"":""57694345716907841136137"",""buyAmount"":""1728255013065"",""minBuyAmount"":""1711119585294"",""totalNetworkFee"":""596009943126000"",""integratorFee"":{""asset"":""0x7999dcc54e539d974fb5d329bb369e0777881c30"",""amount"":""144235864292269602840"",""type"":""volume""},""zeroExFee"":{""asset"":""0xeeeeeeeeeeeeeeeeeeeeeeeeeeeeeeeeeeeeeeee"",""amount"":""2596276944"",""type"":""volume""},""gasFee"":null,""integratorFees"":[{""asset"":""0x7999dcc54e539d974fb5d329bb369e0777881c30"",""amount"":""144235864292269602840"",""type"":""volume""}],""integratorFeesOverflow"":false}","0","1728255013065","1711119585294","1711119585294","true","0x0000000000001fF3684f28c67538d4D072C22734","0x0000000000001fF3684f28c67538d4D072C22734","0","0x5a238bad5cfa3553c9309b6f12120f9818593196dff12e563047c2951e65dafe","0x39b38686A19836Ac10162c490E4558e120CbBE5f","0xb6c0bf3b83bc9ae4f6ed65a4f5f6c188eb3e4258d8d3b3705dff4ac02ed4a966","0x99f5e8edaceacfdd183eb5f1da8a7757b322495b80cf7928db289a1b1a09f799","insufficient_balance","{""status"":""UNSUPPORTED_TOKEN_STORAGE_LAYOUT"",""mode"":""ETH_CALL_EPHEMERAL_FUNDING"",""walletAuthority"":false,""blockNumber"":""57775069"",""blockHash"":""0xd5f4d3fcce88f7d282693723fc35ea4ebad5a25ea160741ee34ddcc1a044c947""}","FIRM_VERIFIED","matrix","","","","",""
"28","5272840","0xf0821f2BF570ca4e7499a9Ed9dB7C788FED9946f","PEEP","uniswap","2","0xe70dd15481ba143f145fbe23e8916236d554d3c7","[{""protocol"":""uniswap"",""version"":2,""pool"":""0xe70dd15481ba143f145fbe23e8916236d554d3c7""}]","BUY","0x0000000000000000000000000000000000000000","0xf0821f2BF570ca4e7499a9Ed9dB7C788FED9946f","500000000000000","0x1111111111111111111111111111111111111111","4663","zero-x-swap","25","0x0000000000000000000000000000000000000000","9900","10000","FIRM_RETURNED","ROUTABLE","","NOT_APPLICABLE","NO","1250000000000","NOT_RUN_INSUFFICIENT_BALANCE","indicative","57349701542949120644598","{""sellAsset"":""0xeeeeeeeeeeeeeeeeeeeeeeeeeeeeeeeeeeeeeeee"",""buyAsset"":""0xf0821f2bf570ca4e7499a9ed9db7c788fed9946f"",""sellAmount"":""500000000000000"",""buyAmount"":""57349701542949120644598"",""minBuyAmount"":""56781939497673924345664"",""totalNetworkFee"":""85053178764000"",""integratorFee"":{""asset"":""0xeeeeeeeeeeeeeeeeeeeeeeeeeeeeeeeeeeeeeeee"",""amount"":""1250000000000"",""type"":""volume""},""zeroExFee"":{""asset"":""0xeeeeeeeeeeeeeeeeeeeeeeeeeeeeeeeeeeeeeeee"",""amount"":""750000000000"",""type"":""volume""},""gasFee"":null,""integratorFees"":[{""asset"":""0xeeeeeeeeeeeeeeeeeeeeeeeeeeeeeeeeeeeeeeee"",""amount"":""1250000000000"",""type"":""volume""}],""integratorFeesOverflow"":false}","0","57349701542949120644598","56781939497673924345664","56781939497673924345664","true","","0x0000000000001fF3684f28c67538d4D072C22734","500000000000000","0xe423daae815cd09e8374450d62b86298b705409aed40619ac55c18a0cdbe909e","0x39b38686A19836Ac10162c490E4558e120CbBE5f","0xb6c0bf3b83bc9ae4f6ed65a4f5f6c188eb3e4258d8d3b3705dff4ac02ed4a966","0x99f5e8edaceacfdd183eb5f1da8a7757b322495b80cf7928db289a1b1a09f799","insufficient_balance","{""status"":""PASS"",""mode"":""ETH_CALL_EPHEMERAL_FUNDING"",""walletAuthority"":false,""blockNumber"":""57775109"",""blockHash"":""0x5b478111eaf336f8f5a0a4985dd3b38d8e895b43e95dfa7b35707065de705ef1"",""errorCode"":null,""errorSelector"":null,""calldataHash"":""0xe423daae815cd09e8374450d62b86298b705409aed40619ac55c18a0cdbe909e"",""gasLimit"":""313800"",""gasPrice"":""272526750"",""transactionTarget"":""0x0000000000001fF3684f28c67538d4D072C22734"",""transactionValue"":""500000000000000"",""protectedOutput"":""56781939497673924345664"",""exactEnvelopePreserved"":true}","FIRM_VERIFIED","matrix","","","","",""
"28","5272840","0xf0821f2BF570ca4e7499a9Ed9dB7C788FED9946f","PEEP","uniswap","2","0xe70dd15481ba143f145fbe23e8916236d554d3c7","[{""protocol"":""uniswap"",""version"":2,""pool"":""0xe70dd15481ba143f145fbe23e8916236d554d3c7""}]","SELL","0xf0821f2BF570ca4e7499a9Ed9dB7C788FED9946f","0x0000000000000000000000000000000000000000","57349701542949120644598","0x1111111111111111111111111111111111111111","4663","zero-x-swap","25","0xf0821f2BF570ca4e7499a9Ed9dB7C788FED9946f","9900","10000","FIRM_RETURNED","ROUTABLE","","NOT_APPLICABLE","NO","143374253857372801611","NOT_RUN_INSUFFICIENT_BALANCE","indicative","492905235364120","{""sellAsset"":""0xf0821f2bf570ca4e7499a9ed9db7c788fed9946f"",""buyAsset"":""0xeeeeeeeeeeeeeeeeeeeeeeeeeeeeeeeeeeeeeeee"",""sellAmount"":""57349701542949120644598"",""buyAmount"":""492905235364120"",""minBuyAmount"":""488018142895312"",""totalNetworkFee"":""84864829950000"",""integratorFee"":{""asset"":""0xf0821f2bf570ca4e7499a9ed9db7c788fed9946f"",""amount"":""143374253857372801611"",""type"":""volume""},""zeroExFee"":{""asset"":""0xeeeeeeeeeeeeeeeeeeeeeeeeeeeeeeeeeeeeeeee"",""amount"":""740468555894"",""type"":""volume""},""gasFee"":null,""integratorFees"":[{""asset"":""0xf0821f2bf570ca4e7499a9ed9db7c788fed9946f"",""amount"":""143374253857372801611"",""type"":""volume""}],""integratorFeesOverflow"":false}","0","492905235364120","488018142895312","488018142895312","true","0x0000000000001fF3684f28c67538d4D072C22734","0x0000000000001fF3684f28c67538d4D072C22734","0","0xabf5f00061f983b9c5c688ebceaa0cf9791ac5d2ee7a90e061719a0a51651a03","0x39b38686A19836Ac10162c490E4558e120CbBE5f","0xb6c0bf3b83bc9ae4f6ed65a4f5f6c188eb3e4258d8d3b3705dff4ac02ed4a966","0x99f5e8edaceacfdd183eb5f1da8a7757b322495b80cf7928db289a1b1a09f799","insufficient_balance","{""status"":""PASS"",""mode"":""ETH_CALL_EPHEMERAL_FUNDING"",""walletAuthority"":false,""blockNumber"":""57775115"",""blockHash"":""0xcf29da3e86b2c682265dd7d31c364385765c03f1d42e1434aa098f277e885579"",""balanceSlot"":""0xf043c50fe795c69f30b8ff78b84032dc53a9d87ca283ae10a1dacfbb648e83ef"",""allowanceSlot"":""0x8633cf2d93cf08d5beab4385c45958edebafa053650c03b0a14121e3dde9d80f"",""allowanceSpender"":""0x0000000000001fF3684f28c67538d4D072C22734"",""allowanceAtomic"":""57349701542949120644598"",""errorCode"":null,""errorSelector"":null,""calldataHash"":""0xabf5f00061f983b9c5c688ebceaa0cf9791ac5d2ee7a90e061719a0a51651a03"",""gasLimit"":""311412"",""gasPrice"":""270486000"",""transactionTarget"":""0x0000000000001fF3684f28c67538d4D072C22734"",""transactionValue"":""0"",""protectedOutput"":""488018142895312"",""exactEnvelopePreserved"":true}","FIRM_VERIFIED","matrix","","","","",""
"29","5272840","0x8dDaa5fc541E786184b313A8013Bf418fb1B859D","のリス","uniswap","3","0x3d64931654ed91a06c95cf0f88210d71f389dcf5","[{""protocol"":""uniswap"",""version"":3,""pool"":""0x3d64931654ed91a06c95cf0f88210d71f389dcf5""}]","BUY","0x0000000000000000000000000000000000000000","0x8dDaa5fc541E786184b313A8013Bf418fb1B859D","500000000000000","0x1111111111111111111111111111111111111111","4663","zero-x-swap","25","0x0000000000000000000000000000000000000000","9900","10000","no_route","NO_ROUTE","","NOT_APPLICABLE","NO","1250000000000","NOT_REACHED","no_route","","{""sellAsset"":null,""buyAsset"":null,""sellAmount"":null,""buyAmount"":null,""minBuyAmount"":null,""totalNetworkFee"":null,""integratorFee"":null,""zeroExFee"":null,""gasFee"":null,""integratorFees"":[],""integratorFeesOverflow"":false}","","","","","","","","","","","","","","","NO_ROUTE","matrix","","","","",""
"29","5272840","0x8dDaa5fc541E786184b313A8013Bf418fb1B859D","のリス","uniswap","3","0x3d64931654ed91a06c95cf0f88210d71f389dcf5","[{""protocol"":""uniswap"",""version"":3,""pool"":""0x3d64931654ed91a06c95cf0f88210d71f389dcf5""}]","SELL","0x8dDaa5fc541E786184b313A8013Bf418fb1B859D","0x0000000000000000000000000000000000000000","1000000000000000000","0x1111111111111111111111111111111111111111","4663","zero-x-swap","25","0x8dDaa5fc541E786184b313A8013Bf418fb1B859D","9900","10000","no_route","NO_ROUTE","","NOT_APPLICABLE","NO","2500000000000000","NOT_REACHED","no_route","","{""sellAsset"":null,""buyAsset"":null,""sellAmount"":null,""buyAmount"":null,""minBuyAmount"":null,""totalNetworkFee"":null,""integratorFee"":null,""zeroExFee"":null,""gasFee"":null,""integratorFees"":[],""integratorFeesOverflow"":false}","","","","","","","","","","","","","","","NO_ROUTE","matrix","","","","",""
"30","5272840","0x27db70125A1645d9bab26b53Abd1DdAdD645B429","haMSTR","uniswap","4","0x927d5fe5f940d53bb2de818e9ff447e1a44670a5cc25fe2b12def58ca06d2243","[{""protocol"":""uniswap"",""version"":4,""pool"":""0x927d5fe5f940d53bb2de818e9ff447e1a44670a5cc25fe2b12def58ca06d2243""}]","BUY","0x0000000000000000000000000000000000000000","0x27db70125A1645d9bab26b53Abd1DdAdD645B429","500000000000000","0x1111111111111111111111111111111111111111","4663","zero-x-swap","25","0x0000000000000000000000000000000000000000","9900","10000","no_route","NO_ROUTE","","NOT_APPLICABLE","NO","1250000000000","NOT_REACHED","no_route","","{""sellAsset"":null,""buyAsset"":null,""sellAmount"":null,""buyAmount"":null,""minBuyAmount"":null,""totalNetworkFee"":null,""integratorFee"":null,""zeroExFee"":null,""gasFee"":null,""integratorFees"":[],""integratorFeesOverflow"":false}","","","","","","","","","","","","","","","NO_ROUTE","matrix","","","","",""
"30","5272840","0x27db70125A1645d9bab26b53Abd1DdAdD645B429","haMSTR","uniswap","4","0x927d5fe5f940d53bb2de818e9ff447e1a44670a5cc25fe2b12def58ca06d2243","[{""protocol"":""uniswap"",""version"":4,""pool"":""0x927d5fe5f940d53bb2de818e9ff447e1a44670a5cc25fe2b12def58ca06d2243""}]","SELL","0x27db70125A1645d9bab26b53Abd1DdAdD645B429","0x0000000000000000000000000000000000000000","1000000000000000000","0x1111111111111111111111111111111111111111","4663","zero-x-swap","25","0x27db70125A1645d9bab26b53Abd1DdAdD645B429","9900","10000","no_route","NO_ROUTE","","NOT_APPLICABLE","NO","2500000000000000","NOT_REACHED","no_route","","{""sellAsset"":null,""buyAsset"":null,""sellAmount"":null,""buyAmount"":null,""minBuyAmount"":null,""totalNetworkFee"":null,""integratorFee"":null,""zeroExFee"":null,""gasFee"":null,""integratorFees"":[],""integratorFeesOverflow"":false}","","","","","","","","","","","","","","","NO_ROUTE","matrix","","","","",""
"31","5272840","0xc6911796042b15d7Fa4F6CDe69e245DdCd3d9c31","VIRTUAL","uniswap","2","0x0794c9c35f9365ee49dbae32aba718da472fd8db","[{""protocol"":""uniswap"",""version"":2,""pool"":""0x0794c9c35f9365ee49dbae32aba718da472fd8db""},{""protocol"":""uniswap"",""version"":2,""pool"":""0x8865a9b53b936c705e936b0d7f8e870d1fc61309""},{""protocol"":""uniswap"",""version"":2,""pool"":""0xd75ac5369a3fc20e04bd7c22993978042e391998""}]","BUY","0x0000000000000000000000000000000000000000","0xc6911796042b15d7Fa4F6CDe69e245DdCd3d9c31","500000000000000","0x1111111111111111111111111111111111111111","4663","zero-x-swap","25","0x0000000000000000000000000000000000000000","9900","10000","FIRM_RETURNED","ROUTABLE","","NOT_APPLICABLE","NO","1250000000000","NOT_RUN_INSUFFICIENT_BALANCE","indicative","1708093981085399339","{""sellAsset"":""0xeeeeeeeeeeeeeeeeeeeeeeeeeeeeeeeeeeeeeeee"",""buyAsset"":""0xc6911796042b15d7fa4f6cde69e245ddcd3d9c31"",""sellAmount"":""500000000000000"",""buyAmount"":""1708093981085399339"",""minBuyAmount"":""1691183850672644639"",""totalNetworkFee"":""85253829705000"",""integratorFee"":{""asset"":""0xeeeeeeeeeeeeeeeeeeeeeeeeeeeeeeeeeeeeeeee"",""amount"":""1250000000000"",""type"":""volume""},""zeroExFee"":{""asset"":""0xeeeeeeeeeeeeeeeeeeeeeeeeeeeeeeeeeeeeeeee"",""amount"":""750000000000"",""type"":""volume""},""gasFee"":null,""integratorFees"":[{""asset"":""0xeeeeeeeeeeeeeeeeeeeeeeeeeeeeeeeeeeeeeeee"",""amount"":""1250000000000"",""type"":""volume""}],""integratorFeesOverflow"":false}","0","1708093981085399339","1691183850672644639","1691183850672644639","true","","0x0000000000001fF3684f28c67538d4D072C22734","500000000000000","0xe172e1e42e747a38ff0c04f11253fb190f846aeb3d6dee1d96b044ccc1b40534","0x39b38686A19836Ac10162c490E4558e120CbBE5f","0xb6c0bf3b83bc9ae4f6ed65a4f5f6c188eb3e4258d8d3b3705dff4ac02ed4a966","0x99f5e8edaceacfdd183eb5f1da8a7757b322495b80cf7928db289a1b1a09f799","insufficient_balance","{""status"":""PASS"",""mode"":""ETH_CALL_EPHEMERAL_FUNDING"",""walletAuthority"":false,""blockNumber"":""57775159"",""blockHash"":""0x80641fe630cf172aec55c71f0d43ae8933172e4ca0ffdbeb19edc19f6cfb8c66"",""errorCode"":null,""errorSelector"":null,""calldataHash"":""0xe172e1e42e747a38ff0c04f11253fb190f846aeb3d6dee1d96b044ccc1b40534"",""gasLimit"":""313060"",""gasPrice"":""270486000"",""transactionTarget"":""0x0000000000001fF3684f28c67538d4D072C22734"",""transactionValue"":""500000000000000"",""protectedOutput"":""1691183850672644639"",""exactEnvelopePreserved"":true}","FIRM_VERIFIED","matrix","","","","",""
"31","5272840","0xc6911796042b15d7Fa4F6CDe69e245DdCd3d9c31","VIRTUAL","uniswap","2","0x0794c9c35f9365ee49dbae32aba718da472fd8db","[{""protocol"":""uniswap"",""version"":2,""pool"":""0x0794c9c35f9365ee49dbae32aba718da472fd8db""},{""protocol"":""uniswap"",""version"":2,""pool"":""0x8865a9b53b936c705e936b0d7f8e870d1fc61309""},{""protocol"":""uniswap"",""version"":2,""pool"":""0xd75ac5369a3fc20e04bd7c22993978042e391998""}]","SELL","0xc6911796042b15d7Fa4F6CDe69e245DdCd3d9c31","0x0000000000000000000000000000000000000000","1708093981085399339","0x1111111111111111111111111111111111111111","4663","zero-x-swap","25","0xc6911796042b15d7Fa4F6CDe69e245DdCd3d9c31","9900","10000","FIRM_RETURNED","ROUTABLE","","NOT_APPLICABLE","NO","4270234952713498","NOT_RUN_INSUFFICIENT_BALANCE","indicative","495710943160100","{""sellAsset"":""0xc6911796042b15d7fa4f6cde69e245ddcd3d9c31"",""buyAsset"":""0xeeeeeeeeeeeeeeeeeeeeeeeeeeeeeeeeeeeeeeee"",""sellAmount"":""1708093981085399339"",""buyAmount"":""495710943160100"",""minBuyAmount"":""490796032456760"",""totalNetworkFee"":""86532258204000"",""integratorFee"":{""asset"":""0xc6911796042b15d7fa4f6cde69e245ddcd3d9c31"",""amount"":""4270234952713498"",""type"":""volume""},""zeroExFee"":{""asset"":""0xeeeeeeeeeeeeeeeeeeeeeeeeeeeeeeeeeeeeeeee"",""amount"":""744683439905"",""type"":""volume""},""gasFee"":null,""integratorFees"":[{""asset"":""0xc6911796042b15d7fa4f6cde69e245ddcd3d9c31"",""amount"":""4270234952713498"",""type"":""volume""}],""integratorFeesOverflow"":false}","0","495710943160100","490796032456760","490796032456760","true","0x0000000000001fF3684f28c67538d4D072C22734","0x0000000000001fF3684f28c67538d4D072C22734","0","0xbdf63a071bf43671c0442b0a22099c078106fa11f33ed73199228e5c8e245621","0x39b38686A19836Ac10162c490E4558e120CbBE5f","0xb6c0bf3b83bc9ae4f6ed65a4f5f6c188eb3e4258d8d3b3705dff4ac02ed4a966","0x99f5e8edaceacfdd183eb5f1da8a7757b322495b80cf7928db289a1b1a09f799","insufficient_balance","{""status"":""PASS"",""mode"":""ETH_CALL_EPHEMERAL_FUNDING"",""walletAuthority"":false,""blockNumber"":""57775164"",""blockHash"":""0x7d8e5a239ae6cdae31775bd1418d8dc7dc335ddd096ce49f01542794b50f3cf6"",""balanceSlot"":""0xf043c50fe795c69f30b8ff78b84032dc53a9d87ca283ae10a1dacfbb648e83ef"",""allowanceSlot"":""0x8633cf2d93cf08d5beab4385c45958edebafa053650c03b0a14121e3dde9d80f"",""allowanceSpender"":""0x0000000000001fF3684f28c67538d4D072C22734"",""allowanceAtomic"":""1708093981085399339"",""errorCode"":null,""errorSelector"":null,""calldataHash"":""0xbdf63a071bf43671c0442b0a22099c078106fa11f33ed73199228e5c8e245621"",""gasLimit"":""319914"",""gasPrice"":""272324250"",""transactionTarget"":""0x0000000000001fF3684f28c67538d4D072C22734"",""transactionValue"":""0"",""protectedOutput"":""490796032456760"",""exactEnvelopePreserved"":true}","FIRM_VERIFIED","matrix","","","","",""
"32","5272840","0xf0E17e54239CD945Cd7bEa471a3a2CA6a8C7f7A3","LEMON.FUN","uniswap","3","0x01fe057d1c5fb09a4ac02860758ddf26df9336b5","[{""protocol"":""uniswap"",""version"":3,""pool"":""0x01fe057d1c5fb09a4ac02860758ddf26df9336b5""}]","BUY","0x0000000000000000000000000000000000000000","0xf0E17e54239CD945Cd7bEa471a3a2CA6a8C7f7A3","500000000000000","0x1111111111111111111111111111111111111111","4663","zero-x-swap","25","0x0000000000000000000000000000000000000000","9900","10000","FIRM_RETURNED","ROUTABLE","","NOT_APPLICABLE","NO","1250000000000","NOT_RUN_INSUFFICIENT_BALANCE","indicative","2665496839368892918839","{""sellAsset"":""0xeeeeeeeeeeeeeeeeeeeeeeeeeeeeeeeeeeeeeeee"",""buyAsset"":""0xf0e17e54239cd945cd7bea471a3a2ca6a8c7f7a3"",""sellAmount"":""500000000000000"",""buyAmount"":""2665496839368892918839"",""minBuyAmount"":""2639108420659140870191"",""totalNetworkFee"":""89995586422500"",""integratorFee"":{""asset"":""0xeeeeeeeeeeeeeeeeeeeeeeeeeeeeeeeeeeeeeeee"",""amount"":""1250000000000"",""type"":""volume""},""zeroExFee"":{""asset"":""0xeeeeeeeeeeeeeeeeeeeeeeeeeeeeeeeeeeeeeeee"",""amount"":""750000000000"",""type"":""volume""},""gasFee"":null,""integratorFees"":[{""asset"":""0xeeeeeeeeeeeeeeeeeeeeeeeeeeeeeeeeeeeeeeee"",""amount"":""1250000000000"",""type"":""volume""}],""integratorFeesOverflow"":false}","0","2665496839368892918839","2639108420659140870191","2639108420659140870191","true","","0x0000000000001fF3684f28c67538d4D072C22734","500000000000000","0x7efa4afd858c7a13361823ed46a84718b31e2588a448702fb56f1cf0f7e30a6b","0x39b38686A19836Ac10162c490E4558e120CbBE5f","0xb6c0bf3b83bc9ae4f6ed65a4f5f6c188eb3e4258d8d3b3705dff4ac02ed4a966","0x99f5e8edaceacfdd183eb5f1da8a7757b322495b80cf7928db289a1b1a09f799","insufficient_balance","{""status"":""PASS"",""mode"":""ETH_CALL_EPHEMERAL_FUNDING"",""walletAuthority"":false,""blockNumber"":""57775184"",""blockHash"":""0xd4e55e8fcbbd8fff5f4d73aa86162301c95c135972e41ec0bf8071f3489af6e3"",""errorCode"":null,""errorSelector"":null,""calldataHash"":""0x7efa4afd858c7a13361823ed46a84718b31e2588a448702fb56f1cf0f7e30a6b"",""gasLimit"":""333033"",""gasPrice"":""271026000"",""transactionTarget"":""0x0000000000001fF3684f28c67538d4D072C22734"",""transactionValue"":""500000000000000"",""protectedOutput"":""2639108420659140870191"",""exactEnvelopePreserved"":true}","FIRM_VERIFIED","matrix","","","","",""
"32","5272840","0xf0E17e54239CD945Cd7bEa471a3a2CA6a8C7f7A3","LEMON.FUN","uniswap","3","0x01fe057d1c5fb09a4ac02860758ddf26df9336b5","[{""protocol"":""uniswap"",""version"":3,""pool"":""0x01fe057d1c5fb09a4ac02860758ddf26df9336b5""}]","SELL","0xf0E17e54239CD945Cd7bEa471a3a2CA6a8C7f7A3","0x0000000000000000000000000000000000000000","2665496839368892918839","0x1111111111111111111111111111111111111111","4663","zero-x-swap","25","0xf0E17e54239CD945Cd7bEa471a3a2CA6a8C7f7A3","9900","10000","FIRM_RETURNED","ROUTABLE","","NOT_APPLICABLE","NO","6663742098422232297","NOT_RUN_INSUFFICIENT_BALANCE","indicative","486113499662035","{""sellAsset"":""0xf0e17e54239cd945cd7bea471a3a2ca6a8c7f7a3"",""buyAsset"":""0xeeeeeeeeeeeeeeeeeeeeeeeeeeeeeeeeeeeeeeee"",""sellAmount"":""2665496839368892918839"",""buyAmount"":""486113499662035"",""minBuyAmount"":""481293746385466"",""totalNetworkFee"":""86901505614000"",""integratorFee"":{""asset"":""0xf0e17e54239cd945cd7bea471a3a2ca6a8c7f7a3"",""amount"":""6663742098422232297"",""type"":""volume""},""zeroExFee"":{""asset"":""0xeeeeeeeeeeeeeeeeeeeeeeeeeeeeeeeeeeeeeeee"",""amount"":""730265647977"",""type"":""volume""},""gasFee"":null,""integratorFees"":[{""asset"":""0xf0e17e54239cd945cd7bea471a3a2ca6a8c7f7a3"",""amount"":""6663742098422232297"",""type"":""volume""}],""integratorFeesOverflow"":false}","0","486113499662035","481293746385466","481293746385466","true","0x0000000000001fF3684f28c67538d4D072C22734","0x0000000000001fF3684f28c67538d4D072C22734","0","0x446e23da3cf0fbc1277c7ba88c7057d95a475e7b1fad8403c063de5ba53e2103","0x39b38686A19836Ac10162c490E4558e120CbBE5f","0xb6c0bf3b83bc9ae4f6ed65a4f5f6c188eb3e4258d8d3b3705dff4ac02ed4a966","0x99f5e8edaceacfdd183eb5f1da8a7757b322495b80cf7928db289a1b1a09f799","insufficient_balance","{""status"":""PASS"",""mode"":""ETH_CALL_EPHEMERAL_FUNDING"",""walletAuthority"":false,""blockNumber"":""57775188"",""blockHash"":""0x6a74f14813675d688985c553362ca34e0bae6c8e486cca5845ba58211d35cf1c"",""balanceSlot"":""0xf043c50fe795c69f30b8ff78b84032dc53a9d87ca283ae10a1dacfbb648e83ef"",""allowanceSlot"":""0x8633cf2d93cf08d5beab4385c45958edebafa053650c03b0a14121e3dde9d80f"",""allowanceSpender"":""0x0000000000001fF3684f28c67538d4D072C22734"",""allowanceAtomic"":""2665496839368892918839"",""errorCode"":null,""errorSelector"":null,""calldataHash"":""0x446e23da3cf0fbc1277c7ba88c7057d95a475e7b1fad8403c063de5ba53e2103"",""gasLimit"":""320639"",""gasPrice"":""270220500"",""transactionTarget"":""0x0000000000001fF3684f28c67538d4D072C22734"",""transactionValue"":""0"",""protectedOutput"":""481293746385466"",""exactEnvelopePreserved"":true}","FIRM_VERIFIED","matrix","","","","",""
"33","5272840","0x890C6F78d70B59ee3c863dFc5bda2321d8E0992D","TESTER2","uniswap","4","0x260432a12b3cefb63f06ae3e5586fe63df62e168bd572338fdba7090c82bb052","[{""protocol"":""uniswap"",""version"":4,""pool"":""0x260432a12b3cefb63f06ae3e5586fe63df62e168bd572338fdba7090c82bb052""}]","BUY","0x0000000000000000000000000000000000000000","0x890C6F78d70B59ee3c863dFc5bda2321d8E0992D","500000000000000","0x1111111111111111111111111111111111111111","4663","zero-x-swap","25","0x0000000000000000000000000000000000000000","9900","10000","FIRM_RETURNED","ROUTABLE","","NOT_APPLICABLE","NO","1250000000000","NOT_RUN_INSUFFICIENT_BALANCE","indicative","46254272596481449008428","{""sellAsset"":""0xeeeeeeeeeeeeeeeeeeeeeeeeeeeeeeeeeeeeeeee"",""buyAsset"":""0x890c6f78d70b59ee3c863dfc5bda2321d8e0992d"",""sellAmount"":""500000000000000"",""buyAmount"":""46254272596481449008428"",""minBuyAmount"":""45796355297776282654900"",""totalNetworkFee"":""350402468724000"",""integratorFee"":{""asset"":""0xeeeeeeeeeeeeeeeeeeeeeeeeeeeeeeeeeeeeeeee"",""amount"":""1250000000000"",""type"":""volume""},""zeroExFee"":{""asset"":""0xeeeeeeeeeeeeeeeeeeeeeeeeeeeeeeeeeeeeeeee"",""amount"":""750000000000"",""type"":""volume""},""gasFee"":null,""integratorFees"":[{""asset"":""0xeeeeeeeeeeeeeeeeeeeeeeeeeeeeeeeeeeeeeeee"",""amount"":""1250000000000"",""type"":""volume""}],""integratorFeesOverflow"":false}","0","46254272596481449008428","45796355297776282654900","45796355297776282654900","true","","0x0000000000001fF3684f28c67538d4D072C22734","500000000000000","0x343a24876727c34ecd31209469779f5cd46f5029c38d52d4242235d5af942a2b","0x39b38686A19836Ac10162c490E4558e120CbBE5f","0xb6c0bf3b83bc9ae4f6ed65a4f5f6c188eb3e4258d8d3b3705dff4ac02ed4a966","0x99f5e8edaceacfdd183eb5f1da8a7757b322495b80cf7928db289a1b1a09f799","insufficient_balance","{""status"":""PASS"",""mode"":""ETH_CALL_EPHEMERAL_FUNDING"",""walletAuthority"":false,""blockNumber"":""57775208"",""blockHash"":""0x5e8373cff037e70a3c96cad1909058c873ec933a958f858d972f1e3d01a9998b"",""errorCode"":null,""errorSelector"":null,""calldataHash"":""0x343a24876727c34ecd31209469779f5cd46f5029c38d52d4242235d5af942a2b"",""gasLimit"":""1292874"",""gasPrice"":""273026250"",""transactionTarget"":""0x0000000000001fF3684f28c67538d4D072C22734"",""transactionValue"":""500000000000000"",""protectedOutput"":""45796355297776282654900"",""exactEnvelopePreserved"":true}","FIRM_VERIFIED","matrix","","","","",""
"33","5272840","0x890C6F78d70B59ee3c863dFc5bda2321d8E0992D","TESTER2","uniswap","4","0x260432a12b3cefb63f06ae3e5586fe63df62e168bd572338fdba7090c82bb052","[{""protocol"":""uniswap"",""version"":4,""pool"":""0x260432a12b3cefb63f06ae3e5586fe63df62e168bd572338fdba7090c82bb052""}]","SELL","0x890C6F78d70B59ee3c863dFc5bda2321d8E0992D","0x0000000000000000000000000000000000000000","46254272596481449008428","0x1111111111111111111111111111111111111111","4663","zero-x-swap","25","0x890C6F78d70B59ee3c863dFc5bda2321d8E0992D","9900","10000","temporarily_unavailable","PROVIDER_UNAVAILABLE","","NOT_APPLICABLE","NO","115635681491203622521","NOT_REACHED","temporarily_unavailable","","","","","","","","","","","","","","","","","PROVIDER_UNAVAILABLE","matrix","","","","",""
"34","5272840","0xf71c8578e8C065f21678C31A6639E765c8B0530A","BAGENT","uniswap","2","0xd75ac5369a3fc20e04bd7c22993978042e391998","[{""protocol"":""uniswap"",""version"":2,""pool"":""0xd75ac5369a3fc20e04bd7c22993978042e391998""}]","BUY","0x0000000000000000000000000000000000000000","0xf71c8578e8C065f21678C31A6639E765c8B0530A","500000000000000","0x1111111111111111111111111111111111111111","4663","zero-x-swap","25","0x0000000000000000000000000000000000000000","9900","10000","FIRM_RETURNED","ROUTABLE","","NOT_APPLICABLE","NO","1250000000000","NOT_RUN_INSUFFICIENT_BALANCE","indicative","194368455967863367850139","{""sellAsset"":""0xeeeeeeeeeeeeeeeeeeeeeeeeeeeeeeeeeeeeeeee"",""buyAsset"":""0xf71c8578e8c065f21678c31a6639e765c8b0530a"",""sellAmount"":""500000000000000"",""buyAmount"":""194368455967863367850139"",""minBuyAmount"":""192444208253781520508285"",""totalNetworkFee"":""189208556381250"",""integratorFee"":{""asset"":""0xeeeeeeeeeeeeeeeeeeeeeeeeeeeeeeeeeeeeeeee"",""amount"":""1250000000000"",""type"":""volume""},""zeroExFee"":{""asset"":""0xeeeeeeeeeeeeeeeeeeeeeeeeeeeeeeeeeeeeeeee"",""amount"":""750000000000"",""type"":""volume""},""gasFee"":null,""integratorFees"":[{""asset"":""0xeeeeeeeeeeeeeeeeeeeeeeeeeeeeeeeeeeeeeeee"",""amount"":""1250000000000"",""type"":""volume""}],""integratorFeesOverflow"":false}","0","194368455967863367850139","192444208253781520508285","192444208253781520508285","true","","0x0000000000001fF3684f28c67538d4D072C22734","500000000000000","0x971067cc8fbde6aac059abc82634e453d23f115d3cf8642c851c7b03b5facea6","0x39b38686A19836Ac10162c490E4558e120CbBE5f","0xb6c0bf3b83bc9ae4f6ed65a4f5f6c188eb3e4258d8d3b3705dff4ac02ed4a966","0x99f5e8edaceacfdd183eb5f1da8a7757b322495b80cf7928db289a1b1a09f799","insufficient_balance","{""status"":""PASS"",""mode"":""ETH_CALL_EPHEMERAL_FUNDING"",""walletAuthority"":false,""blockNumber"":""57775218"",""blockHash"":""0x3cfacd19b19d4a4035b7ceb5211937db93f5c37bf1a9a4ee98ec497d992ba4f9"",""errorCode"":null,""errorSelector"":null,""calldataHash"":""0x971067cc8fbde6aac059abc82634e453d23f115d3cf8642c851c7b03b5facea6"",""gasLimit"":""693005"",""gasPrice"":""271026000"",""transactionTarget"":""0x0000000000001fF3684f28c67538d4D072C22734"",""transactionValue"":""500000000000000"",""protectedOutput"":""192444208253781520508285"",""exactEnvelopePreserved"":true}","FIRM_VERIFIED","matrix","","","","",""
"34","5272840","0xf71c8578e8C065f21678C31A6639E765c8B0530A","BAGENT","uniswap","2","0xd75ac5369a3fc20e04bd7c22993978042e391998","[{""protocol"":""uniswap"",""version"":2,""pool"":""0xd75ac5369a3fc20e04bd7c22993978042e391998""}]","SELL","0xf71c8578e8C065f21678C31A6639E765c8B0530A","0x0000000000000000000000000000000000000000","194368455967863367850139","0x1111111111111111111111111111111111111111","4663","zero-x-swap","25","0xf71c8578e8C065f21678C31A6639E765c8B0530A","9900","10000","no_route","NO_ROUTE","","NOT_APPLICABLE","NO","485921139919658419625","NOT_REACHED","no_route","","{""sellAsset"":null,""buyAsset"":null,""sellAmount"":null,""buyAmount"":null,""minBuyAmount"":null,""totalNetworkFee"":null,""integratorFee"":null,""zeroExFee"":null,""gasFee"":null,""integratorFees"":[],""integratorFeesOverflow"":false}","","","","","","","","","","","","","","","NO_ROUTE","matrix","","","","",""
"35","5272840","0x274117d3F589f0B6242402a3E37A7Be3c2f1C83e","のリス","uniswap","3","0xec3b27fbbf8feb74f1890400dd655753fc52e4cd","[{""protocol"":""uniswap"",""version"":3,""pool"":""0xec3b27fbbf8feb74f1890400dd655753fc52e4cd""}]","BUY","0x0000000000000000000000000000000000000000","0x274117d3F589f0B6242402a3E37A7Be3c2f1C83e","500000000000000","0x1111111111111111111111111111111111111111","4663","zero-x-swap","25","0x0000000000000000000000000000000000000000","9900","10000","FIRM_RETURNED","ROUTABLE","","NOT_APPLICABLE","NO","1250000000000","NOT_RUN_INSUFFICIENT_BALANCE","indicative","110298536178771918199088","{""sellAsset"":""0xeeeeeeeeeeeeeeeeeeeeeeeeeeeeeeeeeeeeeeee"",""buyAsset"":""0x274117d3f589f0b6242402a3e37a7be3c2f1c83e"",""sellAmount"":""500000000000000"",""buyAmount"":""110298536178771918199088"",""minBuyAmount"":""109206580670602076199919"",""totalNetworkFee"":""90006925680000"",""integratorFee"":{""asset"":""0xeeeeeeeeeeeeeeeeeeeeeeeeeeeeeeeeeeeeeeee"",""amount"":""1250000000000"",""type"":""volume""},""zeroExFee"":{""asset"":""0xeeeeeeeeeeeeeeeeeeeeeeeeeeeeeeeeeeeeeeee"",""amount"":""750000000000"",""type"":""volume""},""gasFee"":null,""integratorFees"":[{""asset"":""0xeeeeeeeeeeeeeeeeeeeeeeeeeeeeeeeeeeeeeeee"",""amount"":""1250000000000"",""type"":""volume""}],""integratorFeesOverflow"":false}","0","110298536178771918199088","109206580670602076199919","109206580670602076199919","true","","0x0000000000001fF3684f28c67538d4D072C22734","500000000000000","0x665eb78f3c1113bee740979be73d18b28fdd2659e2e722777ed2c726c69de506","0x39b38686A19836Ac10162c490E4558e120CbBE5f","0xb6c0bf3b83bc9ae4f6ed65a4f5f6c188eb3e4258d8d3b3705dff4ac02ed4a966","0x99f5e8edaceacfdd183eb5f1da8a7757b322495b80cf7928db289a1b1a09f799","insufficient_balance","{""status"":""PASS"",""mode"":""ETH_CALL_EPHEMERAL_FUNDING"",""walletAuthority"":false,""blockNumber"":""57775248"",""blockHash"":""0xa3ffa67f9a57636652b8aaa66c1deb946d5875abc2b7d4c421b40d9b3bfc57de"",""errorCode"":null,""errorSelector"":null,""calldataHash"":""0x665eb78f3c1113bee740979be73d18b28fdd2659e2e722777ed2c726c69de506"",""gasLimit"":""329664"",""gasPrice"":""273026250"",""transactionTarget"":""0x0000000000001fF3684f28c67538d4D072C22734"",""transactionValue"":""500000000000000"",""protectedOutput"":""109206580670602076199919"",""exactEnvelopePreserved"":true}","FIRM_VERIFIED","matrix","","","","",""
"35","5272840","0x274117d3F589f0B6242402a3E37A7Be3c2f1C83e","のリス","uniswap","3","0xec3b27fbbf8feb74f1890400dd655753fc52e4cd","[{""protocol"":""uniswap"",""version"":3,""pool"":""0xec3b27fbbf8feb74f1890400dd655753fc52e4cd""}]","SELL","0x274117d3F589f0B6242402a3E37A7Be3c2f1C83e","0x0000000000000000000000000000000000000000","110298536178771918199088","0x1111111111111111111111111111111111111111","4663","zero-x-swap","25","0x274117d3F589f0B6242402a3E37A7Be3c2f1C83e","9900","10000","FIRM_RETURNED","ROUTABLE","","NOT_APPLICABLE","NO","275746340446929795498","NOT_RUN_INSUFFICIENT_BALANCE","indicative","495803126856830","{""sellAsset"":""0x274117d3f589f0b6242402a3e37a7be3c2f1c83e"",""buyAsset"":""0xeeeeeeeeeeeeeeeeeeeeeeeeeeeeeeeeeeeeeeee"",""sellAmount"":""110298536178771918199088"",""buyAmount"":""495803126856830"",""minBuyAmount"":""490887302163908"",""totalNetworkFee"":""89384068872000"",""integratorFee"":{""asset"":""0x274117d3f589f0b6242402a3e37a7be3c2f1c83e"",""amount"":""275746340446929795498"",""type"":""volume""},""zeroExFee"":{""asset"":""0xeeeeeeeeeeeeeeeeeeeeeeeeeeeeeeeeeeeeeeee"",""amount"":""744821923181"",""type"":""volume""},""gasFee"":null,""integratorFees"":[{""asset"":""0x274117d3f589f0b6242402a3e37a7be3c2f1c83e"",""amount"":""275746340446929795498"",""type"":""volume""}],""integratorFeesOverflow"":false}","0","495803126856830","490887302163908","490887302163908","true","0x0000000000001fF3684f28c67538d4D072C22734","0x0000000000001fF3684f28c67538d4D072C22734","0","0x7fcdc6e497ce07fd0bd38279a1f2ba5052a37987492d7030857e26be2fa97a94","0x39b38686A19836Ac10162c490E4558e120CbBE5f","0xb6c0bf3b83bc9ae4f6ed65a4f5f6c188eb3e4258d8d3b3705dff4ac02ed4a966","0x99f5e8edaceacfdd183eb5f1da8a7757b322495b80cf7928db289a1b1a09f799","insufficient_balance","{""status"":""PASS"",""mode"":""ETH_CALL_EPHEMERAL_FUNDING"",""walletAuthority"":false,""blockNumber"":""57775254"",""blockHash"":""0x14bed558fdb2539a754589cc0c5cb985deb7177d4e006522698f316ba7220a1c"",""balanceSlot"":""0xf043c50fe795c69f30b8ff78b84032dc53a9d87ca283ae10a1dacfbb648e83ef"",""allowanceSlot"":""0x8633cf2d93cf08d5beab4385c45958edebafa053650c03b0a14121e3dde9d80f"",""allowanceSpender"":""0x0000000000001fF3684f28c67538d4D072C22734"",""allowanceAtomic"":""110298536178771918199088"",""errorCode"":null,""errorSelector"":null,""calldataHash"":""0x7fcdc6e497ce07fd0bd38279a1f2ba5052a37987492d7030857e26be2fa97a94"",""gasLimit"":""327808"",""gasPrice"":""270501750"",""transactionTarget"":""0x0000000000001fF3684f28c67538d4D072C22734"",""transactionValue"":""0"",""protectedOutput"":""490887302163908"",""exactEnvelopePreserved"":true}","FIRM_VERIFIED","matrix","","","","",""
"36","5272840","0x85E7F0721c103005A6287013081E26b6E8611E18","VENN","uniswap","4","0x9368555b6c975c5755b02fa3573b964ed4fe1b0650fefec69f28c9ed89aaeabb","[{""protocol"":""uniswap"",""version"":4,""pool"":""0x9368555b6c975c5755b02fa3573b964ed4fe1b0650fefec69f28c9ed89aaeabb""}]","BUY","0x0000000000000000000000000000000000000000","0x85E7F0721c103005A6287013081E26b6E8611E18","500000000000000","0x1111111111111111111111111111111111111111","4663","zero-x-swap","25","0x0000000000000000000000000000000000000000","9900","10000","FIRM_RETURNED","ROUTABLE","","NOT_APPLICABLE","NO","1250000000000","NOT_RUN_INSUFFICIENT_BALANCE","indicative","58871618149839894845619","{""sellAsset"":""0xeeeeeeeeeeeeeeeeeeeeeeeeeeeeeeeeeeeeeeee"",""buyAsset"":""0x85e7f0721c103005a6287013081e26b6e8611e18"",""sellAmount"":""500000000000000"",""buyAmount"":""58871618149839894845619"",""minBuyAmount"":""58288789130156479881084"",""totalNetworkFee"":""357546668823000"",""integratorFee"":{""asset"":""0xeeeeeeeeeeeeeeeeeeeeeeeeeeeeeeeeeeeeeeee"",""amount"":""1250000000000"",""type"":""volume""},""zeroExFee"":{""asset"":""0xeeeeeeeeeeeeeeeeeeeeeeeeeeeeeeeeeeeeeeee"",""amount"":""750000000000"",""type"":""volume""},""gasFee"":null,""integratorFees"":[{""asset"":""0xeeeeeeeeeeeeeeeeeeeeeeeeeeeeeeeeeeeeeeee"",""amount"":""1250000000000"",""type"":""volume""}],""integratorFeesOverflow"":false}","0","58871618149839894845619","58288789130156479881084","58288789130156479881084","true","","0x0000000000001fF3684f28c67538d4D072C22734","500000000000000","0xe9b11500219cd3c12c081a80bb83bf25f67723125d9a891b1e3f215ce7c4663b","0x39b38686A19836Ac10162c490E4558e120CbBE5f","0xb6c0bf3b83bc9ae4f6ed65a4f5f6c188eb3e4258d8d3b3705dff4ac02ed4a966","0x99f5e8edaceacfdd183eb5f1da8a7757b322495b80cf7928db289a1b1a09f799","insufficient_balance","{""status"":""PASS"",""mode"":""ETH_CALL_EPHEMERAL_FUNDING"",""walletAuthority"":false,""blockNumber"":""57775274"",""blockHash"":""0x0018e17b615f9e84e7f6cbdfe138810919a73e1852df72d75a4d3c9f2e5623ec"",""errorCode"":null,""errorSelector"":null,""calldataHash"":""0xe9b11500219cd3c12c081a80bb83bf25f67723125d9a891b1e3f215ce7c4663b"",""gasLimit"":""1321306"",""gasPrice"":""270598500"",""transactionTarget"":""0x0000000000001fF3684f28c67538d4D072C22734"",""transactionValue"":""500000000000000"",""protectedOutput"":""58288789130156479881084"",""exactEnvelopePreserved"":true}","FIRM_VERIFIED","matrix","","","","",""
"36","5272840","0x85E7F0721c103005A6287013081E26b6E8611E18","VENN","uniswap","4","0x9368555b6c975c5755b02fa3573b964ed4fe1b0650fefec69f28c9ed89aaeabb","[{""protocol"":""uniswap"",""version"":4,""pool"":""0x9368555b6c975c5755b02fa3573b964ed4fe1b0650fefec69f28c9ed89aaeabb""}]","SELL","0x85E7F0721c103005A6287013081E26b6E8611E18","0x0000000000000000000000000000000000000000","58871618149839894845619","0x1111111111111111111111111111111111111111","4663","zero-x-swap","25","0x85E7F0721c103005A6287013081E26b6E8611E18","9900","10000","no_route","NO_ROUTE","","NOT_APPLICABLE","NO","147179045374599737114","NOT_REACHED","no_route","","{""sellAsset"":null,""buyAsset"":null,""sellAmount"":null,""buyAmount"":null,""minBuyAmount"":null,""totalNetworkFee"":null,""integratorFee"":null,""zeroExFee"":null,""gasFee"":null,""integratorFees"":[],""integratorFeesOverflow"":false}","","","","","","","","","","","","","","","NO_ROUTE","matrix","","","","",""
"37","5272840","0xdf07A5ddBeAa98f06388bC48186a52bD67a87E8B","VOODOO","uniswap","2","0x0794c9c35f9365ee49dbae32aba718da472fd8db","[{""protocol"":""uniswap"",""version"":2,""pool"":""0x0794c9c35f9365ee49dbae32aba718da472fd8db""}]","BUY","0x0000000000000000000000000000000000000000","0xdf07A5ddBeAa98f06388bC48186a52bD67a87E8B","500000000000000","0x1111111111111111111111111111111111111111","4663","zero-x-swap","25","0x0000000000000000000000000000000000000000","9900","10000","FIRM_RETURNED","ROUTABLE","","NOT_APPLICABLE","NO","1250000000000","NOT_RUN_INSUFFICIENT_BALANCE","indicative","198208647372543978812049","{""sellAsset"":""0xeeeeeeeeeeeeeeeeeeeeeeeeeeeeeeeeeeeeeeee"",""buyAsset"":""0xdf07a5ddbeaa98f06388bc48186a52bd67a87e8b"",""sellAmount"":""500000000000000"",""buyAmount"":""198208647372543978812049"",""minBuyAmount"":""196246381763555793419781"",""totalNetworkFee"":""189164897066250"",""integratorFee"":{""asset"":""0xeeeeeeeeeeeeeeeeeeeeeeeeeeeeeeeeeeeeeeee"",""amount"":""1250000000000"",""type"":""volume""},""zeroExFee"":{""asset"":""0xeeeeeeeeeeeeeeeeeeeeeeeeeeeeeeeeeeeeeeee"",""amount"":""750000000000"",""type"":""volume""},""gasFee"":null,""integratorFees"":[{""asset"":""0xeeeeeeeeeeeeeeeeeeeeeeeeeeeeeeeeeeeeeeee"",""amount"":""1250000000000"",""type"":""volume""}],""integratorFeesOverflow"":false}","0","198208647372543978812049","196246381763555793419781","196246381763555793419781","true","","0x0000000000001fF3684f28c67538d4D072C22734","500000000000000","0x22ebf9744e3bd391f3e9cdc0627dee2c9b1bd10fd2a51f1ef18e156e965ab83d","0x39b38686A19836Ac10162c490E4558e120CbBE5f","0xb6c0bf3b83bc9ae4f6ed65a4f5f6c188eb3e4258d8d3b3705dff4ac02ed4a966","0x99f5e8edaceacfdd183eb5f1da8a7757b322495b80cf7928db289a1b1a09f799","insufficient_balance","{""status"":""PASS"",""mode"":""ETH_CALL_EPHEMERAL_FUNDING"",""walletAuthority"":false,""blockNumber"":""57775284"",""blockHash"":""0xff2af46e831ce990daa37a9187636311e3e8ddcbc877af3477edd2ab7e593e97"",""errorCode"":null,""errorSelector"":null,""calldataHash"":""0x22ebf9744e3bd391f3e9cdc0627dee2c9b1bd10fd2a51f1ef18e156e965ab83d"",""gasLimit"":""693005"",""gasPrice"":""270501750"",""transactionTarget"":""0x0000000000001fF3684f28c67538d4D072C22734"",""transactionValue"":""500000000000000"",""protectedOutput"":""196246381763555793419781"",""exactEnvelopePreserved"":true}","FIRM_VERIFIED","matrix","","","","",""
"37","5272840","0xdf07A5ddBeAa98f06388bC48186a52bD67a87E8B","VOODOO","uniswap","2","0x0794c9c35f9365ee49dbae32aba718da472fd8db","[{""protocol"":""uniswap"",""version"":2,""pool"":""0x0794c9c35f9365ee49dbae32aba718da472fd8db""}]","SELL","0xdf07A5ddBeAa98f06388bC48186a52bD67a87E8B","0x0000000000000000000000000000000000000000","198208647372543978812049","0x1111111111111111111111111111111111111111","4663","zero-x-swap","25","0xdf07A5ddBeAa98f06388bC48186a52bD67a87E8B","9900","10000","no_route","NO_ROUTE","","NOT_APPLICABLE","NO","495521618431359947030","NOT_REACHED","no_route","","{""sellAsset"":null,""buyAsset"":null,""sellAmount"":null,""buyAmount"":null,""minBuyAmount"":null,""totalNetworkFee"":null,""integratorFee"":null,""zeroExFee"":null,""gasFee"":null,""integratorFees"":[],""integratorFeesOverflow"":false}","","","","","","","","","","","","","","","NO_ROUTE","matrix","","","","",""
"38","5272840","0x020bfC650A365f8BB26819deAAbF3E21291018b4","CASHCAT","uniswap","3","0xa70fc67c9f69da90b63a0e4c05d229954574e313","[{""protocol"":""uniswap"",""version"":3,""pool"":""0xa70fc67c9f69da90b63a0e4c05d229954574e313""},{""protocol"":""uniswap"",""version"":4,""pool"":""0x5dda0356812bf212b7f137dee56b7adf75b24a7d859cceb140fe8c239dabd494""}]","BUY","0x0000000000000000000000000000000000000000","0x020bfC650A365f8BB26819deAAbF3E21291018b4","500000000000000","0x1111111111111111111111111111111111111111","4663","zero-x-swap","25","0x0000000000000000000000000000000000000000","9900","10000","FIRM_RETURNED","ROUTABLE","","NOT_APPLICABLE","NO","1250000000000","NOT_RUN_INSUFFICIENT_BALANCE","indicative","6983943718276070523","{""sellAsset"":""0xeeeeeeeeeeeeeeeeeeeeeeeeeeeeeeeeeeeeeeee"",""buyAsset"":""0x020bfc650a365f8bb26819deaabf3e21291018b4"",""sellAmount"":""500000000000000"",""buyAmount"":""6983943718276070523"",""minBuyAmount"":""6914802675465136907"",""totalNetworkFee"":""87745947455250"",""integratorFee"":{""asset"":""0xeeeeeeeeeeeeeeeeeeeeeeeeeeeeeeeeeeeeeeee"",""amount"":""1250000000000"",""type"":""volume""},""zeroExFee"":{""asset"":""0xeeeeeeeeeeeeeeeeeeeeeeeeeeeeeeeeeeeeeeee"",""amount"":""750000000000"",""type"":""volume""},""gasFee"":null,""integratorFees"":[{""asset"":""0xeeeeeeeeeeeeeeeeeeeeeeeeeeeeeeeeeeeeeeee"",""amount"":""1250000000000"",""type"":""volume""}],""integratorFeesOverflow"":false}","0","6983943718276070523","6914802675465136907","6914802675465136907","true","","0x0000000000001fF3684f28c67538d4D072C22734","500000000000000","0x25f9cbf29d8af798d27c89f517e8f3e3d4a6cf1d0031ee502993004c61ab8db8","0x39b38686A19836Ac10162c490E4558e120CbBE5f","0xb6c0bf3b83bc9ae4f6ed65a4f5f6c188eb3e4258d8d3b3705dff4ac02ed4a966","0x99f5e8edaceacfdd183eb5f1da8a7757b322495b80cf7928db289a1b1a09f799","insufficient_balance","{""status"":""PASS"",""mode"":""ETH_CALL_EPHEMERAL_FUNDING"",""walletAuthority"":false,""blockNumber"":""57775303"",""blockHash"":""0x33792c3acc9b641a282a59fe1c6c1a1d7889adfc4ce0dd5c630ce7f1d6bc3658"",""errorCode"":null,""errorSelector"":null,""calldataHash"":""0x25f9cbf29d8af798d27c89f517e8f3e3d4a6cf1d0031ee502993004c61ab8db8"",""gasLimit"":""321457"",""gasPrice"":""272963250"",""transactionTarget"":""0x0000000000001fF3684f28c67538d4D072C22734"",""transactionValue"":""500000000000000"",""protectedOutput"":""6914802675465136907"",""exactEnvelopePreserved"":true}","FIRM_VERIFIED","matrix","","","","",""
"38","5272840","0x020bfC650A365f8BB26819deAAbF3E21291018b4","CASHCAT","uniswap","3","0xa70fc67c9f69da90b63a0e4c05d229954574e313","[{""protocol"":""uniswap"",""version"":3,""pool"":""0xa70fc67c9f69da90b63a0e4c05d229954574e313""},{""protocol"":""uniswap"",""version"":4,""pool"":""0x5dda0356812bf212b7f137dee56b7adf75b24a7d859cceb140fe8c239dabd494""}]","SELL","0x020bfC650A365f8BB26819deAAbF3E21291018b4","0x0000000000000000000000000000000000000000","6983943718276070523","0x1111111111111111111111111111111111111111","4663","zero-x-swap","25","0x020bfC650A365f8BB26819deAAbF3E21291018b4","9900","10000","FIRM_RETURNED","ROUTABLE","","NOT_APPLICABLE","NO","17459859295690176","NOT_RUN_INSUFFICIENT_BALANCE","indicative","493039941451445","{""sellAsset"":""0x020bfc650a365f8bb26819deaabf3e21291018b4"",""buyAsset"":""0xeeeeeeeeeeeeeeeeeeeeeeeeeeeeeeeeeeeeeeee"",""sellAmount"":""6983943718276070523"",""buyAmount"":""493039941451445"",""minBuyAmount"":""488151513388982"",""totalNetworkFee"":""87456333447000"",""integratorFee"":{""asset"":""0x020bfc650a365f8bb26819deaabf3e21291018b4"",""amount"":""17459859295690176"",""type"":""volume""},""zeroExFee"":{""asset"":""0xeeeeeeeeeeeeeeeeeeeeeeeeeeeeeeeeeeeeeeee"",""amount"":""740670918556"",""type"":""volume""},""gasFee"":null,""integratorFees"":[{""asset"":""0x020bfc650a365f8bb26819deaabf3e21291018b4"",""amount"":""17459859295690176"",""type"":""volume""}],""integratorFeesOverflow"":false}","0","493039941451445","488151513388982","488151513388982","true","0x0000000000001fF3684f28c67538d4D072C22734","0x0000000000001fF3684f28c67538d4D072C22734","0","0x66a412dfc86d0e57f6ba2a0a10f66800cd22f0fb7cf065055d43668b74e432d8","0x39b38686A19836Ac10162c490E4558e120CbBE5f","0xb6c0bf3b83bc9ae4f6ed65a4f5f6c188eb3e4258d8d3b3705dff4ac02ed4a966","0x99f5e8edaceacfdd183eb5f1da8a7757b322495b80cf7928db289a1b1a09f799","insufficient_balance","{""status"":""PASS"",""mode"":""ETH_CALL_EPHEMERAL_FUNDING"",""walletAuthority"":false,""blockNumber"":""57775313"",""blockHash"":""0x5ad14f6bbfaa40f0c7c92d3af27ff72e45158995dcade2a60ba1885a0192d24d"",""balanceSlot"":""0xf043c50fe795c69f30b8ff78b84032dc53a9d87ca283ae10a1dacfbb648e83ef"",""allowanceSlot"":""0x8633cf2d93cf08d5beab4385c45958edebafa053650c03b0a14121e3dde9d80f"",""allowanceSpender"":""0x0000000000001fF3684f28c67538d4D072C22734"",""allowanceAtomic"":""6983943718276070523"",""errorCode"":null,""errorSelector"":null,""calldataHash"":""0x66a412dfc86d0e57f6ba2a0a10f66800cd22f0fb7cf065055d43668b74e432d8"",""gasLimit"":""320396"",""gasPrice"":""270598500"",""transactionTarget"":""0x0000000000001fF3684f28c67538d4D072C22734"",""transactionValue"":""0"",""protectedOutput"":""488151513388982"",""exactEnvelopePreserved"":true}","FIRM_VERIFIED","matrix","","","","",""
"39","5272840","0x70A49A7Aa2150E344800cbE63e455F32B89b1701","MOTO","uniswap","4","0xc99752e4f4c40e86ea924ed90fd37410176f4e7abb7c804caacb55a1771ca805","[{""protocol"":""uniswap"",""version"":4,""pool"":""0xc99752e4f4c40e86ea924ed90fd37410176f4e7abb7c804caacb55a1771ca805""}]","BUY","0x0000000000000000000000000000000000000000","0x70A49A7Aa2150E344800cbE63e455F32B89b1701","500000000000000","0x1111111111111111111111111111111111111111","4663","zero-x-swap","25","0x0000000000000000000000000000000000000000","9900","10000","FIRM_RETURNED","ROUTABLE","","NOT_APPLICABLE","NO","1250000000000","NOT_RUN_INSUFFICIENT_BALANCE","indicative","297245287281097888604897","{""sellAsset"":""0xeeeeeeeeeeeeeeeeeeeeeeeeeeeeeeeeeeeeeeee"",""buyAsset"":""0x70a49a7aa2150e344800cbe63e455f32b89b1701"",""sellAmount"":""500000000000000"",""buyAmount"":""297245287281097888604897"",""minBuyAmount"":""294302558937015019502860"",""totalNetworkFee"":""402917839002000"",""integratorFee"":{""asset"":""0xeeeeeeeeeeeeeeeeeeeeeeeeeeeeeeeeeeeeeeee"",""amount"":""1250000000000"",""type"":""volume""},""zeroExFee"":{""asset"":""0xeeeeeeeeeeeeeeeeeeeeeeeeeeeeeeeeeeeeeeee"",""amount"":""750000000000"",""type"":""volume""},""gasFee"":null,""integratorFees"":[{""asset"":""0xeeeeeeeeeeeeeeeeeeeeeeeeeeeeeeeeeeeeeeee"",""amount"":""1250000000000"",""type"":""volume""}],""integratorFeesOverflow"":false}","0","297240118006838604545083","294297440838570902355054","294297440838570902355054","true","","0x0000000000001fF3684f28c67538d4D072C22734","500000000000000","0x4d69db798201a57539f5382224ac0831d1479bcdfee7b6506eff9da8d9c95aa8","0x39b38686A19836Ac10162c490E4558e120CbBE5f","0xb6c0bf3b83bc9ae4f6ed65a4f5f6c188eb3e4258d8d3b3705dff4ac02ed4a966","0x99f5e8edaceacfdd183eb5f1da8a7757b322495b80cf7928db289a1b1a09f799","insufficient_balance","{""status"":""PASS"",""mode"":""ETH_CALL_EPHEMERAL_FUNDING"",""walletAuthority"":false,""blockNumber"":""57775328"",""blockHash"":""0x4c53626065f9e870c613e63202fe519c465395bed72cb60891c8a5d9a359c1a0"",""errorCode"":null,""errorSelector"":null,""calldataHash"":""0x4d69db798201a57539f5382224ac0831d1479bcdfee7b6506eff9da8d9c95aa8"",""gasLimit"":""1489619"",""gasPrice"":""270486000"",""transactionTarget"":""0x0000000000001fF3684f28c67538d4D072C22734"",""transactionValue"":""500000000000000"",""protectedOutput"":""294297440838570902355054"",""exactEnvelopePreserved"":true}","FIRM_VERIFIED","matrix","","","","",""
"39","5272840","0x70A49A7Aa2150E344800cbE63e455F32B89b1701","MOTO","uniswap","4","0xc99752e4f4c40e86ea924ed90fd37410176f4e7abb7c804caacb55a1771ca805","[{""protocol"":""uniswap"",""version"":4,""pool"":""0xc99752e4f4c40e86ea924ed90fd37410176f4e7abb7c804caacb55a1771ca805""}]","SELL","0x70A49A7Aa2150E344800cbE63e455F32B89b1701","0x0000000000000000000000000000000000000000","297245287281097888604897","0x1111111111111111111111111111111111111111","4663","zero-x-swap","25","0x70A49A7Aa2150E344800cbE63e455F32B89b1701","9900","10000","no_route","NO_ROUTE","","NOT_APPLICABLE","NO","743113218202744721512","NOT_REACHED","no_route","","{""sellAsset"":null,""buyAsset"":null,""sellAmount"":null,""buyAmount"":null,""minBuyAmount"":null,""totalNetworkFee"":null,""integratorFee"":null,""zeroExFee"":null,""gasFee"":null,""integratorFees"":[],""integratorFeesOverflow"":false}","","","","","","","","","","","","","","","NO_ROUTE","matrix","","","","",""
"40","5272840","0x4e7891E5F4EA0e0265eE5C2f5241990Fc268E269","PUGCOIN","uniswap","3","0xb581e7b503084056f2fc67524cba2a7b0345f90c","[{""protocol"":""uniswap"",""version"":3,""pool"":""0xb581e7b503084056f2fc67524cba2a7b0345f90c""}]","BUY","0x0000000000000000000000000000000000000000","0x4e7891E5F4EA0e0265eE5C2f5241990Fc268E269","500000000000000","0x1111111111111111111111111111111111111111","4663","zero-x-swap","25","0x0000000000000000000000000000000000000000","9900","10000","FIRM_RETURNED","ROUTABLE","","NOT_APPLICABLE","NO","1250000000000","NOT_RUN_INSUFFICIENT_BALANCE","indicative","423275200852918334271951","{""sellAsset"":""0xeeeeeeeeeeeeeeeeeeeeeeeeeeeeeeeeeeeeeeee"",""buyAsset"":""0x4e7891e5f4ea0e0265ee5c2f5241990fc268e269"",""sellAmount"":""500000000000000"",""buyAmount"":""423275200852918334271951"",""minBuyAmount"":""419084776364474442760727"",""totalNetworkFee"":""125739898425000"",""integratorFee"":{""asset"":""0xeeeeeeeeeeeeeeeeeeeeeeeeeeeeeeeeeeeeeeee"",""amount"":""1250000000000"",""type"":""volume""},""zeroExFee"":{""asset"":""0xeeeeeeeeeeeeeeeeeeeeeeeeeeeeeeeeeeeeeeee"",""amount"":""750000000000"",""type"":""volume""},""gasFee"":null,""integratorFees"":[{""asset"":""0xeeeeeeeeeeeeeeeeeeeeeeeeeeeeeeeeeeeeeeee"",""amount"":""1250000000000"",""type"":""volume""}],""integratorFeesOverflow"":false}","0","423275200852918334271951","419084776364474442760727","419084776364474442760727","true","","0x0000000000001fF3684f28c67538d4D072C22734","500000000000000","0xcbf108be71cd617e3ca9263d21bc537c5b66055c3315e012b1583bff222d6d51","0x39b38686A19836Ac10162c490E4558e120CbBE5f","0xb6c0bf3b83bc9ae4f6ed65a4f5f6c188eb3e4258d8d3b3705dff4ac02ed4a966","0x99f5e8edaceacfdd183eb5f1da8a7757b322495b80cf7928db289a1b1a09f799","insufficient_balance","{""status"":""PASS"",""mode"":""ETH_CALL_EPHEMERAL_FUNDING"",""walletAuthority"":false,""blockNumber"":""57775358"",""blockHash"":""0xe4b297be1a4362b38e6cee8a48810b2f0891b668c321744248140b2939e9a523"",""errorCode"":null,""errorSelector"":null,""calldataHash"":""0xcbf108be71cd617e3ca9263d21bc537c5b66055c3315e012b1583bff222d6d51"",""gasLimit"":""465180"",""gasPrice"":""270870750"",""transactionTarget"":""0x0000000000001fF3684f28c67538d4D072C22734"",""transactionValue"":""500000000000000"",""protectedOutput"":""419084776364474442760727"",""exactEnvelopePreserved"":true}","FIRM_VERIFIED","matrix","","","","",""
"40","5272840","0x4e7891E5F4EA0e0265eE5C2f5241990Fc268E269","PUGCOIN","uniswap","3","0xb581e7b503084056f2fc67524cba2a7b0345f90c","[{""protocol"":""uniswap"",""version"":3,""pool"":""0xb581e7b503084056f2fc67524cba2a7b0345f90c""}]","SELL","0x4e7891E5F4EA0e0265eE5C2f5241990Fc268E269","0x0000000000000000000000000000000000000000","423275200852918334271951","0x1111111111111111111111111111111111111111","4663","zero-x-swap","25","0x4e7891E5F4EA0e0265eE5C2f5241990Fc268E269","9900","10000","FIRM_RETURNED","ROUTABLE","","NOT_APPLICABLE","NO","1058188002132295835680","NOT_RUN_INSUFFICIENT_BALANCE","indicative","476069451147865","{""sellAsset"":""0x4e7891e5f4ea0e0265ee5c2f5241990fc268e269"",""buyAsset"":""0xeeeeeeeeeeeeeeeeeeeeeeeeeeeeeeeeeeeeeeee"",""sellAmount"":""423275200852918334271951"",""buyAmount"":""476069451147865"",""minBuyAmount"":""471349283329774"",""totalNetworkFee"":""125962212260250"",""integratorFee"":{""asset"":""0x4e7891e5f4ea0e0265ee5c2f5241990fc268e269"",""amount"":""1058188002132295835680"",""type"":""volume""},""zeroExFee"":{""asset"":""0xeeeeeeeeeeeeeeeeeeeeeeeeeeeeeeeeeeeeeeee"",""amount"":""715176942145"",""type"":""volume""},""gasFee"":null,""integratorFees"":[{""asset"":""0x4e7891e5f4ea0e0265ee5c2f5241990fc268e269"",""amount"":""1058188002132295835680"",""type"":""volume""}],""integratorFeesOverflow"":false}","0","476069451147865","471349283329774","471349283329774","true","0x0000000000001fF3684f28c67538d4D072C22734","0x0000000000001fF3684f28c67538d4D072C22734","0","0xcc2233887aa6fcdfed21d9acf8a0275ba0849e8f2a08b979e457a430f8242ed5","0x39b38686A19836Ac10162c490E4558e120CbBE5f","0xb6c0bf3b83bc9ae4f6ed65a4f5f6c188eb3e4258d8d3b3705dff4ac02ed4a966","0x99f5e8edaceacfdd183eb5f1da8a7757b322495b80cf7928db289a1b1a09f799","insufficient_balance","{""status"":""PASS"",""mode"":""ETH_CALL_EPHEMERAL_FUNDING"",""walletAuthority"":false,""blockNumber"":""57775368"",""blockHash"":""0x43dd30a499a8b090c9b47ba87ad2ee96775fba4622b7dfb396e67119fe4139f5"",""balanceSlot"":""0xf043c50fe795c69f30b8ff78b84032dc53a9d87ca283ae10a1dacfbb648e83ef"",""allowanceSlot"":""0x8633cf2d93cf08d5beab4385c45958edebafa053650c03b0a14121e3dde9d80f"",""allowanceSpender"":""0x0000000000001fF3684f28c67538d4D072C22734"",""allowanceAtomic"":""423275200852918334271951"",""errorCode"":null,""errorSelector"":null,""calldataHash"":""0xcc2233887aa6fcdfed21d9acf8a0275ba0849e8f2a08b979e457a430f8242ed5"",""gasLimit"":""465015"",""gasPrice"":""270870750"",""transactionTarget"":""0x0000000000001fF3684f28c67538d4D072C22734"",""transactionValue"":""0"",""protectedOutput"":""471349283329774"",""exactEnvelopePreserved"":true}","FIRM_VERIFIED","matrix","","","","",""
"41","5272840","0x51979A75580c84E9A9AeaeB84fbce8aEfB28cd1E","PD","uniswap","4","0x8f707749e53adaa4544ec0fd330e1c65ec7cbbc0ed68e443c128422d53d181f7","[{""protocol"":""uniswap"",""version"":4,""pool"":""0x8f707749e53adaa4544ec0fd330e1c65ec7cbbc0ed68e443c128422d53d181f7""}]","BUY","0x0000000000000000000000000000000000000000","0x51979A75580c84E9A9AeaeB84fbce8aEfB28cd1E","500000000000000","0x1111111111111111111111111111111111111111","4663","zero-x-swap","25","0x0000000000000000000000000000000000000000","9900","10000","FIRM_RETURNED","ROUTABLE","","NOT_APPLICABLE","NO","1250000000000","NOT_RUN_INSUFFICIENT_BALANCE","indicative","159995745735359117890376","{""sellAsset"":""0xeeeeeeeeeeeeeeeeeeeeeeeeeeeeeeeeeeeeeeee"",""buyAsset"":""0x51979a75580c84e9a9aeaeb84fbce8aefb28cd1e"",""sellAmount"":""500000000000000"",""buyAmount"":""159995745735359117890376"",""minBuyAmount"":""158411787852579062622889"",""totalNetworkFee"":""105841391208750"",""integratorFee"":{""asset"":""0xeeeeeeeeeeeeeeeeeeeeeeeeeeeeeeeeeeeeeeee"",""amount"":""1250000000000"",""type"":""volume""},""zeroExFee"":{""asset"":""0xeeeeeeeeeeeeeeeeeeeeeeeeeeeeeeeeeeeeeeee"",""amount"":""750000000000"",""type"":""volume""},""gasFee"":null,""integratorFees"":[{""asset"":""0xeeeeeeeeeeeeeeeeeeeeeeeeeeeeeeeeeeeeeeee"",""amount"":""1250000000000"",""type"":""volume""}],""integratorFeesOverflow"":false}","0","159995745735359117890376","158411787852579062622889","158411787852579062622889","true","","0x0000000000001fF3684f28c67538d4D072C22734","500000000000000","0x8e7445dc4edef7c2074f5448451d289b30b0f6a5deb74a61e7248a65a13c99a6","0x39b38686A19836Ac10162c490E4558e120CbBE5f","0xb6c0bf3b83bc9ae4f6ed65a4f5f6c188eb3e4258d8d3b3705dff4ac02ed4a966","0x99f5e8edaceacfdd183eb5f1da8a7757b322495b80cf7928db289a1b1a09f799","insufficient_balance","{""status"":""PASS"",""mode"":""ETH_CALL_EPHEMERAL_FUNDING"",""walletAuthority"":false,""blockNumber"":""57775389"",""blockHash"":""0xc87a2e8d88f5cb04e8ecfb9639f9b66d6fa73cb4af764549aca4e2dbc3f06d39"",""errorCode"":null,""errorSelector"":null,""calldataHash"":""0x8e7445dc4edef7c2074f5448451d289b30b0f6a5deb74a61e7248a65a13c99a6"",""gasLimit"":""390745"",""gasPrice"":""270303750"",""transactionTarget"":""0x0000000000001fF3684f28c67538d4D072C22734"",""transactionValue"":""500000000000000"",""protectedOutput"":""158411787852579062622889"",""exactEnvelopePreserved"":true}","FIRM_VERIFIED","matrix","","","","",""
"41","5272840","0x51979A75580c84E9A9AeaeB84fbce8aEfB28cd1E","PD","uniswap","4","0x8f707749e53adaa4544ec0fd330e1c65ec7cbbc0ed68e443c128422d53d181f7","[{""protocol"":""uniswap"",""version"":4,""pool"":""0x8f707749e53adaa4544ec0fd330e1c65ec7cbbc0ed68e443c128422d53d181f7""}]","SELL","0x51979A75580c84E9A9AeaeB84fbce8aEfB28cd1E","0x0000000000000000000000000000000000000000","159995745735359117890376","0x1111111111111111111111111111111111111111","4663","zero-x-swap","25","0x51979A75580c84E9A9AeaeB84fbce8aEfB28cd1E","9900","10000","no_route","NO_ROUTE","","NOT_APPLICABLE","NO","399989364338397794726","NOT_REACHED","no_route","","{""sellAsset"":null,""buyAsset"":null,""sellAmount"":null,""buyAmount"":null,""minBuyAmount"":null,""totalNetworkFee"":null,""integratorFee"":null,""zeroExFee"":null,""gasFee"":null,""integratorFees"":[],""integratorFeesOverflow"":false}","","","","","","","","","","","","","","","NO_ROUTE","matrix","","","","",""
"42","5272840","0x7f0441efb79360121cCa105695f81Bb03420b39d","CME","uniswap","3","0xf049cd452123b2c486557b7ead014351329b94e1","[{""protocol"":""uniswap"",""version"":3,""pool"":""0xf049cd452123b2c486557b7ead014351329b94e1""}]","BUY","0x0000000000000000000000000000000000000000","0x7f0441efb79360121cCa105695f81Bb03420b39d","500000000000000","0x1111111111111111111111111111111111111111","4663","zero-x-swap","25","0x0000000000000000000000000000000000000000","9900","10000","FIRM_RETURNED","ROUTABLE","","NOT_APPLICABLE","NO","1250000000000","NOT_RUN_INSUFFICIENT_BALANCE","indicative","450065699381796605205","{""sellAsset"":""0xeeeeeeeeeeeeeeeeeeeeeeeeeeeeeeeeeeeeeeee"",""buyAsset"":""0x7f0441efb79360121cca105695f81bb03420b39d"",""sellAmount"":""500000000000000"",""buyAmount"":""450065699381796605205"",""minBuyAmount"":""445610048957916813660"",""totalNetworkFee"":""255342968365500"",""integratorFee"":{""asset"":""0xeeeeeeeeeeeeeeeeeeeeeeeeeeeeeeeeeeeeeeee"",""amount"":""1250000000000"",""type"":""volume""},""zeroExFee"":{""asset"":""0xeeeeeeeeeeeeeeeeeeeeeeeeeeeeeeeeeeeeeeee"",""amount"":""750000000000"",""type"":""volume""},""gasFee"":null,""integratorFees"":[{""asset"":""0xeeeeeeeeeeeeeeeeeeeeeeeeeeeeeeeeeeeeeeee"",""amount"":""1250000000000"",""type"":""volume""}],""integratorFeesOverflow"":false}","0","450065699381796605205","445610048957916813660","445610048957916813660","true","","0x0000000000001fF3684f28c67538d4D072C22734","500000000000000","0x87f7a6fdb972e12b2fa0a1a2d91b17e655f6894cfe265bcba58e6f4850d2e257","0x39b38686A19836Ac10162c490E4558e120CbBE5f","0xb6c0bf3b83bc9ae4f6ed65a4f5f6c188eb3e4258d8d3b3705dff4ac02ed4a966","0x99f5e8edaceacfdd183eb5f1da8a7757b322495b80cf7928db289a1b1a09f799","insufficient_balance","{""status"":""PASS"",""mode"":""ETH_CALL_EPHEMERAL_FUNDING"",""walletAuthority"":false,""blockNumber"":""57775398"",""blockHash"":""0x1a3de971998fe3d912b512959587a3bd6dee8a97a5bac6d20b567c10df170df9"",""errorCode"":null,""errorSelector"":null,""calldataHash"":""0x87f7a6fdb972e12b2fa0a1a2d91b17e655f6894cfe265bcba58e6f4850d2e257"",""gasLimit"":""943623"",""gasPrice"":""272281500"",""transactionTarget"":""0x0000000000001fF3684f28c67538d4D072C22734"",""transactionValue"":""500000000000000"",""protectedOutput"":""445610048957916813660"",""exactEnvelopePreserved"":true}","FIRM_VERIFIED","matrix","","","","",""
"42","5272840","0x7f0441efb79360121cCa105695f81Bb03420b39d","CME","uniswap","3","0xf049cd452123b2c486557b7ead014351329b94e1","[{""protocol"":""uniswap"",""version"":3,""pool"":""0xf049cd452123b2c486557b7ead014351329b94e1""}]","SELL","0x7f0441efb79360121cCa105695f81Bb03420b39d","0x0000000000000000000000000000000000000000","450065699381796605205","0x1111111111111111111111111111111111111111","4663","zero-x-swap","25","0x7f0441efb79360121cCa105695f81Bb03420b39d","9900","10000","no_route","NO_ROUTE","","NOT_APPLICABLE","NO","1125164248454491513","NOT_REACHED","no_route","","{""sellAsset"":null,""buyAsset"":null,""sellAmount"":null,""buyAmount"":null,""minBuyAmount"":null,""totalNetworkFee"":null,""integratorFee"":null,""zeroExFee"":null,""gasFee"":null,""integratorFees"":[],""integratorFeesOverflow"":false}","","","","","","","","","","","","","","","NO_ROUTE","matrix","","","","",""
"43","5272840","0xe0eFaa3a69380CD7F673d222461c5F9ec2b46f01","NILE","uniswap","4","0xb2d6f05917ad61157bec60a4e31f60e6ca536ea176690476628eb0e7a89ef319","[{""protocol"":""uniswap"",""version"":4,""pool"":""0xb2d6f05917ad61157bec60a4e31f60e6ca536ea176690476628eb0e7a89ef319""}]","BUY","0x0000000000000000000000000000000000000000","0xe0eFaa3a69380CD7F673d222461c5F9ec2b46f01","500000000000000","0x1111111111111111111111111111111111111111","4663","zero-x-swap","25","0x0000000000000000000000000000000000000000","9900","10000","FIRM_RETURNED","ROUTABLE","","NOT_APPLICABLE","NO","1250000000000","NOT_RUN_INSUFFICIENT_BALANCE","indicative","303679239573625177873185","{""sellAsset"":""0xeeeeeeeeeeeeeeeeeeeeeeeeeeeeeeeeeeeeeeee"",""buyAsset"":""0xe0efaa3a69380cd7f673d222461c5f9ec2b46f01"",""sellAmount"":""500000000000000"",""buyAmount"":""303679239573625177873185"",""minBuyAmount"":""300672815101846288609087"",""totalNetworkFee"":""131071419036000"",""integratorFee"":{""asset"":""0xeeeeeeeeeeeeeeeeeeeeeeeeeeeeeeeeeeeeeeee"",""amount"":""1250000000000"",""type"":""volume""},""zeroExFee"":{""asset"":""0xeeeeeeeeeeeeeeeeeeeeeeeeeeeeeeeeeeeeeeee"",""amount"":""750000000000"",""type"":""volume""},""gasFee"":null,""integratorFees"":[{""asset"":""0xeeeeeeeeeeeeeeeeeeeeeeeeeeeeeeeeeeeeeeee"",""amount"":""1250000000000"",""type"":""volume""}],""integratorFeesOverflow"":false}","0","303679239573625177873185","300672815101846288609087","300672815101846288609087","true","","0x0000000000001fF3684f28c67538d4D072C22734","500000000000000","0xe904ec0ce66fa9007b88e720f6b4cdfc152debc0b870ab696ef04d70a25bacc3","0x39b38686A19836Ac10162c490E4558e120CbBE5f","0xb6c0bf3b83bc9ae4f6ed65a4f5f6c188eb3e4258d8d3b3705dff4ac02ed4a966","0x99f5e8edaceacfdd183eb5f1da8a7757b322495b80cf7928db289a1b1a09f799","insufficient_balance","{""status"":""PASS"",""mode"":""ETH_CALL_EPHEMERAL_FUNDING"",""walletAuthority"":false,""blockNumber"":""57775411"",""blockHash"":""0xaaea12347c416cbb9a6a540a0a96ee860dafaef463856b43673aebad0ecf8a3a"",""errorCode"":null,""errorSelector"":null,""calldataHash"":""0xe904ec0ce66fa9007b88e720f6b4cdfc152debc0b870ab696ef04d70a25bacc3"",""gasLimit"":""484376"",""gasPrice"":""270870750"",""transactionTarget"":""0x0000000000001fF3684f28c67538d4D072C22734"",""transactionValue"":""500000000000000"",""protectedOutput"":""300672815101846288609087"",""exactEnvelopePreserved"":true}","FIRM_VERIFIED","matrix","","","","",""
"43","5272840","0xe0eFaa3a69380CD7F673d222461c5F9ec2b46f01","NILE","uniswap","4","0xb2d6f05917ad61157bec60a4e31f60e6ca536ea176690476628eb0e7a89ef319","[{""protocol"":""uniswap"",""version"":4,""pool"":""0xb2d6f05917ad61157bec60a4e31f60e6ca536ea176690476628eb0e7a89ef319""}]","SELL","0xe0eFaa3a69380CD7F673d222461c5F9ec2b46f01","0x0000000000000000000000000000000000000000","303679239573625177873185","0x1111111111111111111111111111111111111111","4663","zero-x-swap","25","0xe0eFaa3a69380CD7F673d222461c5F9ec2b46f01","9900","10000","no_route","NO_ROUTE","","NOT_APPLICABLE","NO","759198098934062944683","NOT_REACHED","no_route","","{""sellAsset"":null,""buyAsset"":null,""sellAmount"":null,""buyAmount"":null,""minBuyAmount"":null,""totalNetworkFee"":null,""integratorFee"":null,""zeroExFee"":null,""gasFee"":null,""integratorFees"":[],""integratorFeesOverflow"":false}","","","","","","","","","","","","","","","NO_ROUTE","matrix","","","","",""
"44","5272840","0xc1a03B0B778d59367a50A056d7cf85a5093ECa12","CRMBS","uniswap","3","0x185f6b9168651005830f2d8137909eebd4c6c19b","[{""protocol"":""uniswap"",""version"":3,""pool"":""0x185f6b9168651005830f2d8137909eebd4c6c19b""}]","BUY","0x0000000000000000000000000000000000000000","0xc1a03B0B778d59367a50A056d7cf85a5093ECa12","500000000000000","0x1111111111111111111111111111111111111111","4663","zero-x-swap","25","0x0000000000000000000000000000000000000000","9900","10000","FIRM_RETURNED","ROUTABLE","","NOT_APPLICABLE","NO","1250000000000","NOT_RUN_INSUFFICIENT_BALANCE","indicative","4055423017899623807097","{""sellAsset"":""0xeeeeeeeeeeeeeeeeeeeeeeeeeeeeeeeeeeeeeeee"",""buyAsset"":""0xc1a03b0b778d59367a50a056d7cf85a5093eca12"",""sellAmount"":""500000000000000"",""buyAmount"":""4055423017899623807097"",""minBuyAmount"":""4015274330022417524380"",""totalNetworkFee"":""167305426323750"",""integratorFee"":{""asset"":""0xeeeeeeeeeeeeeeeeeeeeeeeeeeeeeeeeeeeeeeee"",""amount"":""1250000000000"",""type"":""volume""},""zeroExFee"":{""asset"":""0xeeeeeeeeeeeeeeeeeeeeeeeeeeeeeeeeeeeeeeee"",""amount"":""750000000000"",""type"":""volume""},""gasFee"":null,""integratorFees"":[{""asset"":""0xeeeeeeeeeeeeeeeeeeeeeeeeeeeeeeeeeeeeeeee"",""amount"":""1250000000000"",""type"":""volume""}],""integratorFeesOverflow"":false}","0","4055423017899623807097","4015274330022417524380","4015274330022417524380","true","","0x0000000000001fF3684f28c67538d4D072C22734","500000000000000","0x9c243e87486f46617a69f02552eef4ccb9601ad6c2dfc2b2beeeed312919a0bf","0x39b38686A19836Ac10162c490E4558e120CbBE5f","0xb6c0bf3b83bc9ae4f6ed65a4f5f6c188eb3e4258d8d3b3705dff4ac02ed4a966","0x99f5e8edaceacfdd183eb5f1da8a7757b322495b80cf7928db289a1b1a09f799","insufficient_balance","{""status"":""PASS"",""mode"":""ETH_CALL_EPHEMERAL_FUNDING"",""walletAuthority"":false,""blockNumber"":""57775466"",""blockHash"":""0xbb382d11c14c6902a52db7ee7b428538162ef46fce16d4f72cdeff2c419337db"",""errorCode"":null,""errorSelector"":null,""calldataHash"":""0x9c243e87486f46617a69f02552eef4ccb9601ad6c2dfc2b2beeeed312919a0bf"",""gasLimit"":""625735"",""gasPrice"":""267374250"",""transactionTarget"":""0x0000000000001fF3684f28c67538d4D072C22734"",""transactionValue"":""500000000000000"",""protectedOutput"":""4015274330022417524380"",""exactEnvelopePreserved"":true}","FIRM_VERIFIED","matrix","","","","",""
"44","5272840","0xc1a03B0B778d59367a50A056d7cf85a5093ECa12","CRMBS","uniswap","3","0x185f6b9168651005830f2d8137909eebd4c6c19b","[{""protocol"":""uniswap"",""version"":3,""pool"":""0x185f6b9168651005830f2d8137909eebd4c6c19b""}]","SELL","0xc1a03B0B778d59367a50A056d7cf85a5093ECa12","0x0000000000000000000000000000000000000000","4055423017899623807097","0x1111111111111111111111111111111111111111","4663","zero-x-swap","25","0xc1a03B0B778d59367a50A056d7cf85a5093ECa12","9900","10000","FIRM_RETURNED","ROUTABLE","","NOT_APPLICABLE","NO","10138557544749059518","NOT_RUN_INSUFFICIENT_BALANCE","indicative","483950497050020","{""sellAsset"":""0xc1a03b0b778d59367a50a056d7cf85a5093eca12"",""buyAsset"":""0xeeeeeeeeeeeeeeeeeeeeeeeeeeeeeeeeeeeeeeee"",""sellAmount"":""4055423017899623807097"",""buyAmount"":""483950497050020"",""minBuyAmount"":""479152189668152"",""totalNetworkFee"":""131122850544000"",""integratorFee"":{""asset"":""0xc1a03b0b778d59367a50a056d7cf85a5093eca12"",""amount"":""10138557544749059518"",""type"":""volume""},""zeroExFee"":{""asset"":""0xeeeeeeeeeeeeeeeeeeeeeeeeeeeeeeeeeeeeeeee"",""amount"":""727016269991"",""type"":""volume""},""gasFee"":null,""integratorFees"":[{""asset"":""0xc1a03b0b778d59367a50a056d7cf85a5093eca12"",""amount"":""10138557544749059518"",""type"":""volume""}],""integratorFeesOverflow"":false}","0","483950497050020","479152189668152","479152189668152","true","0x0000000000001fF3684f28c67538d4D072C22734","0x0000000000001fF3684f28c67538d4D072C22734","0","0xc424dd973c53a33aef741f06ad4b4dc517ecb97354e47c7d8016fc09c45171af","0x39b38686A19836Ac10162c490E4558e120CbBE5f","0xb6c0bf3b83bc9ae4f6ed65a4f5f6c188eb3e4258d8d3b3705dff4ac02ed4a966","0x99f5e8edaceacfdd183eb5f1da8a7757b322495b80cf7928db289a1b1a09f799","insufficient_balance","{""status"":""UNSUPPORTED_TOKEN_STORAGE_LAYOUT"",""mode"":""ETH_CALL_EPHEMERAL_FUNDING"",""walletAuthority"":false,""blockNumber"":""57775482"",""blockHash"":""0xcc1adf14c9149da0b083fbf1f282d9b7a844f236d6ef2a1ed532cf3a91468f35""}","FIRM_VERIFIED","matrix","","","","",""
"45","5272840","0xca5fcaEB939CeD8433609e9230C48371DeBedf34","SMF","uniswap","4","0x3aa6dc47bee9fc645a7f0189b087e1b14aed3d9abc09a81cfe59155e04f42dad","[{""protocol"":""uniswap"",""version"":4,""pool"":""0x3aa6dc47bee9fc645a7f0189b087e1b14aed3d9abc09a81cfe59155e04f42dad""},{""protocol"":""uniswap"",""version"":4,""pool"":""0xc433e35f4ba0e79031ab0c47a18b4ea2ad829750dd9e09b267425905ad6f0af5""}]","BUY","0x0000000000000000000000000000000000000000","0xca5fcaEB939CeD8433609e9230C48371DeBedf34","500000000000000","0x1111111111111111111111111111111111111111","4663","zero-x-swap","25","0x0000000000000000000000000000000000000000","9900","10000","FIRM_RETURNED","ROUTABLE","","NOT_APPLICABLE","NO","1250000000000","NOT_RUN_INSUFFICIENT_BALANCE","indicative","84244864433819888023911","{""sellAsset"":""0xeeeeeeeeeeeeeeeeeeeeeeeeeeeeeeeeeeeeeeee"",""buyAsset"":""0xca5fcaeb939ced8433609e9230c48371debedf34"",""sellAmount"":""500000000000000"",""buyAmount"":""84244864433819888023911"",""minBuyAmount"":""83410840275925071128602"",""totalNetworkFee"":""97628132196000"",""integratorFee"":{""asset"":""0xeeeeeeeeeeeeeeeeeeeeeeeeeeeeeeeeeeeeeeee"",""amount"":""1250000000000"",""type"":""volume""},""zeroExFee"":{""asset"":""0xeeeeeeeeeeeeeeeeeeeeeeeeeeeeeeeeeeeeeeee"",""amount"":""750000000000"",""type"":""volume""},""gasFee"":null,""integratorFees"":[{""asset"":""0xeeeeeeeeeeeeeeeeeeeeeeeeeeeeeeeeeeeeeeee"",""amount"":""1250000000000"",""type"":""volume""}],""integratorFeesOverflow"":false}","0","84244864433819888023911","83410840275925071128602","83410840275925071128602","true","","0x0000000000001fF3684f28c67538d4D072C22734","500000000000000","0xde98c1b7aee44dbff0ff27d91ea5b951c00f6d6d80eb350338e4fd0048359ee7","0x39b38686A19836Ac10162c490E4558e120CbBE5f","0xb6c0bf3b83bc9ae4f6ed65a4f5f6c188eb3e4258d8d3b3705dff4ac02ed4a966","0x99f5e8edaceacfdd183eb5f1da8a7757b322495b80cf7928db289a1b1a09f799","insufficient_balance","{""status"":""PASS"",""mode"":""ETH_CALL_EPHEMERAL_FUNDING"",""walletAuthority"":false,""blockNumber"":""57775518"",""blockHash"":""0x32909243a4d9fc4aec415e69b5b70d48348b77126e7080520512c74f5a52b1b8"",""errorCode"":null,""errorSelector"":null,""calldataHash"":""0xde98c1b7aee44dbff0ff27d91ea5b951c00f6d6d80eb350338e4fd0048359ee7"",""gasLimit"":""360648"",""gasPrice"":""273053250"",""transactionTarget"":""0x0000000000001fF3684f28c67538d4D072C22734"",""transactionValue"":""500000000000000"",""protectedOutput"":""83410840275925071128602"",""exactEnvelopePreserved"":true}","FIRM_VERIFIED","matrix","","","","",""
"45","5272840","0xca5fcaEB939CeD8433609e9230C48371DeBedf34","SMF","uniswap","4","0x3aa6dc47bee9fc645a7f0189b087e1b14aed3d9abc09a81cfe59155e04f42dad","[{""protocol"":""uniswap"",""version"":4,""pool"":""0x3aa6dc47bee9fc645a7f0189b087e1b14aed3d9abc09a81cfe59155e04f42dad""},{""protocol"":""uniswap"",""version"":4,""pool"":""0xc433e35f4ba0e79031ab0c47a18b4ea2ad829750dd9e09b267425905ad6f0af5""}]","SELL","0xca5fcaEB939CeD8433609e9230C48371DeBedf34","0x0000000000000000000000000000000000000000","84244864433819888023911","0x1111111111111111111111111111111111111111","4663","zero-x-swap","25","0xca5fcaEB939CeD8433609e9230C48371DeBedf34","9900","10000","FIRM_RETURNED","ROUTABLE","","NOT_APPLICABLE","NO","210612161084549720060","NOT_RUN_INSUFFICIENT_BALANCE","indicative","496912721754145","{""sellAsset"":""0xca5fcaeb939ced8433609e9230c48371debedf34"",""buyAsset"":""0xeeeeeeeeeeeeeeeeeeeeeeeeeeeeeeeeeeeeeeee"",""sellAmount"":""84244864433819888023911"",""buyAmount"":""496912721754145"",""minBuyAmount"":""491985895569502"",""totalNetworkFee"":""121574261340000"",""integratorFee"":{""asset"":""0xca5fcaeb939ced8433609e9230c48371debedf34"",""amount"":""210612161084549720060"",""type"":""volume""},""zeroExFee"":{""asset"":""0xeeeeeeeeeeeeeeeeeeeeeeeeeeeeeeeeeeeeeeee"",""amount"":""746488815858"",""type"":""volume""},""gasFee"":null,""integratorFees"":[{""asset"":""0xca5fcaeb939ced8433609e9230c48371debedf34"",""amount"":""210612161084549720060"",""type"":""volume""}],""integratorFeesOverflow"":false}","0","496912392478800","491985569558880","491985569558880","true","0x0000000000001fF3684f28c67538d4D072C22734","0x0000000000001fF3684f28c67538d4D072C22734","0","0x1d0d4c6e168f454aade9c01ea30fda54358e88a2d460c2e944d5b6d407ed2791","0x39b38686A19836Ac10162c490E4558e120CbBE5f","0xb6c0bf3b83bc9ae4f6ed65a4f5f6c188eb3e4258d8d3b3705dff4ac02ed4a966","0x99f5e8edaceacfdd183eb5f1da8a7757b322495b80cf7928db289a1b1a09f799","insufficient_balance","{""status"":""PASS"",""mode"":""ETH_CALL_EPHEMERAL_FUNDING"",""walletAuthority"":false,""blockNumber"":""57775528"",""blockHash"":""0xc0d610e967e07a4c65be400a0c3dca49a2e7ccc79a901e5e20cd5c38d403cc56"",""balanceSlot"":""0xf043c50fe795c69f30b8ff78b84032dc53a9d87ca283ae10a1dacfbb648e83ef"",""allowanceSlot"":""0x8633cf2d93cf08d5beab4385c45958edebafa053650c03b0a14121e3dde9d80f"",""allowanceSpender"":""0x0000000000001fF3684f28c67538d4D072C22734"",""allowanceAtomic"":""84244864433819888023911"",""errorCode"":null,""errorSelector"":null,""calldataHash"":""0x1d0d4c6e168f454aade9c01ea30fda54358e88a2d460c2e944d5b6d407ed2791"",""gasLimit"":""450140"",""gasPrice"":""270711000"",""transactionTarget"":""0x0000000000001fF3684f28c67538d4D072C22734"",""transactionValue"":""0"",""protectedOutput"":""491985569558880"",""exactEnvelopePreserved"":true}","FIRM_VERIFIED","matrix","","","","",""
"46","5272840","0xb1f863bf3D717E74199D2801A69Fa744d89aBaeC","GPT6A","uniswap","3","0x59e52722ee6f03e8eb522cef5be9835fcef228c1","[{""protocol"":""uniswap"",""version"":3,""pool"":""0x59e52722ee6f03e8eb522cef5be9835fcef228c1""}]","BUY","0x0000000000000000000000000000000000000000","0xb1f863bf3D717E74199D2801A69Fa744d89aBaeC","500000000000000","0x1111111111111111111111111111111111111111","4663","zero-x-swap","25","0x0000000000000000000000000000000000000000","9900","10000","FIRM_RETURNED","ROUTABLE","","NOT_APPLICABLE","NO","1250000000000","NOT_RUN_INSUFFICIENT_BALANCE","indicative","999499837945738372715829614","{""sellAsset"":""0xeeeeeeeeeeeeeeeeeeeeeeeeeeeeeeeeeeeeeeee"",""buyAsset"":""0xb1f863bf3d717e74199d2801a69fa744d89abaec"",""sellAmount"":""500000000000000"",""buyAmount"":""999499837945738372715829614"",""minBuyAmount"":""989604789550075562825933382"",""totalNetworkFee"":""427822289579250"",""integratorFee"":{""asset"":""0xeeeeeeeeeeeeeeeeeeeeeeeeeeeeeeeeeeeeeeee"",""amount"":""1250000000000"",""type"":""volume""},""zeroExFee"":{""asset"":""0xeeeeeeeeeeeeeeeeeeeeeeeeeeeeeeeeeeeeeeee"",""amount"":""750000000000"",""type"":""volume""},""gasFee"":null,""integratorFees"":[{""asset"":""0xeeeeeeeeeeeeeeeeeeeeeeeeeeeeeeeeeeeeeeee"",""amount"":""1250000000000"",""type"":""volume""}],""integratorFeesOverflow"":false}","0","999499837945738372715829614","989604789550075562825933382","989604789550075562825933382","true","","0x0000000000001fF3684f28c67538d4D072C22734","500000000000000","0xe3a31f4925cab70ed178bb7244c6e4c606543e4ae511b47f0656b00c94d32a85","0x39b38686A19836Ac10162c490E4558e120CbBE5f","0xb6c0bf3b83bc9ae4f6ed65a4f5f6c188eb3e4258d8d3b3705dff4ac02ed4a966","0x99f5e8edaceacfdd183eb5f1da8a7757b322495b80cf7928db289a1b1a09f799","insufficient_balance","{""status"":""PASS"",""mode"":""ETH_CALL_EPHEMERAL_FUNDING"",""walletAuthority"":false,""blockNumber"":""57775548"",""blockHash"":""0xca99e6828ae3a06681c83bca388ed86363d44dfce2e065976042fd1b6eb088bc"",""errorCode"":null,""errorSelector"":null,""calldataHash"":""0xe3a31f4925cab70ed178bb7244c6e4c606543e4ae511b47f0656b00c94d32a85"",""gasLimit"":""1566809"",""gasPrice"":""270081000"",""transactionTarget"":""0x0000000000001fF3684f28c67538d4D072C22734"",""transactionValue"":""500000000000000"",""protectedOutput"":""989604789550075562825933382"",""exactEnvelopePreserved"":true}","FIRM_VERIFIED","matrix","","","","",""
"46","5272840","0xb1f863bf3D717E74199D2801A69Fa744d89aBaeC","GPT6A","uniswap","3","0x59e52722ee6f03e8eb522cef5be9835fcef228c1","[{""protocol"":""uniswap"",""version"":3,""pool"":""0x59e52722ee6f03e8eb522cef5be9835fcef228c1""}]","SELL","0xb1f863bf3D717E74199D2801A69Fa744d89aBaeC","0x0000000000000000000000000000000000000000","999499837945738372715829614","0x1111111111111111111111111111111111111111","4663","zero-x-swap","25","0xb1f863bf3D717E74199D2801A69Fa744d89aBaeC","9900","10000","no_route","NO_ROUTE","","NOT_APPLICABLE","NO","2498749594864345931789574","NOT_REACHED","no_route","","{""sellAsset"":null,""buyAsset"":null,""sellAmount"":null,""buyAmount"":null,""minBuyAmount"":null,""totalNetworkFee"":null,""integratorFee"":null,""zeroExFee"":null,""gasFee"":null,""integratorFees"":[],""integratorFeesOverflow"":false}","","","","","","","","","","","","","","","NO_ROUTE","matrix","","","","",""
"47","5272840","0x8141B1EceA7719058549ad85C01A2b32A85fcA01","COURIER","uniswap","4","0x2774bba25e5ddc61133daf96c24192f257085ecde9508da2d086e30270ef3e7c","[{""protocol"":""uniswap"",""version"":4,""pool"":""0x2774bba25e5ddc61133daf96c24192f257085ecde9508da2d086e30270ef3e7c""}]","BUY","0x0000000000000000000000000000000000000000","0x8141B1EceA7719058549ad85C01A2b32A85fcA01","500000000000000","0x1111111111111111111111111111111111111111","4663","zero-x-swap","25","0x0000000000000000000000000000000000000000","9900","10000","FIRM_RETURNED","ROUTABLE","","NOT_APPLICABLE","NO","1250000000000","NOT_RUN_INSUFFICIENT_BALANCE","indicative","312666122750435186212727","{""sellAsset"":""0xeeeeeeeeeeeeeeeeeeeeeeeeeeeeeeeeeeeeeeee"",""buyAsset"":""0x8141b1ecea7719058549ad85c01a2b32a85fca01"",""sellAmount"":""500000000000000"",""buyAmount"":""312666122750435186212727"",""minBuyAmount"":""309570728135205877866521"",""totalNetworkFee"":""155810539143000"",""integratorFee"":{""asset"":""0xeeeeeeeeeeeeeeeeeeeeeeeeeeeeeeeeeeeeeeee"",""amount"":""1250000000000"",""type"":""volume""},""zeroExFee"":{""asset"":""0xeeeeeeeeeeeeeeeeeeeeeeeeeeeeeeeeeeeeeeee"",""amount"":""750000000000"",""type"":""volume""},""gasFee"":null,""integratorFees"":[{""asset"":""0xeeeeeeeeeeeeeeeeeeeeeeeeeeeeeeeeeeeeeeee"",""amount"":""1250000000000"",""type"":""volume""}],""integratorFeesOverflow"":false}","0","312666122750435186212727","309570728135205877866521","309570728135205877866521","true","","0x0000000000001fF3684f28c67538d4D072C22734","500000000000000","0x97d1bc1aea4930a40c4a88ae9bf95f272bf1edb3a852b689c73ae87df1113134","0x39b38686A19836Ac10162c490E4558e120CbBE5f","0xb6c0bf3b83bc9ae4f6ed65a4f5f6c188eb3e4258d8d3b3705dff4ac02ed4a966","0x99f5e8edaceacfdd183eb5f1da8a7757b322495b80cf7928db289a1b1a09f799","insufficient_balance","{""status"":""PASS"",""mode"":""ETH_CALL_EPHEMERAL_FUNDING"",""walletAuthority"":false,""blockNumber"":""57775557"",""blockHash"":""0x377dc281cbce0030915560fbfc8f51798cf5a84e1d9a141f2439571a7d028a27"",""errorCode"":null,""errorSelector"":null,""calldataHash"":""0x97d1bc1aea4930a40c4a88ae9bf95f272bf1edb3a852b689c73ae87df1113134"",""gasLimit"":""576903"",""gasPrice"":""270346500"",""transactionTarget"":""0x0000000000001fF3684f28c67538d4D072C22734"",""transactionValue"":""500000000000000"",""protectedOutput"":""309570728135205877866521"",""exactEnvelopePreserved"":true}","FIRM_VERIFIED","matrix","","","","",""
"47","5272840","0x8141B1EceA7719058549ad85C01A2b32A85fcA01","COURIER","uniswap","4","0x2774bba25e5ddc61133daf96c24192f257085ecde9508da2d086e30270ef3e7c","[{""protocol"":""uniswap"",""version"":4,""pool"":""0x2774bba25e5ddc61133daf96c24192f257085ecde9508da2d086e30270ef3e7c""}]","SELL","0x8141B1EceA7719058549ad85C01A2b32A85fcA01","0x0000000000000000000000000000000000000000","312666122750435186212727","0x1111111111111111111111111111111111111111","4663","zero-x-swap","25","0x8141B1EceA7719058549ad85C01A2b32A85fcA01","9900","10000","temporarily_unavailable","PROVIDER_UNAVAILABLE","","NOT_APPLICABLE","NO","781665306876087965532","NOT_REACHED","temporarily_unavailable","","","","","","","","","","","","","","","","","PROVIDER_UNAVAILABLE","matrix","","","","",""
"48","5272840","0x7163aE1B5AeA2f09EBc609C52b4dcAc0a7a4bC2d","GAGE","uniswap","3","0x395e3890290561e8bd460cf6fce0053befa9bd8d","[{""protocol"":""uniswap"",""version"":3,""pool"":""0x395e3890290561e8bd460cf6fce0053befa9bd8d""}]","BUY","0x0000000000000000000000000000000000000000","0x7163aE1B5AeA2f09EBc609C52b4dcAc0a7a4bC2d","500000000000000","0x1111111111111111111111111111111111111111","4663","zero-x-swap","25","0x0000000000000000000000000000000000000000","9900","10000","FIRM_RETURNED","ROUTABLE","","NOT_APPLICABLE","NO","1250000000000","NOT_RUN_INSUFFICIENT_BALANCE","indicative","240844810643665332883","{""sellAsset"":""0xeeeeeeeeeeeeeeeeeeeeeeeeeeeeeeeeeeeeeeee"",""buyAsset"":""0x7163ae1b5aea2f09ebc609c52b4dcac0a7a4bc2d"",""sellAmount"":""500000000000000"",""buyAmount"":""240844810643665332883"",""minBuyAmount"":""238460447018293043233"",""totalNetworkFee"":""101696791218750"",""integratorFee"":{""asset"":""0xeeeeeeeeeeeeeeeeeeeeeeeeeeeeeeeeeeeeeeee"",""amount"":""1250000000000"",""type"":""volume""},""zeroExFee"":{""asset"":""0xeeeeeeeeeeeeeeeeeeeeeeeeeeeeeeeeeeeeeeee"",""amount"":""750000000000"",""type"":""volume""},""gasFee"":null,""integratorFees"":[{""asset"":""0xeeeeeeeeeeeeeeeeeeeeeeeeeeeeeeeeeeeeeeee"",""amount"":""1250000000000"",""type"":""volume""}],""integratorFeesOverflow"":false}","0","240844810643665332883","238460447018293043233","238460447018293043233","true","","0x0000000000001fF3684f28c67538d4D072C22734","500000000000000","0x6e8a96abeacdadcdb8a36155749b56ebb0c0a35122eb86073cf0498ff33224e4","0x39b38686A19836Ac10162c490E4558e120CbBE5f","0xb6c0bf3b83bc9ae4f6ed65a4f5f6c188eb3e4258d8d3b3705dff4ac02ed4a966","0x99f5e8edaceacfdd183eb5f1da8a7757b322495b80cf7928db289a1b1a09f799","insufficient_balance","{""status"":""PASS"",""mode"":""ETH_CALL_EPHEMERAL_FUNDING"",""walletAuthority"":false,""blockNumber"":""57775588"",""blockHash"":""0x22bed047d633ddf344193cace23cdc10fbabe341fa973d0eed816214b6fd4664"",""errorCode"":null,""errorSelector"":null,""calldataHash"":""0x6e8a96abeacdadcdb8a36155749b56ebb0c0a35122eb86073cf0498ff33224e4"",""gasLimit"":""376075"",""gasPrice"":""271503000"",""transactionTarget"":""0x0000000000001fF3684f28c67538d4D072C22734"",""transactionValue"":""500000000000000"",""protectedOutput"":""238460447018293043233"",""exactEnvelopePreserved"":true}","FIRM_VERIFIED","matrix","","","","",""
"48","5272840","0x7163aE1B5AeA2f09EBc609C52b4dcAc0a7a4bC2d","GAGE","uniswap","3","0x395e3890290561e8bd460cf6fce0053befa9bd8d","[{""protocol"":""uniswap"",""version"":3,""pool"":""0x395e3890290561e8bd460cf6fce0053befa9bd8d""}]","SELL","0x7163aE1B5AeA2f09EBc609C52b4dcAc0a7a4bC2d","0x0000000000000000000000000000000000000000","240844810643665332883","0x1111111111111111111111111111111111111111","4663","zero-x-swap","25","0x7163aE1B5AeA2f09EBc609C52b4dcAc0a7a4bC2d","9900","10000","FIRM_RETURNED","ROUTABLE","","NOT_APPLICABLE","NO","602112026609163332","NOT_RUN_INSUFFICIENT_BALANCE","indicative","486129614463520","{""sellAsset"":""0x7163ae1b5aea2f09ebc609c52b4dcac0a7a4bc2d"",""buyAsset"":""0xeeeeeeeeeeeeeeeeeeeeeeeeeeeeeeeeeeeeeeee"",""sellAmount"":""240844810643665332883"",""buyAmount"":""486129614463520"",""minBuyAmount"":""481309701410752"",""totalNetworkFee"":""101226807776250"",""integratorFee"":{""asset"":""0x7163ae1b5aea2f09ebc609c52b4dcac0a7a4bc2d"",""amount"":""602112026609163332"",""type"":""volume""},""zeroExFee"":{""asset"":""0xeeeeeeeeeeeeeeeeeeeeeeeeeeeeeeeeeeeeeeee"",""amount"":""730289856483"",""type"":""volume""},""gasFee"":null,""integratorFees"":[{""asset"":""0x7163ae1b5aea2f09ebc609c52b4dcac0a7a4bc2d"",""amount"":""602112026609163332"",""type"":""volume""}],""integratorFeesOverflow"":false}","0","486129614463520","481309701410752","481309701410752","true","0x0000000000001fF3684f28c67538d4D072C22734","0x0000000000001fF3684f28c67538d4D072C22734","0","0xc571dfa76c03234f79d4b66a995ab027f878ab3bc8f46c4ac84afcc760b942b5","0x39b38686A19836Ac10162c490E4558e120CbBE5f","0xb6c0bf3b83bc9ae4f6ed65a4f5f6c188eb3e4258d8d3b3705dff4ac02ed4a966","0x99f5e8edaceacfdd183eb5f1da8a7757b322495b80cf7928db289a1b1a09f799","insufficient_balance","{""status"":""PASS"",""mode"":""ETH_CALL_EPHEMERAL_FUNDING"",""walletAuthority"":false,""blockNumber"":""57775599"",""blockHash"":""0x5fa9af095565642a3a36ba37a71d72b3d694ba44fe2a5eaf2da0406e2df1a38c"",""balanceSlot"":""0xf043c50fe795c69f30b8ff78b84032dc53a9d87ca283ae10a1dacfbb648e83ef"",""allowanceSlot"":""0x8633cf2d93cf08d5beab4385c45958edebafa053650c03b0a14121e3dde9d80f"",""allowanceSpender"":""0x0000000000001fF3684f28c67538d4D072C22734"",""allowanceAtomic"":""240844810643665332883"",""errorCode"":null,""errorSelector"":null,""calldataHash"":""0xc571dfa76c03234f79d4b66a995ab027f878ab3bc8f46c4ac84afcc760b942b5"",""gasLimit"":""374337"",""gasPrice"":""272344500"",""transactionTarget"":""0x0000000000001fF3684f28c67538d4D072C22734"",""transactionValue"":""0"",""protectedOutput"":""481309701410752"",""exactEnvelopePreserved"":true}","FIRM_VERIFIED","matrix","","","","",""
"49","5272840","0xcdCf6a05e6b9899feC60aB36f2db4CC2C1373688","Sirius","uniswap","4","0x8cb10b6bf54dded6334bccf3daf4a28455de8f102b072d2c0c4700083f01c563","[{""protocol"":""uniswap"",""version"":4,""pool"":""0x8cb10b6bf54dded6334bccf3daf4a28455de8f102b072d2c0c4700083f01c563""}]","BUY","0x0000000000000000000000000000000000000000","0xcdCf6a05e6b9899feC60aB36f2db4CC2C1373688","500000000000000","0x1111111111111111111111111111111111111111","4663","zero-x-swap","25","0x0000000000000000000000000000000000000000","9900","10000","no_route","NO_ROUTE","","NOT_APPLICABLE","NO","1250000000000","NOT_REACHED","no_route","","{""sellAsset"":null,""buyAsset"":null,""sellAmount"":null,""buyAmount"":null,""minBuyAmount"":null,""totalNetworkFee"":null,""integratorFee"":null,""zeroExFee"":null,""gasFee"":null,""integratorFees"":[],""integratorFeesOverflow"":false}","","","","","","","","","","","","","","","NO_ROUTE","matrix","","","","",""
"49","5272840","0xcdCf6a05e6b9899feC60aB36f2db4CC2C1373688","Sirius","uniswap","4","0x8cb10b6bf54dded6334bccf3daf4a28455de8f102b072d2c0c4700083f01c563","[{""protocol"":""uniswap"",""version"":4,""pool"":""0x8cb10b6bf54dded6334bccf3daf4a28455de8f102b072d2c0c4700083f01c563""}]","SELL","0xcdCf6a05e6b9899feC60aB36f2db4CC2C1373688","0x0000000000000000000000000000000000000000","1000000000000000000","0x1111111111111111111111111111111111111111","4663","zero-x-swap","25","0xcdCf6a05e6b9899feC60aB36f2db4CC2C1373688","9900","10000","no_route","NO_ROUTE","","NOT_APPLICABLE","NO","2500000000000000","NOT_REACHED","no_route","","{""sellAsset"":null,""buyAsset"":null,""sellAmount"":null,""buyAmount"":null,""minBuyAmount"":null,""totalNetworkFee"":null,""integratorFee"":null,""zeroExFee"":null,""gasFee"":null,""integratorFees"":[],""integratorFeesOverflow"":false}","","","","","","","","","","","","","","","NO_ROUTE","matrix","","","","",""
"50","5272840","0x85a479651526fBeDB482Cde88FD3Fdd3c1B10970","OPENAI","uniswap","3","0xb581e7b503084056f2fc67524cba2a7b0345f90c","[{""protocol"":""uniswap"",""version"":3,""pool"":""0xb581e7b503084056f2fc67524cba2a7b0345f90c""}]","BUY","0x0000000000000000000000000000000000000000","0x85a479651526fBeDB482Cde88FD3Fdd3c1B10970","500000000000000","0x1111111111111111111111111111111111111111","4663","zero-x-swap","25","0x0000000000000000000000000000000000000000","9900","10000","FIRM_RETURNED","ROUTABLE","","NOT_APPLICABLE","NO","1250000000000","NOT_RUN_INSUFFICIENT_BALANCE","indicative","818866103123282","{""sellAsset"":""0xeeeeeeeeeeeeeeeeeeeeeeeeeeeeeeeeeeeeeeee"",""buyAsset"":""0x85a479651526fbedb482cde88fd3fdd3c1b10970"",""sellAmount"":""500000000000000"",""buyAmount"":""818866103123282"",""minBuyAmount"":""810759328699112"",""totalNetworkFee"":""94656689914500"",""integratorFee"":{""asset"":""0xeeeeeeeeeeeeeeeeeeeeeeeeeeeeeeeeeeeeeeee"",""amount"":""1250000000000"",""type"":""volume""},""zeroExFee"":{""asset"":""0xeeeeeeeeeeeeeeeeeeeeeeeeeeeeeeeeeeeeeeee"",""amount"":""750000000000"",""type"":""volume""},""gasFee"":null,""integratorFees"":[{""asset"":""0xeeeeeeeeeeeeeeeeeeeeeeeeeeeeeeeeeeeeeeee"",""amount"":""1250000000000"",""type"":""volume""}],""integratorFeesOverflow"":false}","0","818866103123282","810759328699112","810759328699112","true","","0x0000000000001fF3684f28c67538d4D072C22734","500000000000000","0xa91f050278191fd972937698a37d9d7eae9d056a6f0fbee424971def58577096","0x39b38686A19836Ac10162c490E4558e120CbBE5f","0xb6c0bf3b83bc9ae4f6ed65a4f5f6c188eb3e4258d8d3b3705dff4ac02ed4a966","0x99f5e8edaceacfdd183eb5f1da8a7757b322495b80cf7928db289a1b1a09f799","insufficient_balance","{""status"":""PASS"",""mode"":""ETH_CALL_EPHEMERAL_FUNDING"",""walletAuthority"":false,""blockNumber"":""57775653"",""blockHash"":""0x6562f43ae7d989b2297c939d7c2b342de318f510a6a98890eb97c0ab197b4753"",""errorCode"":null,""errorSelector"":null,""calldataHash"":""0xa91f050278191fd972937698a37d9d7eae9d056a6f0fbee424971def58577096"",""gasLimit"":""348103"",""gasPrice"":""273350250"",""transactionTarget"":""0x0000000000001fF3684f28c67538d4D072C22734"",""transactionValue"":""500000000000000"",""protectedOutput"":""810759328699112"",""exactEnvelopePreserved"":true}","FIRM_VERIFIED","matrix","","","","",""
"50","5272840","0x85a479651526fBeDB482Cde88FD3Fdd3c1B10970","OPENAI","uniswap","3","0xb581e7b503084056f2fc67524cba2a7b0345f90c","[{""protocol"":""uniswap"",""version"":3,""pool"":""0xb581e7b503084056f2fc67524cba2a7b0345f90c""}]","SELL","0x85a479651526fBeDB482Cde88FD3Fdd3c1B10970","0x0000000000000000000000000000000000000000","818866103123282","0x1111111111111111111111111111111111111111","4663","zero-x-swap","25","0x85a479651526fBeDB482Cde88FD3Fdd3c1B10970","9900","10000","FIRM_RETURNED","ROUTABLE","","NOT_APPLICABLE","NO","2047165257808","NOT_RUN_INSUFFICIENT_BALANCE","indicative","486145405711065","{""sellAsset"":""0x85a479651526fbedb482cde88fd3fdd3c1b10970"",""buyAsset"":""0xeeeeeeeeeeeeeeeeeeeeeeeeeeeeeeeeeeeeeeee"",""sellAmount"":""818866103123282"",""buyAmount"":""486145405711065"",""minBuyAmount"":""481325336090094"",""totalNetworkFee"":""95549408199000"",""integratorFee"":{""asset"":""0x85a479651526fbedb482cde88fd3fdd3c1b10970"",""amount"":""2047165257808"",""type"":""volume""},""zeroExFee"":{""asset"":""0xeeeeeeeeeeeeeeeeeeeeeeeeeeeeeeeeeeeeeeee"",""amount"":""730313578943"",""type"":""volume""},""gasFee"":null,""integratorFees"":[{""asset"":""0x85a479651526fbedb482cde88fd3fdd3c1b10970"",""amount"":""2047165257808"",""type"":""volume""}],""integratorFeesOverflow"":false}","0","486145405711065","481325336090094","481325336090094","true","0x0000000000001fF3684f28c67538d4D072C22734","0x0000000000001fF3684f28c67538d4D072C22734","0","0x70ef843cedb0bb82b755e3c13c0c2c1615ad87f1abc43250deb1e2a3d8a297db","0x39b38686A19836Ac10162c490E4558e120CbBE5f","0xb6c0bf3b83bc9ae4f6ed65a4f5f6c188eb3e4258d8d3b3705dff4ac02ed4a966","0x99f5e8edaceacfdd183eb5f1da8a7757b322495b80cf7928db289a1b1a09f799","insufficient_balance","{""status"":""PASS"",""mode"":""ETH_CALL_EPHEMERAL_FUNDING"",""walletAuthority"":false,""blockNumber"":""57775664"",""blockHash"":""0x7be7bd1c860de3b17217661ce34c0a554b11eb77f7312dd3d872c9d4c44955d5"",""balanceSlot"":""0x03bc0908960c0366d32941eb5caa08bf54557a242fb70d605af61dbac6c0c03f"",""allowanceSlot"":""0x387b1d14190d4dafe78eb5328b8cf468be894e634040f044079d7265a1d4c394"",""allowanceSpender"":""0x0000000000001fF3684f28c67538d4D072C22734"",""allowanceAtomic"":""818866103123282"",""errorCode"":null,""errorSelector"":null,""calldataHash"":""0x70ef843cedb0bb82b755e3c13c0c2c1615ad87f1abc43250deb1e2a3d8a297db"",""gasLimit"":""351374"",""gasPrice"":""273350250"",""transactionTarget"":""0x0000000000001fF3684f28c67538d4D072C22734"",""transactionValue"":""0"",""protectedOutput"":""481325336090094"",""exactEnvelopePreserved"":true}","FIRM_VERIFIED","matrix","","","","",""
"0","5272840","0xf0821f2BF570ca4e7499a9Ed9dB7C788FED9946f","PEEP","uniswap","2","0xe70dd15481ba143f145fbe23e8916236d554d3c7","[{""protocol"":""uniswap"",""version"":2,""pool"":""0xe70dd15481ba143f145fbe23e8916236d554d3c7""}]","BUY","0x0000000000000000000000000000000000000000","0xf0821f2BF570ca4e7499a9Ed9dB7C788FED9946f","500000000000000","0x1111111111111111111111111111111111111111","4663","zero-x-swap","25","0x0000000000000000000000000000000000000000","9900","10000","FIRM_RETURNED","ROUTABLE","","NOT_APPLICABLE","NO","1250000000000","NOT_RUN_INSUFFICIENT_BALANCE","indicative","57349701542949120644598","{""sellAsset"":""0xeeeeeeeeeeeeeeeeeeeeeeeeeeeeeeeeeeeeeeee"",""buyAsset"":""0xf0821f2bf570ca4e7499a9ed9db7c788fed9946f"",""sellAmount"":""500000000000000"",""buyAmount"":""57349701542949120644598"",""minBuyAmount"":""56781939497673924345664"",""totalNetworkFee"":""85328966700000"",""integratorFee"":{""asset"":""0xeeeeeeeeeeeeeeeeeeeeeeeeeeeeeeeeeeeeeeee"",""amount"":""1250000000000"",""type"":""volume""},""zeroExFee"":{""asset"":""0xeeeeeeeeeeeeeeeeeeeeeeeeeeeeeeeeeeeeeeee"",""amount"":""750000000000"",""type"":""volume""},""gasFee"":null,""integratorFees"":[{""asset"":""0xeeeeeeeeeeeeeeeeeeeeeeeeeeeeeeeeeeeeeeee"",""amount"":""1250000000000"",""type"":""volume""}],""integratorFeesOverflow"":false}","0","57349701542949120644598","56781939497673924345664","56781939497673924345664","true","","0x0000000000001fF3684f28c67538d4D072C22734","500000000000000","0xfc9faa23bad6df3e4f1d768f35e311da7e503984949910f35e9378e93bfe9075","0x39b38686A19836Ac10162c490E4558e120CbBE5f","0xb6c0bf3b83bc9ae4f6ed65a4f5f6c188eb3e4258d8d3b3705dff4ac02ed4a966","0x99f5e8edaceacfdd183eb5f1da8a7757b322495b80cf7928db289a1b1a09f799","insufficient_balance","{""status"":""PASS"",""mode"":""ETH_CALL_EPHEMERAL_FUNDING"",""walletAuthority"":false,""blockNumber"":""57775698"",""blockHash"":""0x36831d199205b2fcf946b4eb5d0a532af97d241af777c27ceae1386a192876a5"",""errorCode"":null,""errorSelector"":null,""calldataHash"":""0xfc9faa23bad6df3e4f1d768f35e311da7e503984949910f35e9378e93bfe9075"",""gasLimit"":""313800"",""gasPrice"":""275910750"",""transactionTarget"":""0x0000000000001fF3684f28c67538d4D072C22734"",""transactionValue"":""500000000000000"",""protectedOutput"":""56781939497673924345664"",""exactEnvelopePreserved"":true}","FIRM_VERIFIED","peep","","","","",""
"0","5272840","0xf0821f2BF570ca4e7499a9Ed9dB7C788FED9946f","PEEP","uniswap","2","0xe70dd15481ba143f145fbe23e8916236d554d3c7","[{""protocol"":""uniswap"",""version"":2,""pool"":""0xe70dd15481ba143f145fbe23e8916236d554d3c7""}]","SELL","0xf0821f2BF570ca4e7499a9Ed9dB7C788FED9946f","0x0000000000000000000000000000000000000000","57349701542949120644598","0x1111111111111111111111111111111111111111","4663","zero-x-swap","25","0xf0821f2BF570ca4e7499a9Ed9dB7C788FED9946f","9900","10000","FIRM_RETURNED","ROUTABLE","","NOT_APPLICABLE","NO","143374253857372801611","NOT_RUN_INSUFFICIENT_BALANCE","indicative","492905235364120","{""sellAsset"":""0xf0821f2bf570ca4e7499a9ed9db7c788fed9946f"",""buyAsset"":""0xeeeeeeeeeeeeeeeeeeeeeeeeeeeeeeeeeeeeeeee"",""sellAmount"":""57349701542949120644598"",""buyAmount"":""492905235364120"",""minBuyAmount"":""488018142895312"",""totalNetworkFee"":""84679618158000"",""integratorFee"":{""asset"":""0xf0821f2bf570ca4e7499a9ed9db7c788fed9946f"",""amount"":""143374253857372801611"",""type"":""volume""},""zeroExFee"":{""asset"":""0xeeeeeeeeeeeeeeeeeeeeeeeeeeeeeeeeeeeeeeee"",""amount"":""740468555894"",""type"":""volume""},""gasFee"":null,""integratorFees"":[{""asset"":""0xf0821f2bf570ca4e7499a9ed9db7c788fed9946f"",""amount"":""143374253857372801611"",""type"":""volume""}],""integratorFeesOverflow"":false}","0","492905235364120","488018142895312","488018142895312","true","0x0000000000001fF3684f28c67538d4D072C22734","0x0000000000001fF3684f28c67538d4D072C22734","0","0x79e3827c2bf9d71894004e92ee70777c9722c101439720eac2ad098e4a9bdb16","0x39b38686A19836Ac10162c490E4558e120CbBE5f","0xb6c0bf3b83bc9ae4f6ed65a4f5f6c188eb3e4258d8d3b3705dff4ac02ed4a966","0x99f5e8edaceacfdd183eb5f1da8a7757b322495b80cf7928db289a1b1a09f799","insufficient_balance","{""status"":""PASS"",""mode"":""ETH_CALL_EPHEMERAL_FUNDING"",""walletAuthority"":false,""blockNumber"":""57775703"",""blockHash"":""0x195a174461c9235ce4c4828751bf37d65a35b410cc65673828227c5160df81b7"",""balanceSlot"":""0xf043c50fe795c69f30b8ff78b84032dc53a9d87ca283ae10a1dacfbb648e83ef"",""allowanceSlot"":""0x8633cf2d93cf08d5beab4385c45958edebafa053650c03b0a14121e3dde9d80f"",""allowanceSpender"":""0x0000000000001fF3684f28c67538d4D072C22734"",""allowanceAtomic"":""57349701542949120644598"",""errorCode"":null,""errorSelector"":null,""calldataHash"":""0x79e3827c2bf9d71894004e92ee70777c9722c101439720eac2ad098e4a9bdb16"",""gasLimit"":""311412"",""gasPrice"":""271921500"",""transactionTarget"":""0x0000000000001fF3684f28c67538d4D072C22734"",""transactionValue"":""0"",""protectedOutput"":""488018142895312"",""exactEnvelopePreserved"":true}","FIRM_VERIFIED","peep","","","","",""
"0","5272840","0xf0821f2BF570ca4e7499a9Ed9dB7C788FED9946f","PEEP","uniswap","2","0xe70dd15481ba143f145fbe23e8916236d554d3c7","[{""protocol"":""uniswap"",""version"":2,""pool"":""0xe70dd15481ba143f145fbe23e8916236d554d3c7""}]","BUY","0x5fc5360D0400a0Fd4f2af552ADD042D716F1d168","0xf0821f2BF570ca4e7499a9Ed9dB7C788FED9946f","1000000","0x1111111111111111111111111111111111111111","4663","zero-x-swap","25","0x5fc5360D0400a0Fd4f2af552ADD042D716F1d168","9900","10000","FIRM_RETURNED","ROUTABLE","","NOT_APPLICABLE","NO","2500","NOT_RUN_INSUFFICIENT_BALANCE","indicative","46187744281411980854473","{""sellAsset"":""0x5fc5360d0400a0fd4f2af552add042d716f1d168"",""buyAsset"":""0xf0821f2bf570ca4e7499a9ed9db7c788fed9946f"",""sellAmount"":""1000000"",""buyAmount"":""46187744281411980854473"",""minBuyAmount"":""45730485613026002239585"",""totalNetworkFee"":""115077959253000"",""integratorFee"":{""asset"":""0x5fc5360d0400a0fd4f2af552add042d716f1d168"",""amount"":""2500"",""type"":""volume""},""zeroExFee"":{""asset"":""0x5fc5360d0400a0fd4f2af552add042d716f1d168"",""amount"":""1500"",""type"":""volume""},""gasFee"":null,""integratorFees"":[{""asset"":""0x5fc5360d0400a0fd4f2af552add042d716f1d168"",""amount"":""2500"",""type"":""volume""}],""integratorFeesOverflow"":false}","0","46187744281411980854473","45730485613026002239585","45730485613026002239585","true","0x0000000000001fF3684f28c67538d4D072C22734","0x0000000000001fF3684f28c67538d4D072C22734","0","0x4894ad22bfa1771aef6d6e19dfca4bf6c2c37d8de26d86466c6474e4b23cc454","0x39b38686A19836Ac10162c490E4558e120CbBE5f","0xb6c0bf3b83bc9ae4f6ed65a4f5f6c188eb3e4258d8d3b3705dff4ac02ed4a966","0x99f5e8edaceacfdd183eb5f1da8a7757b322495b80cf7928db289a1b1a09f799","insufficient_balance","{""status"":""PASS"",""mode"":""ETH_CALL_EPHEMERAL_FUNDING"",""walletAuthority"":false,""blockNumber"":""57775723"",""blockHash"":""0x32d3b9cc646de89a1594275e218dc1a1ffdae0a2f0d651a6b8085db5047e5236"",""balanceSlot"":""0x8eec1c9afb183a84aac7003cf8e730bfb6385f6e43761d6425fba4265de3a9eb"",""allowanceSlot"":""0xcac99d11595dcde91c9e908705fa83b7a09fe2b2fc8e3c0293a36f7bd1dccffe"",""allowanceSpender"":""0x0000000000001fF3684f28c67538d4D072C22734"",""allowanceAtomic"":""1000000"",""errorCode"":null,""errorSelector"":null,""calldataHash"":""0x4894ad22bfa1771aef6d6e19dfca4bf6c2c37d8de26d86466c6474e4b23cc454"",""gasLimit"":""417084"",""gasPrice"":""272499750"",""transactionTarget"":""0x0000000000001fF3684f28c67538d4D072C22734"",""transactionValue"":""0"",""protectedOutput"":""45730485613026002239585"",""exactEnvelopePreserved"":true}","FIRM_VERIFIED","peep","","","","",""
"0","5272840","0xf0821f2BF570ca4e7499a9Ed9dB7C788FED9946f","PEEP","uniswap","2","0xe70dd15481ba143f145fbe23e8916236d554d3c7","[{""protocol"":""uniswap"",""version"":2,""pool"":""0xe70dd15481ba143f145fbe23e8916236d554d3c7""}]","SELL","0xf0821f2BF570ca4e7499a9Ed9dB7C788FED9946f","0x5fc5360D0400a0Fd4f2af552ADD042D716F1d168","46187744281411980854473","0x1111111111111111111111111111111111111111","4663","zero-x-swap","25","0xf0821f2BF570ca4e7499a9Ed9dB7C788FED9946f","9900","10000","FIRM_RETURNED","ROUTABLE","","NOT_APPLICABLE","NO","115469360703529952136","NOT_RUN_INSUFFICIENT_BALANCE","indicative","985880","{""sellAsset"":""0xf0821f2bf570ca4e7499a9ed9db7c788fed9946f"",""buyAsset"":""0x5fc5360d0400a0fd4f2af552add042d716f1d168"",""sellAmount"":""46187744281411980854473"",""buyAmount"":""985880"",""minBuyAmount"":""976080"",""totalNetworkFee"":""134905251937500"",""integratorFee"":{""asset"":""0xf0821f2bf570ca4e7499a9ed9db7c788fed9946f"",""amount"":""115469360703529952136"",""type"":""volume""},""zeroExFee"":{""asset"":""0x5fc5360d0400a0fd4f2af552add042d716f1d168"",""amount"":""1481"",""type"":""volume""},""gasFee"":null,""integratorFees"":[{""asset"":""0xf0821f2bf570ca4e7499a9ed9db7c788fed9946f"",""amount"":""115469360703529952136"",""type"":""volume""}],""integratorFeesOverflow"":false}","0","985880","976080","976080","true","0x0000000000001fF3684f28c67538d4D072C22734","0x0000000000001fF3684f28c67538d4D072C22734","0","0xf37ada0c687abfbbef7c96378183dfab3b2c79f1fe009f22ca146f14f976f62a","0x39b38686A19836Ac10162c490E4558e120CbBE5f","0xb6c0bf3b83bc9ae4f6ed65a4f5f6c188eb3e4258d8d3b3705dff4ac02ed4a966","0x99f5e8edaceacfdd183eb5f1da8a7757b322495b80cf7928db289a1b1a09f799","insufficient_balance","{""status"":""PASS"",""mode"":""ETH_CALL_EPHEMERAL_FUNDING"",""walletAuthority"":false,""blockNumber"":""57775743"",""blockHash"":""0x4b42889e602277022f16f5411278b2255e01263b25be361408f3f841b66426d7"",""balanceSlot"":""0xf043c50fe795c69f30b8ff78b84032dc53a9d87ca283ae10a1dacfbb648e83ef"",""allowanceSlot"":""0x8633cf2d93cf08d5beab4385c45958edebafa053650c03b0a14121e3dde9d80f"",""allowanceSpender"":""0x0000000000001fF3684f28c67538d4D072C22734"",""allowanceAtomic"":""46187744281411980854473"",""errorCode"":null,""errorSelector"":null,""calldataHash"":""0xf37ada0c687abfbbef7c96378183dfab3b2c79f1fe009f22ca146f14f976f62a"",""gasLimit"":""499125"",""gasPrice"":""270283500"",""transactionTarget"":""0x0000000000001fF3684f28c67538d4D072C22734"",""transactionValue"":""0"",""protectedOutput"":""976080"",""exactEnvelopePreserved"":true}","FIRM_VERIFIED","peep","","","","",""
"1","5272840","0xCCc331D2F8e102A606e1FfF194E65ea9BEd767c2","LIG","uniswap","2","0x4c8c4110aa2bc9a75eb95e6cd7426fbd73680336","[{""protocol"":""uniswap"",""version"":2,""pool"":""0x4c8c4110aa2bc9a75eb95e6cd7426fbd73680336""}]","SELL","0xCCc331D2F8e102A606e1FfF194E65ea9BEd767c2","0x0000000000000000000000000000000000000000","20928430761903298088735","0x1111111111111111111111111111111111111111","4663","zero-x-swap","25","0xCCc331D2F8e102A606e1FfF194E65ea9BEd767c2","9900","10000","indicative","ROUTABLE","","NOT_APPLICABLE","NO","52321076904758245222","NOT_REACHED","indicative","257277773595","{""sellAsset"":""0xccc331d2f8e102a606e1fff194e65ea9bed767c2"",""buyAsset"":""0xeeeeeeeeeeeeeeeeeeeeeeeeeeeeeeeeeeeeeeee"",""sellAmount"":""20928430761903298088735"",""buyAmount"":""257277773595"",""minBuyAmount"":""254726897322"",""totalNetworkFee"":""88206078012750"",""integratorFee"":{""asset"":""0xccc331d2f8e102a606e1fff194e65ea9bed767c2"",""amount"":""52321076904758245222"",""type"":""volume""},""zeroExFee"":{""asset"":""0xeeeeeeeeeeeeeeeeeeeeeeeeeeeeeeeeeeeeeeee"",""amount"":""386496415"",""type"":""volume""},""gasFee"":null,""integratorFees"":[{""asset"":""0xccc331d2f8e102a606e1fff194e65ea9bed767c2"",""amount"":""52321076904758245222"",""type"":""volume""}],""integratorFeesOverflow"":false}","0","","","","","","","","","","","","","","","original_invalid_replay","invalid_response","20928430761903298088735","","",""
"2","5272840","0x612e0cBfA113127Ec1cfd2c1ABddCa9a9121E8E6","MONI","uniswap","3","0x2ca89520e03aa5a41e48146cf928fc462a6d5c7e","[{""protocol"":""uniswap"",""version"":3,""pool"":""0x2ca89520e03aa5a41e48146cf928fc462a6d5c7e""},{""protocol"":""uniswap"",""version"":4,""pool"":""0x044b99dbc9c1032eef7497487629f3e57a5757a30723720bb6e2ac7cfc61b264""},{""protocol"":""uniswap"",""version"":4,""pool"":""0x375c815ee0a155bb6c7fac47099bb7a934df6fb5b24ea11beb49d7f1da62f13e""},{""protocol"":""uniswap"",""version"":4,""pool"":""0x8fe6c20dc7847d02bdc638057b154cf560098b5ab3f38200568fff3f2084f58c""},{""protocol"":""uniswap"",""version"":4,""pool"":""0xc2a7585ba7b15acd40b9a8bccbd80772f9db5197ccf9ca1685b22fa1511e2054""}]","SELL","0x612e0cBfA113127Ec1cfd2c1ABddCa9a9121E8E6","0x0000000000000000000000000000000000000000","110104420294367144141463","0x1111111111111111111111111111111111111111","4663","zero-x-swap","25","0x612e0cBfA113127Ec1cfd2c1ABddCa9a9121E8E6","9900","10000","indicative","ROUTABLE","","NOT_APPLICABLE","NO","275261050735917860354","NOT_REACHED","indicative","422644294989285","{""sellAsset"":""0x612e0cbfa113127ec1cfd2c1abddca9a9121e8e6"",""buyAsset"":""0xeeeeeeeeeeeeeeeeeeeeeeeeeeeeeeeeeeeeeeee"",""sellAmount"":""110104420294367144141463"",""buyAmount"":""422644294989285"",""minBuyAmount"":""418453830772566"",""totalNetworkFee"":""118817767701000"",""integratorFee"":{""asset"":""0x612e0cbfa113127ec1cfd2c1abddca9a9121e8e6"",""amount"":""275261050735917860354"",""type"":""volume""},""zeroExFee"":{""asset"":""0xeeeeeeeeeeeeeeeeeeeeeeeeeeeeeeeeeeeeeeee"",""amount"":""634918820719"",""type"":""volume""},""gasFee"":null,""integratorFees"":[{""asset"":""0x612e0cbfa113127ec1cfd2c1abddca9a9121e8e6"",""amount"":""275261050735917860354"",""type"":""volume""}],""integratorFeesOverflow"":false}","0","","","","","","","","","","","","","","","original_invalid_replay","invalid_response","110104420294367144141463","","",""
"8","5272840","0x372489438B64dbd4bC70478f8345382A7A9a4045","CRUMBS","uniswap","3","0x30240c6e8a569ffc187dafc8efacf25d23396c4a","[{""protocol"":""uniswap"",""version"":3,""pool"":""0x30240c6e8a569ffc187dafc8efacf25d23396c4a""}]","SELL","0x372489438B64dbd4bC70478f8345382A7A9a4045","0x0000000000000000000000000000000000000000","4876812849634634577419","0x1111111111111111111111111111111111111111","4663","zero-x-swap","25","0x372489438B64dbd4bC70478f8345382A7A9a4045","9900","10000","no_route","NO_ROUTE","","NOT_APPLICABLE","NO","12192032124086586444","NOT_REACHED","no_route","","{""sellAsset"":null,""buyAsset"":null,""sellAmount"":null,""buyAmount"":null,""minBuyAmount"":null,""totalNetworkFee"":null,""integratorFee"":null,""zeroExFee"":null,""gasFee"":null,""integratorFees"":[],""integratorFeesOverflow"":false}","","","","","","","","","","","","","","","","original_invalid_replay","invalid_response","4876812849634634577419","","",""
"10","5272840","0x94f0f1F47c74d2Cb944745253B12AD29b97b0256","STOCKCRAFT","uniswap","2","0x597c27f4ebdc02ed67431167ef3a92912d12558c","[{""protocol"":""uniswap"",""version"":2,""pool"":""0x597c27f4ebdc02ed67431167ef3a92912d12558c""}]","SELL","0x94f0f1F47c74d2Cb944745253B12AD29b97b0256","0x0000000000000000000000000000000000000000","54936568511707008732626","0x1111111111111111111111111111111111111111","4663","zero-x-swap","25","0x94f0f1F47c74d2Cb944745253B12AD29b97b0256","9900","10000","indicative","ROUTABLE","","NOT_APPLICABLE","NO","137341421279267521832","NOT_REACHED","indicative","627920174795","{""sellAsset"":""0x94f0f1f47c74d2cb944745253b12ad29b97b0256"",""buyAsset"":""0xeeeeeeeeeeeeeeeeeeeeeeeeeeeeeeeeeeeeeeee"",""sellAmount"":""54936568511707008732626"",""buyAmount"":""627920174795"",""minBuyAmount"":""621694426442"",""totalNetworkFee"":""85205554668000"",""integratorFee"":{""asset"":""0x94f0f1f47c74d2cb944745253b12ad29b97b0256"",""amount"":""137341421279267521832"",""type"":""volume""},""zeroExFee"":{""asset"":""0xeeeeeeeeeeeeeeeeeeeeeeeeeeeeeeeeeeeeeeee"",""amount"":""943295212"",""type"":""volume""},""gasFee"":null,""integratorFees"":[{""asset"":""0x94f0f1f47c74d2cb944745253b12ad29b97b0256"",""amount"":""137341421279267521832"",""type"":""volume""}],""integratorFeesOverflow"":false}","0","","","","","","","","","","","","","","","original_invalid_replay","invalid_response","54936568511707008732626","","",""
"11","5272840","0xBD0fD22F59B4C59cb49496976789A4ab4abeb218","CDOGE","uniswap","3","0x959509169222af2ade64d1e238c5fc25e1678a03","[{""protocol"":""uniswap"",""version"":3,""pool"":""0x959509169222af2ade64d1e238c5fc25e1678a03""}]","SELL","0xBD0fD22F59B4C59cb49496976789A4ab4abeb218","0x0000000000000000000000000000000000000000","362221445883892952833409","0x1111111111111111111111111111111111111111","4663","zero-x-swap","25","0xBD0fD22F59B4C59cb49496976789A4ab4abeb218","9900","10000","indicative","ROUTABLE","","NOT_APPLICABLE","NO","905553614709732382084","NOT_REACHED","indicative","485790603384060","{""sellAsset"":""0xbd0fd22f59b4c59cb49496976789a4ab4abeb218"",""buyAsset"":""0xeeeeeeeeeeeeeeeeeeeeeeeeeeeeeeeeeeeeeeee"",""sellAmount"":""362221445883892952833409"",""buyAmount"":""485790603384060"",""minBuyAmount"":""480974051582856"",""totalNetworkFee"":""95605273615500"",""integratorFee"":{""asset"":""0xbd0fd22f59b4c59cb49496976789a4ab4abeb218"",""amount"":""905553614709732382084"",""type"":""volume""},""zeroExFee"":{""asset"":""0xeeeeeeeeeeeeeeeeeeeeeeeeeeeeeeeeeeeeeeee"",""amount"":""729780575948"",""type"":""volume""},""gasFee"":null,""integratorFees"":[{""asset"":""0xbd0fd22f59b4c59cb49496976789a4ab4abeb218"",""amount"":""905553614709732382084"",""type"":""volume""}],""integratorFeesOverflow"":false}","0","","","","","","","","","","","","","","","original_invalid_replay","invalid_response","362221445883892952833409","","",""
"12","5272840","0x7d0B434D7DA5c97e3eAa505Cfc6fDfD1b91CEd70","IMPRINT","uniswap","4","0x3d01d564abecd17af9613936f69fb194b8df68442a269e900623871516e24e06","[{""protocol"":""uniswap"",""version"":4,""pool"":""0x3d01d564abecd17af9613936f69fb194b8df68442a269e900623871516e24e06""}]","SELL","0x7d0B434D7DA5c97e3eAa505Cfc6fDfD1b91CEd70","0x0000000000000000000000000000000000000000","293201434654851592498794","0x1111111111111111111111111111111111111111","4663","zero-x-swap","25","0x7d0B434D7DA5c97e3eAa505Cfc6fDfD1b91CEd70","9900","10000","indicative","ROUTABLE","","NOT_APPLICABLE","NO","733003586637128981247","NOT_REACHED","indicative","485841924107330","{""sellAsset"":""0x7d0b434d7da5c97e3eaa505cfc6fdfd1b91ced70"",""buyAsset"":""0xeeeeeeeeeeeeeeeeeeeeeeeeeeeeeeeeeeeeeeee"",""sellAmount"":""293201434654851592498794"",""buyAmount"":""485841924107330"",""minBuyAmount"":""481024863467708"",""totalNetworkFee"":""89523952812000"",""integratorFee"":{""asset"":""0x7d0b434d7da5c97e3eaa505cfc6fdfd1b91ced70"",""amount"":""733003586637128981247"",""type"":""volume""},""zeroExFee"":{""asset"":""0xeeeeeeeeeeeeeeeeeeeeeeeeeeeeeeeeeeeeeeee"",""amount"":""729857672673"",""type"":""volume""},""gasFee"":null,""integratorFees"":[{""asset"":""0x7d0b434d7da5c97e3eaa505cfc6fdfd1b91ced70"",""amount"":""733003586637128981247"",""type"":""volume""}],""integratorFeesOverflow"":false}","0","","","","","","","","","","","","","","","original_invalid_replay","invalid_response","293201434654851592498794","","",""
"13","5272840","0x831A3962e31037cf4Eb8847cb7eA05aaC1Db35B6","DAMES","uniswap","2","0x0393168875b3b6a5f25769d1740525852ab348c2","[{""protocol"":""uniswap"",""version"":2,""pool"":""0x0393168875b3b6a5f25769d1740525852ab348c2""}]","SELL","0x831A3962e31037cf4Eb8847cb7eA05aaC1Db35B6","0x0000000000000000000000000000000000000000","66257699468134791056","0x1111111111111111111111111111111111111111","4663","zero-x-swap","25","0x831A3962e31037cf4Eb8847cb7eA05aaC1Db35B6","9900","10000","indicative","ROUTABLE","","NOT_APPLICABLE","NO","165644248670336978","NOT_REACHED","indicative","455673230129830","{""sellAsset"":""0x831a3962e31037cf4eb8847cb7ea05aac1db35b6"",""buyAsset"":""0xeeeeeeeeeeeeeeeeeeeeeeeeeeeeeeeeeeeeeeee"",""sellAmount"":""66257699468134791056"",""buyAmount"":""455673230129830"",""minBuyAmount"":""451155288238708"",""totalNetworkFee"":""85386467621250"",""integratorFee"":{""asset"":""0x831a3962e31037cf4eb8847cb7ea05aac1db35b6"",""amount"":""165644248670336978"",""type"":""volume""},""zeroExFee"":{""asset"":""0xeeeeeeeeeeeeeeeeeeeeeeeeeeeeeeeeeeeeeeee"",""amount"":""684536650174"",""type"":""volume""},""gasFee"":null,""integratorFees"":[{""asset"":""0x831a3962e31037cf4eb8847cb7ea05aac1db35b6"",""amount"":""165644248670336978"",""type"":""volume""}],""integratorFeesOverflow"":false}","0","","","","","","","","","","","","","","","original_invalid_replay","invalid_response","66257699468134791056","","",""
"14","5272840","0x632Add287Caa4Ec2F1E9913D69D10D1565f066d1","TST11","uniswap","3","0x2fa125f24265aadbf6338bb322c729ce974361e5","[{""protocol"":""uniswap"",""version"":3,""pool"":""0x2fa125f24265aadbf6338bb322c729ce974361e5""}]","SELL","0x632Add287Caa4Ec2F1E9913D69D10D1565f066d1","0x0000000000000000000000000000000000000000","8043587995032759910856637","0x1111111111111111111111111111111111111111","4663","zero-x-swap","25","0x632Add287Caa4Ec2F1E9913D69D10D1565f066d1","9900","10000","indicative","ROUTABLE","","NOT_APPLICABLE","NO","20108969987581899777142","NOT_REACHED","indicative","120185824279240","{""sellAsset"":""0x632add287caa4ec2f1e9913d69d10d1565f066d1"",""buyAsset"":""0xeeeeeeeeeeeeeeeeeeeeeeeeeeeeeeeeeeeeeeee"",""sellAmount"":""8043587995032759910856637"",""buyAmount"":""120185824279240"",""minBuyAmount"":""118994197178224"",""totalNetworkFee"":""179462939994000"",""integratorFee"":{""asset"":""0x632add287caa4ec2f1e9913d69d10d1565f066d1"",""amount"":""20108969987581899777142"",""type"":""volume""},""zeroExFee"":{""asset"":""0xeeeeeeeeeeeeeeeeeeeeeeeeeeeeeeeeeeeeeeee"",""amount"":""180549560765"",""type"":""volume""},""gasFee"":null,""integratorFees"":[{""asset"":""0x632add287caa4ec2f1e9913d69d10d1565f066d1"",""amount"":""20108969987581899777142"",""type"":""volume""}],""integratorFeesOverflow"":false}","0","","","","","","","","","","","","","","","original_invalid_replay","invalid_response","8043587995032759910856637","","",""
"15","5272840","0x778c5c511BEa28aB94fE754E1d09C31886327001","MEMORY","uniswap","4","0x3ad57af77975929b4aa51fcffe5a003e4a847229fb2644b6883f376f29e98bc0","[{""protocol"":""uniswap"",""version"":4,""pool"":""0x3ad57af77975929b4aa51fcffe5a003e4a847229fb2644b6883f376f29e98bc0""}]","SELL","0x778c5c511BEa28aB94fE754E1d09C31886327001","0x0000000000000000000000000000000000000000","75451343323550572627925","0x1111111111111111111111111111111111111111","4663","zero-x-swap","25","0x778c5c511BEa28aB94fE754E1d09C31886327001","9900","10000","indicative","ROUTABLE","","NOT_APPLICABLE","NO","188628358308876431570","NOT_REACHED","indicative","240464819522085","{""sellAsset"":""0x778c5c511bea28ab94fe754e1d09c31886327001"",""buyAsset"":""0xeeeeeeeeeeeeeeeeeeeeeeeeeeeeeeeeeeeeeeee"",""sellAmount"":""75451343323550572627925"",""buyAmount"":""240464819522085"",""minBuyAmount"":""238080641541846"",""totalNetworkFee"":""152499101634000"",""integratorFee"":{""asset"":""0x778c5c511bea28ab94fe754e1d09c31886327001"",""amount"":""188628358308876431570"",""type"":""volume""},""zeroExFee"":{""asset"":""0xeeeeeeeeeeeeeeeeeeeeeeeeeeeeeeeeeeeeeeee"",""amount"":""361239087928"",""type"":""volume""},""gasFee"":null,""integratorFees"":[{""asset"":""0x778c5c511bea28ab94fe754e1d09c31886327001"",""amount"":""188628358308876431570"",""type"":""volume""}],""integratorFeesOverflow"":false}","0","","","","","","","","","","","","","","","original_invalid_replay","invalid_response","75451343323550572627925","","",""
"16","5272840","0x0Bd7D308f8E1639FAb988df18A8011f41EAcAD73","WETH","uniswap","2","0x0393168875b3b6a5f25769d1740525852ab348c2","[{""protocol"":""uniswap"",""version"":2,""pool"":""0x0393168875b3b6a5f25769d1740525852ab348c2""},{""protocol"":""uniswap"",""version"":3,""pool"":""0x07d5abd7ad97b3e9dffd8f129cb64be08d4430bb""},{""protocol"":""uniswap"",""version"":3,""pool"":""0x395e3890290561e8bd460cf6fce0053befa9bd8d""},{""protocol"":""uniswap"",""version"":4,""pool"":""0x456a5025f2edee58ac68b114b0ccd932b48fe383139aada4e62d5dbd3edb9cf6""},{""protocol"":""uniswap"",""version"":4,""pool"":""0x5768343bb66c420d0b925858d7599034294982f3cdc65deba0a480173cd1b249""},{""protocol"":""uniswap"",""version"":4,""pool"":""0x5ea7f36ad3d6655c9c3563967a3e6fc84f019a721cec80108d4af4485cff609f""},{""protocol"":""uniswap"",""version"":4,""pool"":""0x77064464cb203d939659b229b4b378c1a94691e624c31792d7f26988bf261a4b""},{""protocol"":""uniswap"",""version"":4,""pool"":""0xa9464d523f0f3bede8e6cd83c33283fa98a24da3b513504f5b2656299c5cb021""},{""protocol"":""uniswap"",""version"":4,""pool"":""0xad3708a19e9294fe5af18e2d965ee39a7f4ced076dd6251274bb3664926cb794""},{""protocol"":""uniswap"",""version"":4,""pool"":""0xceeea1fc13365eab28a88aef1109e45c91acaace4cf0a2b6843f864a3c3ddffb""},{""protocol"":""uniswap"",""version"":4,""pool"":""0xd737d5dc7de67fbac6c1c292a920b318485dc5ce91741a1906298b53ffb7d133""}]","BUY","0x0000000000000000000000000000000000000000","0x0Bd7D308f8E1639FAb988df18A8011f41EAcAD73","500000000000000","0x1111111111111111111111111111111111111111","4663","zero-x-swap","25","0x0000000000000000000000000000000000000000","9900","10000","invalid_response","REJECTED","MISSING_INTEGRATOR_FEE","YES","NO","1250000000000","NOT_REACHED","invalid_response","","{""sellAsset"":""0xeeeeeeeeeeeeeeeeeeeeeeeeeeeeeeeeeeeeeeee"",""buyAsset"":""0x0bd7d308f8e1639fab988df18a8011f41eacad73"",""sellAmount"":""500000000000000"",""buyAmount"":""500000000000000"",""minBuyAmount"":""500000000000000"",""totalNetworkFee"":""21751737381000"",""integratorFee"":null,""zeroExFee"":null,""gasFee"":null,""integratorFees"":[],""integratorFeesOverflow"":false}","","","","","","","","","","","","","","","","original_invalid_replay","invalid_response","500000000000000","","",""
"16","5272840","0x0Bd7D308f8E1639FAb988df18A8011f41EAcAD73","WETH","uniswap","2","0x0393168875b3b6a5f25769d1740525852ab348c2","[{""protocol"":""uniswap"",""version"":2,""pool"":""0x0393168875b3b6a5f25769d1740525852ab348c2""},{""protocol"":""uniswap"",""version"":3,""pool"":""0x07d5abd7ad97b3e9dffd8f129cb64be08d4430bb""},{""protocol"":""uniswap"",""version"":3,""pool"":""0x395e3890290561e8bd460cf6fce0053befa9bd8d""},{""protocol"":""uniswap"",""version"":4,""pool"":""0x456a5025f2edee58ac68b114b0ccd932b48fe383139aada4e62d5dbd3edb9cf6""},{""protocol"":""uniswap"",""version"":4,""pool"":""0x5768343bb66c420d0b925858d7599034294982f3cdc65deba0a480173cd1b249""},{""protocol"":""uniswap"",""version"":4,""pool"":""0x5ea7f36ad3d6655c9c3563967a3e6fc84f019a721cec80108d4af4485cff609f""},{""protocol"":""uniswap"",""version"":4,""pool"":""0x77064464cb203d939659b229b4b378c1a94691e624c31792d7f26988bf261a4b""},{""protocol"":""uniswap"",""version"":4,""pool"":""0xa9464d523f0f3bede8e6cd83c33283fa98a24da3b513504f5b2656299c5cb021""},{""protocol"":""uniswap"",""version"":4,""pool"":""0xad3708a19e9294fe5af18e2d965ee39a7f4ced076dd6251274bb3664926cb794""},{""protocol"":""uniswap"",""version"":4,""pool"":""0xceeea1fc13365eab28a88aef1109e45c91acaace4cf0a2b6843f864a3c3ddffb""},{""protocol"":""uniswap"",""version"":4,""pool"":""0xd737d5dc7de67fbac6c1c292a920b318485dc5ce91741a1906298b53ffb7d133""}]","SELL","0x0Bd7D308f8E1639FAb988df18A8011f41EAcAD73","0x0000000000000000000000000000000000000000","1000000000000000000","0x1111111111111111111111111111111111111111","4663","zero-x-swap","25","0x0Bd7D308f8E1639FAb988df18A8011f41EAcAD73","9900","10000","invalid_response","REJECTED","MISSING_INTEGRATOR_FEE","YES","NO","2500000000000000","NOT_REACHED","invalid_response","","{""sellAsset"":""0x0bd7d308f8e1639fab988df18a8011f41eacad73"",""buyAsset"":""0xeeeeeeeeeeeeeeeeeeeeeeeeeeeeeeeeeeeeeeee"",""sellAmount"":""1000000000000000000"",""buyAmount"":""1000000000000000000"",""minBuyAmount"":""1000000000000000000"",""totalNetworkFee"":""21895819897500"",""integratorFee"":null,""zeroExFee"":null,""gasFee"":null,""integratorFees"":[],""integratorFeesOverflow"":false}","","","","","","","","","","","","","","","","original_invalid_replay","invalid_response","1000000000000000000","","",""
"20","5272840","0x6112093A7638b56Eefddda55FeF8cf570710C710","PUGCOIN","uniswap","3","0x7f74f1a3bdd0f6cab331021a321ad827ef94bab7","[{""protocol"":""uniswap"",""version"":3,""pool"":""0x7f74f1a3bdd0f6cab331021a321ad827ef94bab7""}]","SELL","0x6112093A7638b56Eefddda55FeF8cf570710C710","0x0000000000000000000000000000000000000000","432643786424914169584381","0x1111111111111111111111111111111111111111","4663","zero-x-swap","25","0x6112093A7638b56Eefddda55FeF8cf570710C710","9900","10000","indicative","ROUTABLE","","NOT_APPLICABLE","NO","1081609466062285423961","NOT_REACHED","indicative","486972163990645","{""sellAsset"":""0x6112093a7638b56eefddda55fef8cf570710c710"",""buyAsset"":""0xeeeeeeeeeeeeeeeeeeeeeeeeeeeeeeeeeeeeeeee"",""sellAmount"":""432643786424914169584381"",""buyAmount"":""486972163990645"",""minBuyAmount"":""482143897166902"",""totalNetworkFee"":""126383195565000"",""integratorFee"":{""asset"":""0x6112093a7638b56eefddda55fef8cf570710c710"",""amount"":""1081609466062285423961"",""type"":""volume""},""zeroExFee"":{""asset"":""0xeeeeeeeeeeeeeeeeeeeeeeeeeeeeeeeeeeeeeeee"",""amount"":""731555579361"",""type"":""volume""},""gasFee"":null,""integratorFees"":[{""asset"":""0x6112093a7638b56eefddda55fef8cf570710c710"",""amount"":""1081609466062285423961"",""type"":""volume""}],""integratorFeesOverflow"":false}","0","","","","","","","","","","","","","","","original_invalid_replay","invalid_response","432643786424914169584381","","",""
"25","5272840","0x3b4E41bfb6a9AaEFA4a2e07cA0e45D630D8b72A5","MONID","uniswap","2","0xa21b4456256ffbb9b6ceaf6acf4369e7c2abb105","[{""protocol"":""uniswap"",""version"":2,""pool"":""0xa21b4456256ffbb9b6ceaf6acf4369e7c2abb105""},{""protocol"":""uniswap"",""version"":4,""pool"":""0x5dc89dcbe8b1865988b0159350245a99f2b1e82ffe430e54b3b2b0c99e07ef8c""}]","SELL","0x3b4E41bfb6a9AaEFA4a2e07cA0e45D630D8b72A5","0x0000000000000000000000000000000000000000","199530044373840216740396","0x1111111111111111111111111111111111111111","4663","zero-x-swap","25","0x3b4E41bfb6a9AaEFA4a2e07cA0e45D630D8b72A5","9900","10000","no_route","NO_ROUTE","","NOT_APPLICABLE","NO","498825110934600541851","NOT_REACHED","no_route","","{""sellAsset"":null,""buyAsset"":null,""sellAmount"":null,""buyAmount"":null,""minBuyAmount"":null,""totalNetworkFee"":null,""integratorFee"":null,""zeroExFee"":null,""gasFee"":null,""integratorFees"":[],""integratorFeesOverflow"":false}","","","","","","","","","","","","","","","","original_invalid_replay","invalid_response","199530044373840216740396","","",""
"38","5272840","0x020bfC650A365f8BB26819deAAbF3E21291018b4","CASHCAT","uniswap","3","0xa70fc67c9f69da90b63a0e4c05d229954574e313","[{""protocol"":""uniswap"",""version"":3,""pool"":""0xa70fc67c9f69da90b63a0e4c05d229954574e313""},{""protocol"":""uniswap"",""version"":4,""pool"":""0x5dda0356812bf212b7f137dee56b7adf75b24a7d859cceb140fe8c239dabd494""}]","SELL","0x020bfC650A365f8BB26819deAAbF3E21291018b4","0x0000000000000000000000000000000000000000","6946547883187407117","0x1111111111111111111111111111111111111111","4663","zero-x-swap","25","0x020bfC650A365f8BB26819deAAbF3E21291018b4","9900","10000","indicative","ROUTABLE","","NOT_APPLICABLE","NO","17366369707968518","NOT_REACHED","indicative","490399937805845","{""sellAsset"":""0x020bfc650a365f8bb26819deaabf3e21291018b4"",""buyAsset"":""0xeeeeeeeeeeeeeeeeeeeeeeeeeeeeeeeeeeeeeeee"",""sellAmount"":""6946547883187407117"",""buyAmount"":""490399937805845"",""minBuyAmount"":""485537685042422"",""totalNetworkFee"":""86698677006000"",""integratorFee"":{""asset"":""0x020bfc650a365f8bb26819deaabf3e21291018b4"",""amount"":""17366369707968518"",""type"":""volume""},""zeroExFee"":{""asset"":""0xeeeeeeeeeeeeeeeeeeeeeeeeeeeeeeeeeeeeeeee"",""amount"":""736704964157"",""type"":""volume""},""gasFee"":null,""integratorFees"":[{""asset"":""0x020bfc650a365f8bb26819deaabf3e21291018b4"",""amount"":""17366369707968518"",""type"":""volume""}],""integratorFeesOverflow"":false}","0","","","","","","","","","","","","","","","original_invalid_replay","invalid_response","6946547883187407117","","",""
"40","5272840","0x4e7891E5F4EA0e0265eE5C2f5241990Fc268E269","PUGCOIN","uniswap","3","0xb581e7b503084056f2fc67524cba2a7b0345f90c","[{""protocol"":""uniswap"",""version"":3,""pool"":""0xb581e7b503084056f2fc67524cba2a7b0345f90c""}]","SELL","0x4e7891E5F4EA0e0265eE5C2f5241990Fc268E269","0x0000000000000000000000000000000000000000","426014785262041390068261","0x1111111111111111111111111111111111111111","4663","zero-x-swap","25","0x4e7891E5F4EA0e0265eE5C2f5241990Fc268E269","9900","10000","indicative","ROUTABLE","","NOT_APPLICABLE","NO","1065036963155103475171","NOT_REACHED","indicative","479149425156500","{""sellAsset"":""0x4e7891e5f4ea0e0265ee5c2f5241990fc268e269"",""buyAsset"":""0xeeeeeeeeeeeeeeeeeeeeeeeeeeeeeeeeeeeeeeee"",""sellAmount"":""426014785262041390068261"",""buyAmount"":""479149425156500"",""minBuyAmount"":""474398719789400"",""totalNetworkFee"":""126703000271250"",""integratorFee"":{""asset"":""0x4e7891e5f4ea0e0265ee5c2f5241990fc268e269"",""amount"":""1065036963155103475171"",""type"":""volume""},""zeroExFee"":{""asset"":""0xeeeeeeeeeeeeeeeeeeeeeeeeeeeeeeeeeeeeeeee"",""amount"":""719803843507"",""type"":""volume""},""gasFee"":null,""integratorFees"":[{""asset"":""0x4e7891e5f4ea0e0265ee5c2f5241990fc268e269"",""amount"":""1065036963155103475171"",""type"":""volume""}],""integratorFeesOverflow"":false}","0","","","","","","","","","","","","","","","original_invalid_replay","invalid_response","426014785262041390068261","","",""
"44","5272840","0xc1a03B0B778d59367a50A056d7cf85a5093ECa12","CRMBS","uniswap","3","0x185f6b9168651005830f2d8137909eebd4c6c19b","[{""protocol"":""uniswap"",""version"":3,""pool"":""0x185f6b9168651005830f2d8137909eebd4c6c19b""}]","SELL","0xc1a03B0B778d59367a50A056d7cf85a5093ECa12","0x0000000000000000000000000000000000000000","4002896789285022385500","0x1111111111111111111111111111111111111111","4663","zero-x-swap","25","0xc1a03B0B778d59367a50A056d7cf85a5093ECa12","9900","10000","indicative","ROUTABLE","","NOT_APPLICABLE","NO","10007241973212555964","NOT_REACHED","indicative","477682572061520","{""sellAsset"":""0xc1a03b0b778d59367a50a056d7cf85a5093eca12"",""buyAsset"":""0xeeeeeeeeeeeeeeeeeeeeeeeeeeeeeeeeeeeeeeee"",""sellAmount"":""4002896789285022385500"",""buyAmount"":""477682572061520"",""minBuyAmount"":""472946410355552"",""totalNetworkFee"":""130654415556000"",""integratorFee"":{""asset"":""0xc1a03b0b778d59367a50a056d7cf85a5093eca12"",""amount"":""10007241973212555964"",""type"":""volume""},""zeroExFee"":{""asset"":""0xeeeeeeeeeeeeeeeeeeeeeeeeeeeeeeeeeeeeeeee"",""amount"":""717600258482"",""type"":""volume""},""gasFee"":null,""integratorFees"":[{""asset"":""0xc1a03b0b778d59367a50a056d7cf85a5093eca12"",""amount"":""10007241973212555964"",""type"":""volume""}],""integratorFeesOverflow"":false}","0","","","","","","","","","","","","","","","original_invalid_replay","invalid_response","4002896789285022385500","","",""
"45","5272840","0xca5fcaEB939CeD8433609e9230C48371DeBedf34","SMF","uniswap","4","0x3aa6dc47bee9fc645a7f0189b087e1b14aed3d9abc09a81cfe59155e04f42dad","[{""protocol"":""uniswap"",""version"":4,""pool"":""0x3aa6dc47bee9fc645a7f0189b087e1b14aed3d9abc09a81cfe59155e04f42dad""},{""protocol"":""uniswap"",""version"":4,""pool"":""0xc433e35f4ba0e79031ab0c47a18b4ea2ad829750dd9e09b267425905ad6f0af5""}]","SELL","0xca5fcaEB939CeD8433609e9230C48371DeBedf34","0x0000000000000000000000000000000000000000","155486939208497687057171","0x1111111111111111111111111111111111111111","4663","zero-x-swap","25","0xca5fcaEB939CeD8433609e9230C48371DeBedf34","9900","10000","indicative","ROUTABLE","","NOT_APPLICABLE","NO","388717348021244217643","NOT_REACHED","indicative","916986314619385","{""sellAsset"":""0xca5fcaeb939ced8433609e9230c48371debedf34"",""buyAsset"":""0xeeeeeeeeeeeeeeeeeeeeeeeeeeeeeeeeeeeeeeee"",""sellAmount"":""155486939208497687057171"",""buyAmount"":""916986314619385"",""minBuyAmount"":""907894512401326"",""totalNetworkFee"":""121697017668000"",""integratorFee"":{""asset"":""0xca5fcaeb939ced8433609e9230c48371debedf34"",""amount"":""388717348021244217643"",""type"":""volume""},""zeroExFee"":{""asset"":""0xeeeeeeeeeeeeeeeeeeeeeeeeeeeeeeeeeeeeeeee"",""amount"":""1377545790617"",""type"":""volume""},""gasFee"":null,""integratorFees"":[{""asset"":""0xca5fcaeb939ced8433609e9230c48371debedf34"",""amount"":""388717348021244217643"",""type"":""volume""}],""integratorFeesOverflow"":false}","0","","","","","","","","","","","","","","","original_invalid_replay","invalid_response","155486939208497687057171","","",""
"50","5272840","0x85a479651526fBeDB482Cde88FD3Fdd3c1B10970","OPENAI","uniswap","3","0xb581e7b503084056f2fc67524cba2a7b0345f90c","[{""protocol"":""uniswap"",""version"":3,""pool"":""0xb581e7b503084056f2fc67524cba2a7b0345f90c""}]","SELL","0x85a479651526fBeDB482Cde88FD3Fdd3c1B10970","0x0000000000000000000000000000000000000000","837635378405085","0x1111111111111111111111111111111111111111","4663","zero-x-swap","25","0x85a479651526fBeDB482Cde88FD3Fdd3c1B10970","9900","10000","indicative","ROUTABLE","","NOT_APPLICABLE","NO","2094088446013","NOT_REACHED","indicative","497288318642450","{""sellAsset"":""0x85a479651526fbedb482cde88fd3fdd3c1b10970"",""buyAsset"":""0xeeeeeeeeeeeeeeeeeeeeeeeeeeeeeeeeeeeeeeee"",""sellAmount"":""837635378405085"",""buyAmount"":""497288318642450"",""minBuyAmount"":""492357768462620"",""totalNetworkFee"":""95020484422500"",""integratorFee"":{""asset"":""0x85a479651526fbedb482cde88fd3fdd3c1b10970"",""amount"":""2094088446013"",""type"":""volume""},""zeroExFee"":{""asset"":""0xeeeeeeeeeeeeeeeeeeeeeeeeeeeeeeeeeeeeeeee"",""amount"":""747053057555"",""type"":""volume""},""gasFee"":null,""integratorFees"":[{""asset"":""0x85a479651526fbedb482cde88fd3fdd3c1b10970"",""amount"":""2094088446013"",""type"":""volume""}],""integratorFeesOverflow"":false}","0","","","","","","","","","","","","","","","original_invalid_replay","invalid_response","837635378405085","","",""
"0","5272840","0xf0821f2BF570ca4e7499a9Ed9dB7C788FED9946f","PEEP","uniswap","2","0xe70dd15481ba143f145fbe23e8916236d554d3c7","[{""protocol"":""uniswap"",""version"":2,""pool"":""0xe70dd15481ba143f145fbe23e8916236d554d3c7""}]","SELL","0xf0821f2BF570ca4e7499a9Ed9dB7C788FED9946f","0x5fc5360D0400a0Fd4f2af552ADD042D716F1d168","46344563744511694555819","0x1111111111111111111111111111111111111111","4663","zero-x-swap","25","0xf0821f2BF570ca4e7499a9Ed9dB7C788FED9946f","9900","10000","indicative","ROUTABLE","","NOT_APPLICABLE","NO","115861409361279236390","NOT_REACHED","indicative","989208","{""sellAsset"":""0xf0821f2bf570ca4e7499a9ed9db7c788fed9946f"",""buyAsset"":""0x5fc5360d0400a0fd4f2af552add042d716f1d168"",""sellAmount"":""46344563744511694555819"",""buyAmount"":""989208"",""minBuyAmount"":""979407"",""totalNetworkFee"":""137805555462750"",""integratorFee"":{""asset"":""0xf0821f2bf570ca4e7499a9ed9db7c788fed9946f"",""amount"":""115861409361279236390"",""type"":""volume""},""zeroExFee"":{""asset"":""0x5fc5360d0400a0fd4f2af552add042d716f1d168"",""amount"":""1486"",""type"":""volume""},""gasFee"":null,""integratorFees"":[{""asset"":""0xf0821f2bf570ca4e7499a9ed9db7c788fed9946f"",""amount"":""115861409361279236390"",""type"":""volume""}],""integratorFeesOverflow"":false}","0","","","","","","","","","","","","","","","original_invalid_replay","invalid_response","46344563744511694555819","true","",""
"1","5272840","0xCCc331D2F8e102A606e1FfF194E65ea9BEd767c2","LIG","uniswap","2","0x4c8c4110aa2bc9a75eb95e6cd7426fbd73680336","[{""protocol"":""uniswap"",""version"":2,""pool"":""0x4c8c4110aa2bc9a75eb95e6cd7426fbd73680336""}]","SELL","0xCCc331D2F8e102A606e1FfF194E65ea9BEd767c2","0x0000000000000000000000000000000000000000","20928430761903298088735","0x1111111111111111111111111111111111111111","4663","zero-x-swap","25","0xCCc331D2F8e102A606e1FfF194E65ea9BEd767c2","9900","10000","FIRM_RETURNED","ROUTABLE","","NOT_APPLICABLE","NO","52321076904758245222","NOT_RUN_INSUFFICIENT_BALANCE","indicative","257277773595","{""sellAsset"":""0xccc331d2f8e102a606e1fff194e65ea9bed767c2"",""buyAsset"":""0xeeeeeeeeeeeeeeeeeeeeeeeeeeeeeeeeeeeeeeee"",""sellAmount"":""20928430761903298088735"",""buyAmount"":""257277773595"",""minBuyAmount"":""254726897322"",""totalNetworkFee"":""88105168368000"",""integratorFee"":{""asset"":""0xccc331d2f8e102a606e1fff194e65ea9bed767c2"",""amount"":""52321076904758245222"",""type"":""volume""},""zeroExFee"":{""asset"":""0xeeeeeeeeeeeeeeeeeeeeeeeeeeeeeeeeeeeeeeee"",""amount"":""386496415"",""type"":""volume""},""gasFee"":null,""integratorFees"":[{""asset"":""0xccc331d2f8e102a606e1fff194e65ea9bed767c2"",""amount"":""52321076904758245222"",""type"":""volume""}],""integratorFeesOverflow"":false}","0","257277773595","254726897322","254726897322","true","0x0000000000001fF3684f28c67538d4D072C22734","0x0000000000001fF3684f28c67538d4D072C22734","0","0x783ef1cfe5275aadafb2c63304e283b478deaddcda8808f882a2706d79794c55","0x39b38686A19836Ac10162c490E4558e120CbBE5f","0xb6c0bf3b83bc9ae4f6ed65a4f5f6c188eb3e4258d8d3b3705dff4ac02ed4a966","0x99f5e8edaceacfdd183eb5f1da8a7757b322495b80cf7928db289a1b1a09f799","insufficient_balance","{""status"":""PASS"",""mode"":""ETH_CALL_EPHEMERAL_FUNDING"",""walletAuthority"":false,""blockNumber"":""57774366"",""blockHash"":""0x0757baaf7e4fdc4af1179e98ec94e6fcf8bf548e89760934384216c968c6aa83"",""balanceSlot"":""0xf043c50fe795c69f30b8ff78b84032dc53a9d87ca283ae10a1dacfbb648e83ef"",""allowanceSlot"":""0x8633cf2d93cf08d5beab4385c45958edebafa053650c03b0a14121e3dde9d80f"",""allowanceSpender"":""0x0000000000001fF3684f28c67538d4D072C22734"",""allowanceAtomic"":""20928430761903298088735"",""errorCode"":null,""errorSelector"":null,""calldataHash"":""0x783ef1cfe5275aadafb2c63304e283b478deaddcda8808f882a2706d79794c55"",""gasLimit"":""327363"",""gasPrice"":""270828000"",""transactionTarget"":""0x0000000000001fF3684f28c67538d4D072C22734"",""transactionValue"":""0"",""protectedOutput"":""254726897322"",""exactEnvelopePreserved"":true}","","previous_fee_mismatch_replay","","","","52321076904758245221","52321076904758245222"
"2","5272840","0x612e0cBfA113127Ec1cfd2c1ABddCa9a9121E8E6","MONI","uniswap","3","0x2ca89520e03aa5a41e48146cf928fc462a6d5c7e","[{""protocol"":""uniswap"",""version"":3,""pool"":""0x2ca89520e03aa5a41e48146cf928fc462a6d5c7e""},{""protocol"":""uniswap"",""version"":4,""pool"":""0x044b99dbc9c1032eef7497487629f3e57a5757a30723720bb6e2ac7cfc61b264""},{""protocol"":""uniswap"",""version"":4,""pool"":""0x375c815ee0a155bb6c7fac47099bb7a934df6fb5b24ea11beb49d7f1da62f13e""},{""protocol"":""uniswap"",""version"":4,""pool"":""0x8fe6c20dc7847d02bdc638057b154cf560098b5ab3f38200568fff3f2084f58c""},{""protocol"":""uniswap"",""version"":4,""pool"":""0xc2a7585ba7b15acd40b9a8bccbd80772f9db5197ccf9ca1685b22fa1511e2054""}]","SELL","0x612e0cBfA113127Ec1cfd2c1ABddCa9a9121E8E6","0x0000000000000000000000000000000000000000","118749089984995776357464","0x1111111111111111111111111111111111111111","4663","zero-x-swap","25","0x612e0cBfA113127Ec1cfd2c1ABddCa9a9121E8E6","9900","10000","FIRM_RETURNED","ROUTABLE","","NOT_APPLICABLE","NO","296872724962489440894","NOT_RUN_INSUFFICIENT_BALANCE","indicative","455824849349345","{""sellAsset"":""0x612e0cbfa113127ec1cfd2c1abddca9a9121e8e6"",""buyAsset"":""0xeeeeeeeeeeeeeeeeeeeeeeeeeeeeeeeeeeeeeeee"",""sellAmount"":""118749089984995776357464"",""buyAmount"":""455824849349345"",""minBuyAmount"":""451305404173022"",""totalNetworkFee"":""118876085838000"",""integratorFee"":{""asset"":""0x612e0cbfa113127ec1cfd2c1abddca9a9121e8e6"",""amount"":""296872724962489440894"",""type"":""volume""},""zeroExFee"":{""asset"":""0xeeeeeeeeeeeeeeeeeeeeeeeeeeeeeeeeeeeeeeee"",""amount"":""684764420658"",""type"":""volume""},""gasFee"":null,""integratorFees"":[{""asset"":""0x612e0cbfa113127ec1cfd2c1abddca9a9121e8e6"",""amount"":""296872724962489440894"",""type"":""volume""}],""integratorFeesOverflow"":false}","0","455824849349345","451305404173022","451305404173022","true","0x0000000000001fF3684f28c67538d4D072C22734","0x0000000000001fF3684f28c67538d4D072C22734","0","0xa455923ebc63855851063ba8700825a45fb3d3083f9fb01e8b150d751aafd780","0x39b38686A19836Ac10162c490E4558e120CbBE5f","0xb6c0bf3b83bc9ae4f6ed65a4f5f6c188eb3e4258d8d3b3705dff4ac02ed4a966","0x99f5e8edaceacfdd183eb5f1da8a7757b322495b80cf7928db289a1b1a09f799","insufficient_balance","{""status"":""PASS"",""mode"":""ETH_CALL_EPHEMERAL_FUNDING"",""walletAuthority"":false,""blockNumber"":""57774406"",""blockHash"":""0xea96215d58611f062cc6e6e38ecdadbddf30b16814a67b9493bc647b23cfc83c"",""balanceSlot"":""0xf043c50fe795c69f30b8ff78b84032dc53a9d87ca283ae10a1dacfbb648e83ef"",""allowanceSlot"":""0x8633cf2d93cf08d5beab4385c45958edebafa053650c03b0a14121e3dde9d80f"",""allowanceSpender"":""0x0000000000001fF3684f28c67538d4D072C22734"",""allowanceAtomic"":""118749089984995776357464"",""errorCode"":null,""errorSelector"":null,""calldataHash"":""0xa455923ebc63855851063ba8700825a45fb3d3083f9fb01e8b150d751aafd780"",""gasLimit"":""439308"",""gasPrice"":""269136000"",""transactionTarget"":""0x0000000000001fF3684f28c67538d4D072C22734"",""transactionValue"":""0"",""protectedOutput"":""451305404173022"",""exactEnvelopePreserved"":true}","","previous_fee_mismatch_replay","","","","296872724962489440893","296872724962489440894"
"6","5272840","0x34f7D072c2Fd4Dda663B4546CA2e22605Dd31E18","TSGOV","uniswap","4","0xb31b1ac77571cc872a30237a0c84edb52df0f44b52478ce7ab39f7b6a0ee424c","[{""protocol"":""uniswap"",""version"":4,""pool"":""0xb31b1ac77571cc872a30237a0c84edb52df0f44b52478ce7ab39f7b6a0ee424c""}]","SELL","0x34f7D072c2Fd4Dda663B4546CA2e22605Dd31E18","0x0000000000000000000000000000000000000000","59726927279344709021483","0x1111111111111111111111111111111111111111","4663","zero-x-swap","25","0x34f7D072c2Fd4Dda663B4546CA2e22605Dd31E18","9900","10000","FIRM_RETURNED","ROUTABLE","","NOT_APPLICABLE","NO","149317318198361772554","NOT_RUN_INSUFFICIENT_BALANCE","indicative","471615392013255","{""sellAsset"":""0x34f7d072c2fd4dda663b4546ca2e22605dd31e18"",""buyAsset"":""0xeeeeeeeeeeeeeeeeeeeeeeeeeeeeeeeeeeeeeeee"",""sellAmount"":""59726927279344709021483"",""buyAmount"":""471615392013255"",""minBuyAmount"":""466939385622738"",""totalNetworkFee"":""351014466582000"",""integratorFee"":{""asset"":""0x34f7d072c2fd4dda663b4546ca2e22605dd31e18"",""amount"":""149317318198361772554"",""type"":""volume""},""zeroExFee"":{""asset"":""0xeeeeeeeeeeeeeeeeeeeeeeeeeeeeeeeeeeeeeeee"",""amount"":""708485816754"",""type"":""volume""},""gasFee"":null,""integratorFees"":[{""asset"":""0x34f7d072c2fd4dda663b4546ca2e22605dd31e18"",""amount"":""149317318198361772554"",""type"":""volume""}],""integratorFeesOverflow"":false}","0","471615392013255","466939385622738","466939385622738","true","0x0000000000001fF3684f28c67538d4D072C22734","0x0000000000001fF3684f28c67538d4D072C22734","0","0xa03904b6c02c073f12bc3f37d62d7113b10417d383e5d18bed930010ef8d71a0","0x39b38686A19836Ac10162c490E4558e120CbBE5f","0xb6c0bf3b83bc9ae4f6ed65a4f5f6c188eb3e4258d8d3b3705dff4ac02ed4a966","0x99f5e8edaceacfdd183eb5f1da8a7757b322495b80cf7928db289a1b1a09f799","insufficient_balance","{""status"":""UNSUPPORTED_TOKEN_STORAGE_LAYOUT"",""mode"":""ETH_CALL_EPHEMERAL_FUNDING"",""walletAuthority"":false,""blockNumber"":""57774481"",""blockHash"":""0xaf8d564e6872be5a9109942b6072927f8b49bff83807d884ed7fc4286a817b93""}","","previous_fee_mismatch_replay","","","","149317318198361772553","149317318198361772554"
"9","5272840","0x44CdDBcd2f51FA0e174e02547f3DcC55b620Fd01","STRATEGY","uniswap","4","0x0627885f897e5c62874d81f0eb9c18a2cb4065c40462e6d0b43599223ec8f079","[{""protocol"":""uniswap"",""version"":4,""pool"":""0x0627885f897e5c62874d81f0eb9c18a2cb4065c40462e6d0b43599223ec8f079""}]","SELL","0x44CdDBcd2f51FA0e174e02547f3DcC55b620Fd01","0x0000000000000000000000000000000000000000","265653083105251795681018","0x1111111111111111111111111111111111111111","4663","zero-x-swap","25","0x44CdDBcd2f51FA0e174e02547f3DcC55b620Fd01","9900","10000","temporarily_unavailable","PROVIDER_UNAVAILABLE","","NOT_APPLICABLE","NO","664132707763129489203","NOT_REACHED","temporarily_unavailable","","","","","","","","","","","","","","","","","","previous_fee_mismatch_replay","","","","664132707763129489202","664132707763129489203"
"10","5272840","0x94f0f1F47c74d2Cb944745253B12AD29b97b0256","STOCKCRAFT","uniswap","2","0x597c27f4ebdc02ed67431167ef3a92912d12558c","[{""protocol"":""uniswap"",""version"":2,""pool"":""0x597c27f4ebdc02ed67431167ef3a92912d12558c""}]","SELL","0x94f0f1F47c74d2Cb944745253B12AD29b97b0256","0x0000000000000000000000000000000000000000","54936568511707008732626","0x1111111111111111111111111111111111111111","4663","zero-x-swap","25","0x94f0f1F47c74d2Cb944745253B12AD29b97b0256","9900","10000","FIRM_RETURNED","ROUTABLE","","NOT_APPLICABLE","NO","137341421279267521832","NOT_RUN_INSUFFICIENT_BALANCE","indicative","627920174795","{""sellAsset"":""0x94f0f1f47c74d2cb944745253b12ad29b97b0256"",""buyAsset"":""0xeeeeeeeeeeeeeeeeeeeeeeeeeeeeeeeeeeeeeeee"",""sellAmount"":""54936568511707008732626"",""buyAmount"":""627920174795"",""minBuyAmount"":""621694426442"",""totalNetworkFee"":""85205554668000"",""integratorFee"":{""asset"":""0x94f0f1f47c74d2cb944745253b12ad29b97b0256"",""amount"":""137341421279267521832"",""type"":""volume""},""zeroExFee"":{""asset"":""0xeeeeeeeeeeeeeeeeeeeeeeeeeeeeeeeeeeeeeeee"",""amount"":""943295212"",""type"":""volume""},""gasFee"":null,""integratorFees"":[{""asset"":""0x94f0f1f47c74d2cb944745253b12ad29b97b0256"",""amount"":""137341421279267521832"",""type"":""volume""}],""integratorFeesOverflow"":false}","0","627920174795","621694426442","621694426442","true","0x0000000000001fF3684f28c67538d4D072C22734","0x0000000000001fF3684f28c67538d4D072C22734","0","0xf3aa602ad7f13f33dc4bc1c1e8cb987c8365b7cb82a39ba7c3ae19cab674f790","0x39b38686A19836Ac10162c490E4558e120CbBE5f","0xb6c0bf3b83bc9ae4f6ed65a4f5f6c188eb3e4258d8d3b3705dff4ac02ed4a966","0x99f5e8edaceacfdd183eb5f1da8a7757b322495b80cf7928db289a1b1a09f799","insufficient_balance","{""status"":""PASS"",""mode"":""ETH_CALL_EPHEMERAL_FUNDING"",""walletAuthority"":false,""blockNumber"":""57774621"",""blockHash"":""0x6811cfb8bead3b0ee37f44d075b6eb5568e6fade29bebe56e8330723afdfade9"",""balanceSlot"":""0xfc40ea33816453f766ebc0872d4b5152b468882abe7b6b35528069db4d6e41c4"",""allowanceSlot"":""0xff5ad6a19694d8c773fd8fb371e835b382d754cc0dd437b4bb885a14b6521290"",""allowanceSpender"":""0x0000000000001fF3684f28c67538d4D072C22734"",""allowanceAtomic"":""54936568511707008732626"",""errorCode"":null,""errorSelector"":null,""calldataHash"":""0xf3aa602ad7f13f33dc4bc1c1e8cb987c8365b7cb82a39ba7c3ae19cab674f790"",""gasLimit"":""313328"",""gasPrice"":""271937250"",""transactionTarget"":""0x0000000000001fF3684f28c67538d4D072C22734"",""transactionValue"":""0"",""protectedOutput"":""621694426442"",""exactEnvelopePreserved"":true}","","previous_fee_mismatch_replay","","","","137341421279267521831","137341421279267521832"
"11","5272840","0xBD0fD22F59B4C59cb49496976789A4ab4abeb218","CDOGE","uniswap","3","0x959509169222af2ade64d1e238c5fc25e1678a03","[{""protocol"":""uniswap"",""version"":3,""pool"":""0x959509169222af2ade64d1e238c5fc25e1678a03""}]","SELL","0xBD0fD22F59B4C59cb49496976789A4ab4abeb218","0x0000000000000000000000000000000000000000","362221445883892952833409","0x1111111111111111111111111111111111111111","4663","zero-x-swap","25","0xBD0fD22F59B4C59cb49496976789A4ab4abeb218","9900","10000","FIRM_RETURNED","ROUTABLE","","NOT_APPLICABLE","NO","905553614709732382084","NOT_RUN_INSUFFICIENT_BALANCE","indicative","485790603384060","{""sellAsset"":""0xbd0fd22f59b4c59cb49496976789a4ab4abeb218"",""buyAsset"":""0xeeeeeeeeeeeeeeeeeeeeeeeeeeeeeeeeeeeeeeee"",""sellAmount"":""362221445883892952833409"",""buyAmount"":""485790603384060"",""minBuyAmount"":""480974051582856"",""totalNetworkFee"":""94319086398750"",""integratorFee"":{""asset"":""0xbd0fd22f59b4c59cb49496976789a4ab4abeb218"",""amount"":""905553614709732382084"",""type"":""volume""},""zeroExFee"":{""asset"":""0xeeeeeeeeeeeeeeeeeeeeeeeeeeeeeeeeeeeeeeee"",""amount"":""729780575948"",""type"":""volume""},""gasFee"":null,""integratorFees"":[{""asset"":""0xbd0fd22f59b4c59cb49496976789a4ab4abeb218"",""amount"":""905553614709732382084"",""type"":""volume""}],""integratorFeesOverflow"":false}","0","485790603384060","480974051582856","480974051582856","true","0x0000000000001fF3684f28c67538d4D072C22734","0x0000000000001fF3684f28c67538d4D072C22734","0","0xdc443ce43f2690bfc0526b2a4e26cc37e9f20bc815f3d860b883c95b51461782","0x39b38686A19836Ac10162c490E4558e120CbBE5f","0xb6c0bf3b83bc9ae4f6ed65a4f5f6c188eb3e4258d8d3b3705dff4ac02ed4a966","0x99f5e8edaceacfdd183eb5f1da8a7757b322495b80cf7928db289a1b1a09f799","insufficient_balance","{""status"":""PASS"",""mode"":""ETH_CALL_EPHEMERAL_FUNDING"",""walletAuthority"":false,""blockNumber"":""57774680"",""blockHash"":""0x2ffe09215f569f0f851fbbd8402e8c20823af31bc02791ff37d64f69ffe7d84c"",""balanceSlot"":""0xf043c50fe795c69f30b8ff78b84032dc53a9d87ca283ae10a1dacfbb648e83ef"",""allowanceSlot"":""0x8633cf2d93cf08d5beab4385c45958edebafa053650c03b0a14121e3dde9d80f"",""allowanceSpender"":""0x0000000000001fF3684f28c67538d4D072C22734"",""allowanceAtomic"":""362221445883892952833409"",""errorCode"":null,""errorSelector"":null,""calldataHash"":""0xdc443ce43f2690bfc0526b2a4e26cc37e9f20bc815f3d860b883c95b51461782"",""gasLimit"":""349199"",""gasPrice"":""273784500"",""transactionTarget"":""0x0000000000001fF3684f28c67538d4D072C22734"",""transactionValue"":""0"",""protectedOutput"":""480974051582856"",""exactEnvelopePreserved"":true}","","previous_fee_mismatch_replay","","","","905553614709732382083","905553614709732382084"
"13","5272840","0x831A3962e31037cf4Eb8847cb7eA05aaC1Db35B6","DAMES","uniswap","2","0x0393168875b3b6a5f25769d1740525852ab348c2","[{""protocol"":""uniswap"",""version"":2,""pool"":""0x0393168875b3b6a5f25769d1740525852ab348c2""}]","SELL","0x831A3962e31037cf4Eb8847cb7eA05aaC1Db35B6","0x0000000000000000000000000000000000000000","66870900545574066622","0x1111111111111111111111111111111111111111","4663","zero-x-swap","25","0x831A3962e31037cf4Eb8847cb7eA05aaC1Db35B6","9900","10000","FIRM_RETURNED","ROUTABLE","","NOT_APPLICABLE","NO","167177251363935167","NOT_RUN_INSUFFICIENT_BALANCE","indicative","459748403746490","{""sellAsset"":""0x831a3962e31037cf4eb8847cb7ea05aac1db35b6"",""buyAsset"":""0xeeeeeeeeeeeeeeeeeeeeeeeeeeeeeeeeeeeeeeee"",""sellAmount"":""66870900545574066622"",""buyAmount"":""459748403746490"",""minBuyAmount"":""455190057029324"",""totalNetworkFee"":""85278315935250"",""integratorFee"":{""asset"":""0x831a3962e31037cf4eb8847cb7ea05aac1db35b6"",""amount"":""167177251363935167"",""type"":""volume""},""zeroExFee"":{""asset"":""0xeeeeeeeeeeeeeeeeeeeeeeeeeeeeeeeeeeeeeeee"",""amount"":""690658593519"",""type"":""volume""},""gasFee"":null,""integratorFees"":[{""asset"":""0x831a3962e31037cf4eb8847cb7ea05aac1db35b6"",""amount"":""167177251363935167"",""type"":""volume""}],""integratorFeesOverflow"":false}","0","459748403746490","455190057029324","455190057029324","true","0x0000000000001fF3684f28c67538d4D072C22734","0x0000000000001fF3684f28c67538d4D072C22734","0","0x5af87c967941db184c0739b6a4dab01d4af8f3839b6c1034d483581668d2667c","0x39b38686A19836Ac10162c490E4558e120CbBE5f","0xb6c0bf3b83bc9ae4f6ed65a4f5f6c188eb3e4258d8d3b3705dff4ac02ed4a966","0x99f5e8edaceacfdd183eb5f1da8a7757b322495b80cf7928db289a1b1a09f799","insufficient_balance","{""status"":""PASS"",""mode"":""ETH_CALL_EPHEMERAL_FUNDING"",""walletAuthority"":false,""blockNumber"":""57774746"",""blockHash"":""0x661830cb6cecc0ccf6830ac2ef84d9eb2427505f991a23a919d47b40f7e3352c"",""balanceSlot"":""0xf043c50fe795c69f30b8ff78b84032dc53a9d87ca283ae10a1dacfbb648e83ef"",""allowanceSlot"":""0x8633cf2d93cf08d5beab4385c45958edebafa053650c03b0a14121e3dde9d80f"",""allowanceSpender"":""0x0000000000001fF3684f28c67538d4D072C22734"",""allowanceAtomic"":""66870900545574066622"",""errorCode"":null,""errorSelector"":null,""calldataHash"":""0x5af87c967941db184c0739b6a4dab01d4af8f3839b6c1034d483581668d2667c"",""gasLimit"":""316233"",""gasPrice"":""269669250"",""transactionTarget"":""0x0000000000001fF3684f28c67538d4D072C22734"",""transactionValue"":""0"",""protectedOutput"":""455190057029324"",""exactEnvelopePreserved"":true}","","previous_fee_mismatch_replay","","","","167177251363935166","167177251363935167"
"15","5272840","0x778c5c511BEa28aB94fE754E1d09C31886327001","MEMORY","uniswap","4","0x3ad57af77975929b4aa51fcffe5a003e4a847229fb2644b6883f376f29e98bc0","[{""protocol"":""uniswap"",""version"":4,""pool"":""0x3ad57af77975929b4aa51fcffe5a003e4a847229fb2644b6883f376f29e98bc0""}]","SELL","0x778c5c511BEa28aB94fE754E1d09C31886327001","0x0000000000000000000000000000000000000000","190106744578639738868779","0x1111111111111111111111111111111111111111","4663","zero-x-swap","25","0x778c5c511BEa28aB94fE754E1d09C31886327001","9900","10000","FIRM_RETURNED","ROUTABLE","","NOT_APPLICABLE","NO","475266861446599347172","NOT_RUN_INSUFFICIENT_BALANCE","indicative","605780761962760","{""sellAsset"":""0x778c5c511bea28ab94fe754e1d09c31886327001"",""buyAsset"":""0xeeeeeeeeeeeeeeeeeeeeeeeeeeeeeeeeeeeeeeee"",""sellAmount"":""190106744578639738868779"",""buyAmount"":""605780761962760"",""minBuyAmount"":""599774523060976"",""totalNetworkFee"":""152767990089000"",""integratorFee"":{""asset"":""0x778c5c511bea28ab94fe754e1d09c31886327001"",""amount"":""475266861446599347172"",""type"":""volume""},""zeroExFee"":{""asset"":""0xeeeeeeeeeeeeeeeeeeeeeeeeeeeeeeeeeeeeeeee"",""amount"":""910036197242"",""type"":""volume""},""gasFee"":null,""integratorFees"":[{""asset"":""0x778c5c511bea28ab94fe754e1d09c31886327001"",""amount"":""475266861446599347172"",""type"":""volume""}],""integratorFeesOverflow"":false}","0","605780761962760","599774523060976","599774523060976","true","0x0000000000001fF3684f28c67538d4D072C22734","0x0000000000001fF3684f28c67538d4D072C22734","0","0x1377d9e25b8f2b0f46183f2f09ffca1feb636b29a7149f5580ab390ac83fddc1","0x39b38686A19836Ac10162c490E4558e120CbBE5f","0xb6c0bf3b83bc9ae4f6ed65a4f5f6c188eb3e4258d8d3b3705dff4ac02ed4a966","0x99f5e8edaceacfdd183eb5f1da8a7757b322495b80cf7928db289a1b1a09f799","insufficient_balance","{""status"":""PASS"",""mode"":""ETH_CALL_EPHEMERAL_FUNDING"",""walletAuthority"":false,""blockNumber"":""57774820"",""blockHash"":""0x62c0d36b79ea8387b1824665bd1532434a9512c2e321051f5547a517929eb379"",""balanceSlot"":""0xfc40ea33816453f766ebc0872d4b5152b468882abe7b6b35528069db4d6e41c4"",""allowanceSlot"":""0xff5ad6a19694d8c773fd8fb371e835b382d754cc0dd437b4bb885a14b6521290"",""allowanceSpender"":""0x0000000000001fF3684f28c67538d4D072C22734"",""allowanceAtomic"":""190106744578639738868779"",""errorCode"":null,""errorSelector"":null,""calldataHash"":""0x1377d9e25b8f2b0f46183f2f09ffca1feb636b29a7149f5580ab390ac83fddc1"",""gasLimit"":""564509"",""gasPrice"":""270621000"",""transactionTarget"":""0x0000000000001fF3684f28c67538d4D072C22734"",""transactionValue"":""0"",""protectedOutput"":""599774523060976"",""exactEnvelopePreserved"":true}","","previous_fee_mismatch_replay","","","","475266861446599347171","475266861446599347172"
"31","5272840","0xc6911796042b15d7Fa4F6CDe69e245DdCd3d9c31","VIRTUAL","uniswap","2","0x0794c9c35f9365ee49dbae32aba718da472fd8db","[{""protocol"":""uniswap"",""version"":2,""pool"":""0x0794c9c35f9365ee49dbae32aba718da472fd8db""},{""protocol"":""uniswap"",""version"":2,""pool"":""0x8865a9b53b936c705e936b0d7f8e870d1fc61309""},{""protocol"":""uniswap"",""version"":2,""pool"":""0xd75ac5369a3fc20e04bd7c22993978042e391998""}]","SELL","0xc6911796042b15d7Fa4F6CDe69e245DdCd3d9c31","0x0000000000000000000000000000000000000000","1714393242149175091","0x1111111111111111111111111111111111111111","4663","zero-x-swap","25","0xc6911796042b15d7Fa4F6CDe69e245DdCd3d9c31","9900","10000","FIRM_RETURNED","ROUTABLE","","NOT_APPLICABLE","NO","4285983105372938","NOT_RUN_INSUFFICIENT_BALANCE","indicative","497539068272970","{""sellAsset"":""0xc6911796042b15d7fa4f6cde69e245ddcd3d9c31"",""buyAsset"":""0xeeeeeeeeeeeeeeeeeeeeeeeeeeeeeeeeeeeeeeee"",""sellAmount"":""1714393242149175091"",""buyAmount"":""497539068272970"",""minBuyAmount"":""492606031942572"",""totalNetworkFee"":""86422847616000"",""integratorFee"":{""asset"":""0xc6911796042b15d7fa4f6cde69e245ddcd3d9c31"",""amount"":""4285983105372938"",""type"":""volume""},""zeroExFee"":{""asset"":""0xeeeeeeeeeeeeeeeeeeeeeeeeeeeeeeeeeeeeeeee"",""amount"":""747429747037"",""type"":""volume""},""gasFee"":null,""integratorFees"":[{""asset"":""0xc6911796042b15d7fa4f6cde69e245ddcd3d9c31"",""amount"":""4285983105372938"",""type"":""volume""}],""integratorFeesOverflow"":false}","0","497539068272970","492606031942572","492606031942572","true","0x0000000000001fF3684f28c67538d4D072C22734","0x0000000000001fF3684f28c67538d4D072C22734","0","0xc2102d579756c2821cb5ad5f5414da050d89b6c9dae70d11224365b3174cccc3","0x39b38686A19836Ac10162c490E4558e120CbBE5f","0xb6c0bf3b83bc9ae4f6ed65a4f5f6c188eb3e4258d8d3b3705dff4ac02ed4a966","0x99f5e8edaceacfdd183eb5f1da8a7757b322495b80cf7928db289a1b1a09f799","insufficient_balance","{""status"":""PASS"",""mode"":""ETH_CALL_EPHEMERAL_FUNDING"",""walletAuthority"":false,""blockNumber"":""57775144"",""blockHash"":""0x51ad54d800160c9d2a49a7865d616c897937d7718c2ab5f7a3f4b0ea61cb316c"",""balanceSlot"":""0xf043c50fe795c69f30b8ff78b84032dc53a9d87ca283ae10a1dacfbb648e83ef"",""allowanceSlot"":""0x8633cf2d93cf08d5beab4385c45958edebafa053650c03b0a14121e3dde9d80f"",""allowanceSpender"":""0x0000000000001fF3684f28c67538d4D072C22734"",""allowanceAtomic"":""1714393242149175091"",""errorCode"":null,""errorSelector"":null,""calldataHash"":""0xc2102d579756c2821cb5ad5f5414da050d89b6c9dae70d11224365b3174cccc3"",""gasLimit"":""319914"",""gasPrice"":""270486000"",""transactionTarget"":""0x0000000000001fF3684f28c67538d4D072C22734"",""transactionValue"":""0"",""protectedOutput"":""492606031942572"",""exactEnvelopePreserved"":true}","","previous_fee_mismatch_replay","","","","4285983105372937","4285983105372938"
"35","5272840","0x274117d3F589f0B6242402a3E37A7Be3c2f1C83e","のリス","uniswap","3","0xec3b27fbbf8feb74f1890400dd655753fc52e4cd","[{""protocol"":""uniswap"",""version"":3,""pool"":""0xec3b27fbbf8feb74f1890400dd655753fc52e4cd""}]","SELL","0x274117d3F589f0B6242402a3E37A7Be3c2f1C83e","0x0000000000000000000000000000000000000000","110298536178771918199088","0x1111111111111111111111111111111111111111","4663","zero-x-swap","25","0x274117d3F589f0B6242402a3E37A7Be3c2f1C83e","9900","10000","FIRM_RETURNED","ROUTABLE","","NOT_APPLICABLE","NO","275746340446929795498","NOT_RUN_INSUFFICIENT_BALANCE","indicative","495803126856830","{""sellAsset"":""0x274117d3f589f0b6242402a3e37a7be3c2f1c83e"",""buyAsset"":""0xeeeeeeeeeeeeeeeeeeeeeeeeeeeeeeeeeeeeeeee"",""sellAmount"":""110298536178771918199088"",""buyAmount"":""495803126856830"",""minBuyAmount"":""490887302163908"",""totalNetworkFee"":""88580441664000"",""integratorFee"":{""asset"":""0x274117d3f589f0b6242402a3e37a7be3c2f1c83e"",""amount"":""275746340446929795498"",""type"":""volume""},""zeroExFee"":{""asset"":""0xeeeeeeeeeeeeeeeeeeeeeeeeeeeeeeeeeeeeeeee"",""amount"":""744821923181"",""type"":""volume""},""gasFee"":null,""integratorFees"":[{""asset"":""0x274117d3f589f0b6242402a3e37a7be3c2f1c83e"",""amount"":""275746340446929795498"",""type"":""volume""}],""integratorFeesOverflow"":false}","0","495803126856830","490887302163908","490887302163908","true","0x0000000000001fF3684f28c67538d4D072C22734","0x0000000000001fF3684f28c67538d4D072C22734","0","0xe92f8d8706fe5eae7b1ffed3748488829db74a52c43b05f7f8a8338f2075058b","0x39b38686A19836Ac10162c490E4558e120CbBE5f","0xb6c0bf3b83bc9ae4f6ed65a4f5f6c188eb3e4258d8d3b3705dff4ac02ed4a966","0x99f5e8edaceacfdd183eb5f1da8a7757b322495b80cf7928db289a1b1a09f799","insufficient_balance","{""status"":""PASS"",""mode"":""ETH_CALL_EPHEMERAL_FUNDING"",""walletAuthority"":false,""blockNumber"":""57775233"",""blockHash"":""0x1ee6fd82d2e991f72e402d1cfc26f4fb930541fa6431f8a1eb4133381f5d4658"",""balanceSlot"":""0xf043c50fe795c69f30b8ff78b84032dc53a9d87ca283ae10a1dacfbb648e83ef"",""allowanceSlot"":""0x8633cf2d93cf08d5beab4385c45958edebafa053650c03b0a14121e3dde9d80f"",""allowanceSpender"":""0x0000000000001fF3684f28c67538d4D072C22734"",""allowanceAtomic"":""110298536178771918199088"",""errorCode"":null,""errorSelector"":null,""calldataHash"":""0xe92f8d8706fe5eae7b1ffed3748488829db74a52c43b05f7f8a8338f2075058b"",""gasLimit"":""327808"",""gasPrice"":""273026250"",""transactionTarget"":""0x0000000000001fF3684f28c67538d4D072C22734"",""transactionValue"":""0"",""protectedOutput"":""490887302163908"",""exactEnvelopePreserved"":true}","","previous_fee_mismatch_replay","","","","275746340446929795497","275746340446929795498"
"40","5272840","0x4e7891E5F4EA0e0265eE5C2f5241990Fc268E269","PUGCOIN","uniswap","3","0xb581e7b503084056f2fc67524cba2a7b0345f90c","[{""protocol"":""uniswap"",""version"":3,""pool"":""0xb581e7b503084056f2fc67524cba2a7b0345f90c""}]","SELL","0x4e7891E5F4EA0e0265eE5C2f5241990Fc268E269","0x0000000000000000000000000000000000000000","425375242480469671717584","0x1111111111111111111111111111111111111111","4663","zero-x-swap","25","0x4e7891E5F4EA0e0265eE5C2f5241990Fc268E269","9900","10000","FIRM_RETURNED","ROUTABLE","","NOT_APPLICABLE","NO","1063438106201174179294","NOT_RUN_INSUFFICIENT_BALANCE","indicative","478430421572065","{""sellAsset"":""0x4e7891e5f4ea0e0265ee5c2f5241990fc268e269"",""buyAsset"":""0xeeeeeeeeeeeeeeeeeeeeeeeeeeeeeeeeeeeeeeee"",""sellAmount"":""425375242480469671717584"",""buyAmount"":""478430421572065"",""minBuyAmount"":""473686845033694"",""totalNetworkFee"":""126703000271250"",""integratorFee"":{""asset"":""0x4e7891e5f4ea0e0265ee5c2f5241990fc268e269"",""amount"":""1063438106201174179294"",""type"":""volume""},""zeroExFee"":{""asset"":""0xeeeeeeeeeeeeeeeeeeeeeeeeeeeeeeeeeeeeeeee"",""amount"":""718723717945"",""type"":""volume""},""gasFee"":null,""integratorFees"":[{""asset"":""0x4e7891e5f4ea0e0265ee5c2f5241990fc268e269"",""amount"":""1063438106201174179294"",""type"":""volume""}],""integratorFeesOverflow"":false}","0","478430421572065","473686845033694","473686845033694","true","0x0000000000001fF3684f28c67538d4D072C22734","0x0000000000001fF3684f28c67538d4D072C22734","0","0xe3fb9e47111abc32e53ece1d431fc1aeb6b3c75e85c43c4df5b607f5a0c797d8","0x39b38686A19836Ac10162c490E4558e120CbBE5f","0xb6c0bf3b83bc9ae4f6ed65a4f5f6c188eb3e4258d8d3b3705dff4ac02ed4a966","0x99f5e8edaceacfdd183eb5f1da8a7757b322495b80cf7928db289a1b1a09f799","insufficient_balance","{""status"":""PASS"",""mode"":""ETH_CALL_EPHEMERAL_FUNDING"",""walletAuthority"":false,""blockNumber"":""57775343"",""blockHash"":""0x6d436522ea9192e4fcde1adb45fdbf52dd7b43bef546dc4a37a87e15c2175c88"",""balanceSlot"":""0xf043c50fe795c69f30b8ff78b84032dc53a9d87ca283ae10a1dacfbb648e83ef"",""allowanceSlot"":""0x8633cf2d93cf08d5beab4385c45958edebafa053650c03b0a14121e3dde9d80f"",""allowanceSpender"":""0x0000000000001fF3684f28c67538d4D072C22734"",""allowanceAtomic"":""425375242480469671717584"",""errorCode"":null,""errorSelector"":null,""calldataHash"":""0xe3fb9e47111abc32e53ece1d431fc1aeb6b3c75e85c43c4df5b607f5a0c797d8"",""gasLimit"":""465027"",""gasPrice"":""272463750"",""transactionTarget"":""0x0000000000001fF3684f28c67538d4D072C22734"",""transactionValue"":""0"",""protectedOutput"":""473686845033694"",""exactEnvelopePreserved"":true}","","previous_fee_mismatch_replay","","","","1063438106201174179293","1063438106201174179294"
"44","5272840","0xc1a03B0B778d59367a50A056d7cf85a5093ECa12","CRMBS","uniswap","3","0x185f6b9168651005830f2d8137909eebd4c6c19b","[{""protocol"":""uniswap"",""version"":3,""pool"":""0x185f6b9168651005830f2d8137909eebd4c6c19b""}]","SELL","0xc1a03B0B778d59367a50A056d7cf85a5093ECa12","0x0000000000000000000000000000000000000000","4011918614620490437450","0x1111111111111111111111111111111111111111","4663","zero-x-swap","25","0xc1a03B0B778d59367a50A056d7cf85a5093ECa12","9900","10000","FIRM_RETURNED","ROUTABLE","","NOT_APPLICABLE","NO","10029796536551226094","NOT_RUN_INSUFFICIENT_BALANCE","indicative","478777423746875","{""sellAsset"":""0xc1a03b0b778d59367a50a056d7cf85a5093eca12"",""buyAsset"":""0xeeeeeeeeeeeeeeeeeeeeeeeeeeeeeeeeeeeeeeee"",""sellAmount"":""4011918614620490437450"",""buyAmount"":""478777423746875"",""minBuyAmount"":""474030406726250"",""totalNetworkFee"":""130919207674500"",""integratorFee"":{""asset"":""0xc1a03b0b778d59367a50a056d7cf85a5093eca12"",""amount"":""10029796536551226094"",""type"":""volume""},""zeroExFee"":{""asset"":""0xeeeeeeeeeeeeeeeeeeeeeeeeeeeeeeeeeeeeeeee"",""amount"":""719245003125"",""type"":""volume""},""gasFee"":null,""integratorFees"":[{""asset"":""0xc1a03b0b778d59367a50a056d7cf85a5093eca12"",""amount"":""10029796536551226094"",""type"":""volume""}],""integratorFeesOverflow"":false}","0","478777423746875","474030406726250","474030406726250","true","0x0000000000001fF3684f28c67538d4D072C22734","0x0000000000001fF3684f28c67538d4D072C22734","0","0x9208b7e6805105f8a1df2d74fe48c7dda9869d664e605c8fc8dcbd850842b5a0","0x39b38686A19836Ac10162c490E4558e120CbBE5f","0xb6c0bf3b83bc9ae4f6ed65a4f5f6c188eb3e4258d8d3b3705dff4ac02ed4a966","0x99f5e8edaceacfdd183eb5f1da8a7757b322495b80cf7928db289a1b1a09f799","insufficient_balance","{""status"":""UNSUPPORTED_TOKEN_STORAGE_LAYOUT"",""mode"":""ETH_CALL_EPHEMERAL_FUNDING"",""walletAuthority"":false,""blockNumber"":""57775430"",""blockHash"":""0x988b4c8d29d590f114bcd573774a701ce74e586207ba88b955be4c9962fa419c""}","","previous_fee_mismatch_replay","","","","10029796536551226093","10029796536551226094"
"48","5272840","0x7163aE1B5AeA2f09EBc609C52b4dcAc0a7a4bC2d","GAGE","uniswap","3","0x395e3890290561e8bd460cf6fce0053befa9bd8d","[{""protocol"":""uniswap"",""version"":3,""pool"":""0x395e3890290561e8bd460cf6fce0053befa9bd8d""}]","SELL","0x7163aE1B5AeA2f09EBc609C52b4dcAc0a7a4bC2d","0x0000000000000000000000000000000000000000","318563184846618705971","0x1111111111111111111111111111111111111111","4663","zero-x-swap","25","0x7163aE1B5AeA2f09EBc609C52b4dcAc0a7a4bC2d","9900","10000","FIRM_RETURNED","ROUTABLE","","NOT_APPLICABLE","NO","796407962116546765","NOT_RUN_INSUFFICIENT_BALANCE","indicative","642996671267215","{""sellAsset"":""0x7163ae1b5aea2f09ebc609c52b4dcac0a7a4bc2d"",""buyAsset"":""0xeeeeeeeeeeeeeeeeeeeeeeeeeeeeeeeeeeeeeeee"",""sellAmount"":""318563184846618705971"",""buyAmount"":""642996671267215"",""minBuyAmount"":""636621441376834"",""totalNetworkFee"":""101104552269000"",""integratorFee"":{""asset"":""0x7163ae1b5aea2f09ebc609c52b4dcac0a7a4bc2d"",""amount"":""796407962116546765"",""type"":""volume""},""zeroExFee"":{""asset"":""0xeeeeeeeeeeeeeeeeeeeeeeeeeeeeeeeeeeeeeeee"",""amount"":""965943922791"",""type"":""volume""},""gasFee"":null,""integratorFees"":[{""asset"":""0x7163ae1b5aea2f09ebc609c52b4dcac0a7a4bc2d"",""amount"":""796407962116546765"",""type"":""volume""}],""integratorFeesOverflow"":false}","0","642996671267215","636621441376834","636621441376834","true","0x0000000000001fF3684f28c67538d4D072C22734","0x0000000000001fF3684f28c67538d4D072C22734","0","0xec665217ca82caf5a8b04ea3950f12456ceb11eca6bd23ecfcf1d217b12f006d","0x39b38686A19836Ac10162c490E4558e120CbBE5f","0xb6c0bf3b83bc9ae4f6ed65a4f5f6c188eb3e4258d8d3b3705dff4ac02ed4a966","0x99f5e8edaceacfdd183eb5f1da8a7757b322495b80cf7928db289a1b1a09f799","insufficient_balance","{""status"":""PASS"",""mode"":""ETH_CALL_EPHEMERAL_FUNDING"",""walletAuthority"":false,""blockNumber"":""57775572"",""blockHash"":""0xbcaac0890e1cb974a74b1760b301f4b1edd20e914d7e97eb513246201b451a65"",""balanceSlot"":""0xf043c50fe795c69f30b8ff78b84032dc53a9d87ca283ae10a1dacfbb648e83ef"",""allowanceSlot"":""0x8633cf2d93cf08d5beab4385c45958edebafa053650c03b0a14121e3dde9d80f"",""allowanceSpender"":""0x0000000000001fF3684f28c67538d4D072C22734"",""allowanceAtomic"":""318563184846618705971"",""errorCode"":null,""errorSelector"":null,""calldataHash"":""0xec665217ca82caf5a8b04ea3950f12456ceb11eca6bd23ecfcf1d217b12f006d"",""gasLimit"":""374349"",""gasPrice"":""271503000"",""transactionTarget"":""0x0000000000001fF3684f28c67538d4D072C22734"",""transactionValue"":""0"",""protectedOutput"":""636621441376834"",""exactEnvelopePreserved"":true}","","previous_fee_mismatch_replay","","","","796407962116546764","796407962116546765"
"50","5272840","0x85a479651526fBeDB482Cde88FD3Fdd3c1B10970","OPENAI","uniswap","3","0xb581e7b503084056f2fc67524cba2a7b0345f90c","[{""protocol"":""uniswap"",""version"":3,""pool"":""0xb581e7b503084056f2fc67524cba2a7b0345f90c""}]","SELL","0x85a479651526fBeDB482Cde88FD3Fdd3c1B10970","0x0000000000000000000000000000000000000000","820117640187892","0x1111111111111111111111111111111111111111","4663","zero-x-swap","25","0x85a479651526fBeDB482Cde88FD3Fdd3c1B10970","9900","10000","FIRM_RETURNED","ROUTABLE","","NOT_APPLICABLE","NO","2050294100470","NOT_RUN_INSUFFICIENT_BALANCE","indicative","486888416280925","{""sellAsset"":""0x85a479651526fbedb482cde88fd3fdd3c1b10970"",""buyAsset"":""0xeeeeeeeeeeeeeeeeeeeeeeeeeeeeeeeeeeeeeeee"",""sellAmount"":""820117640187892"",""buyAmount"":""486888416280925"",""minBuyAmount"":""482060979805030"",""totalNetworkFee"":""95020484422500"",""integratorFee"":{""asset"":""0x85a479651526fbedb482cde88fd3fdd3c1b10970"",""amount"":""2050294100470"",""type"":""volume""},""zeroExFee"":{""asset"":""0xeeeeeeeeeeeeeeeeeeeeeeeeeeeeeeeeeeeeeeee"",""amount"":""731429769083"",""type"":""volume""},""gasFee"":null,""integratorFees"":[{""asset"":""0x85a479651526fbedb482cde88fd3fdd3c1b10970"",""amount"":""2050294100470"",""type"":""volume""}],""integratorFeesOverflow"":false}","0","486888416280925","482060979805030","482060979805030","true","0x0000000000001fF3684f28c67538d4D072C22734","0x0000000000001fF3684f28c67538d4D072C22734","0","0x1390d9a171dea9f988feeba6a02863d62ddcb7955cdb8ed91aa23fd3c8853a1e","0x39b38686A19836Ac10162c490E4558e120CbBE5f","0xb6c0bf3b83bc9ae4f6ed65a4f5f6c188eb3e4258d8d3b3705dff4ac02ed4a966","0x99f5e8edaceacfdd183eb5f1da8a7757b322495b80cf7928db289a1b1a09f799","insufficient_balance","{""status"":""PASS"",""mode"":""ETH_CALL_EPHEMERAL_FUNDING"",""walletAuthority"":false,""blockNumber"":""57775624"",""blockHash"":""0xc93c4616539fcd7c352b4c8989d7deccdfd7fffa157f9202247c148d266f22f8"",""balanceSlot"":""0x03bc0908960c0366d32941eb5caa08bf54557a242fb70d605af61dbac6c0c03f"",""allowanceSlot"":""0x387b1d14190d4dafe78eb5328b8cf468be894e634040f044079d7265a1d4c394"",""allowanceSpender"":""0x0000000000001fF3684f28c67538d4D072C22734"",""allowanceAtomic"":""820117640187892"",""errorCode"":null,""errorSelector"":null,""calldataHash"":""0x1390d9a171dea9f988feeba6a02863d62ddcb7955cdb8ed91aa23fd3c8853a1e"",""gasLimit"":""351386"",""gasPrice"":""270416250"",""transactionTarget"":""0x0000000000001fF3684f28c67538d4D072C22734"",""transactionValue"":""0"",""protectedOutput"":""482060979805030"",""exactEnvelopePreserved"":true}","","previous_fee_mismatch_replay","","","","2050294100469","2050294100470"
