"observation","sampleIndex","randomSeed","token","symbol","canonicalProtocol","canonicalVersion","canonicalPool","direction","inputAsset","outputAsset","inputAmountAtomic","observedAt","identityStatus","providerRequestAttempted","provider","chainId","feeBps","feeToken","feeAtomic","slippagePpm","hardMaxPpm","simulation","indicativeStatus","expectedOutputAtomic","status","firmStatus","recipient","protectedOutput","transactionTarget","allowanceTarget","settler","targetHash","settlerHash","requestHash","fundedSimulation","providerRequestCount","providerHttpStatuses"
"1","1","5272840","0xCCc331D2F8e102A606e1FfF194E65ea9BEd767c2","LIG","uniswap","2","0x4c8c4110aa2bc9a75eb95e6cd7426fbd73680336","BUY","0x0000000000000000000000000000000000000000","0xCCc331D2F8e102A606e1FfF194E65ea9BEd767c2","500000000000000","2026-09-09T03:29:35.994Z","IDENTITY_READY","true","zero-x-swap","4663","25","0x0000000000000000000000000000000000000000","1250000000000","9900","10000","NOT_REACHED_UNFUNDED_WALLET","indicative","20928430761903298088735","FIRM_VERIFIED","insufficient_balance","0x1111111111111111111111111111111111111111","20721239297360455429008","0x0000000000001fF3684f28c67538d4D072C22734","0x0000000000001fF3684f28c67538d4D072C22734","0x39b38686A19836Ac10162c490E4558e120CbBE5f","0x99f5e8edaceacfdd183eb5f1da8a7757b322495b80cf7928db289a1b1a09f799","0xb6c0bf3b83bc9ae4f6ed65a4f5f6c188eb3e4258d8d3b3705dff4ac02ed4a966","0x4f9d88925dbcb00f286c4dbd46657ac08c1ad63b63d652a4f16aaefa0f3e4a1a","{\"status\":\"PASS\",\"mode\":\"ETH_CALL_EPHEMERAL_FUNDING\",\"walletAuthority\":false,\"blockNumber\":\"58226365\",\"blockHash\":\"0xbd3fd97a584e386e99de49239bfe054d9e2662cb1f72e6261fc9d1a2a8ed571a\",\"errorCode\":null,\"errorSelector\":null,\"calldataHash\":\"0x4f9d88925dbcb00f286c4dbd46657ac08c1ad63b63d652a4f16aaefa0f3e4a1a\",\"gasLimit\":\"326499\",\"gasPrice\":\"246435750\",\"transactionTarget\":\"0x0000000000001fF3684f28c67538d4D072C22734\",\"transactionValue\":\"500000000000000\",\"protectedOutput\":\"20721239297360455429008\",\"exactEnvelopePreserved\":true}","2","[200,200]"
"1","1","5272840","0xCCc331D2F8e102A606e1FfF194E65ea9BEd767c2","LIG","uniswap","2","0x4c8c4110aa2bc9a75eb95e6cd7426fbd73680336","SELL","0xCCc331D2F8e102A606e1FfF194E65ea9BEd767c2","0x0000000000000000000000000000000000000000","20928430761903298088735","2026-09-09T03:29:37.706Z","IDENTITY_READY","true","zero-x-swap","4663","25","0xCCc331D2F8e102A606e1FfF194E65ea9BEd767c2","52321076904758245222","9900","10000","NOT_REACHED_UNFUNDED_WALLET","indicative","257277773595","FIRM_VERIFIED","insufficient_balance","0x1111111111111111111111111111111111111111","254726897322","0x0000000000001fF3684f28c67538d4D072C22734","0x0000000000001fF3684f28c67538d4D072C22734","0x39b38686A19836Ac10162c490E4558e120CbBE5f","0x99f5e8edaceacfdd183eb5f1da8a7757b322495b80cf7928db289a1b1a09f799","0xb6c0bf3b83bc9ae4f6ed65a4f5f6c188eb3e4258d8d3b3705dff4ac02ed4a966","0xbbdbfac3c76ae4f26443dfcc28514e4c0131b90bd8da5362d19726d7c1bfd853","{\"status\":\"PASS\",\"mode\":\"ETH_CALL_EPHEMERAL_FUNDING\",\"walletAuthority\":false,\"blockNumber\":\"58226381\",\"blockHash\":\"0xe50406a99b29c1c4f9359868c9216cb5a3ca2bf9f910d4373b59a68f15e22689\",\"balanceSlot\":\"0xf043c50fe795c69f30b8ff78b84032dc53a9d87ca283ae10a1dacfbb648e83ef\",\"allowanceSlot\":\"0x8633cf2d93cf08d5beab4385c45958edebafa053650c03b0a14121e3dde9d80f\",\"allowanceSpender\":\"0x0000000000001fF3684f28c67538d4D072C22734\",\"allowanceAtomic\":\"20928430761903298088735\",\"errorCode\":null,\"errorSelector\":null,\"calldataHash\":\"0xbbdbfac3c76ae4f26443dfcc28514e4c0131b90bd8da5362d19726d7c1bfd853\",\"gasLimit\":\"327363\",\"gasPrice\":\"249268500\",\"transactionTarget\":\"0x0000000000001fF3684f28c67538d4D072C22734\",\"transactionValue\":\"0\",\"protectedOutput\":\"254726897322\",\"exactEnvelopePreserved\":true}","2","[200,200]"
"2","2","5272840","0x612e0cBfA113127Ec1cfd2c1ABddCa9a9121E8E6","MONI","uniswap","3","0x2ca89520e03aa5a41e48146cf928fc462a6d5c7e","BUY","0x0000000000000000000000000000000000000000","0x612e0cBfA113127Ec1cfd2c1ABddCa9a9121E8E6","500000000000000","2026-09-09T03:29:43.185Z","IDENTITY_READY","true","zero-x-swap","4663","25","0x0000000000000000000000000000000000000000","1250000000000","9900","10000","NOT_REACHED_UNFUNDED_WALLET","indicative","123745166462881551727126","FIRM_VERIFIED","insufficient_balance","0x1111111111111111111111111111111111111111","122520089314899024357972","0x0000000000001fF3684f28c67538d4D072C22734","0x0000000000001fF3684f28c67538d4D072C22734","0x39b38686A19836Ac10162c490E4558e120CbBE5f","0x99f5e8edaceacfdd183eb5f1da8a7757b322495b80cf7928db289a1b1a09f799","0xb6c0bf3b83bc9ae4f6ed65a4f5f6c188eb3e4258d8d3b3705dff4ac02ed4a966","0xa6872807f3600da6527e4e71f25f5fda53faec80c3322b274bf2776b24acce75","{\"status\":\"PASS\",\"mode\":\"ETH_CALL_EPHEMERAL_FUNDING\",\"walletAuthority\":false,\"blockNumber\":\"58226433\",\"blockHash\":\"0xd7558fcfe555ea70d337ce2ff8947ad980bd8658776f167ef065bd1be8434c37\",\"errorCode\":null,\"errorSelector\":null,\"calldataHash\":\"0xa6872807f3600da6527e4e71f25f5fda53faec80c3322b274bf2776b24acce75\",\"gasLimit\":\"444744\",\"gasPrice\":\"246998250\",\"transactionTarget\":\"0x0000000000001fF3684f28c67538d4D072C22734\",\"transactionValue\":\"500000000000000\",\"protectedOutput\":\"122520089314899024357972\",\"exactEnvelopePreserved\":true}","2","[200,200]"
"2","2","5272840","0x612e0cBfA113127Ec1cfd2c1ABddCa9a9121E8E6","MONI","uniswap","3","0x2ca89520e03aa5a41e48146cf928fc462a6d5c7e","SELL","0x612e0cBfA113127Ec1cfd2c1ABddCa9a9121E8E6","0x0000000000000000000000000000000000000000","123745166462881551727126","2026-09-09T03:29:44.882Z","IDENTITY_READY","true","zero-x-swap","4663","25","0x612e0cBfA113127Ec1cfd2c1ABddCa9a9121E8E6","309362916157203879318","9900","10000","NOT_REACHED_UNFUNDED_WALLET","indicative","476386037335195","FIRM_VERIFIED","insufficient_balance","0x1111111111111111111111111111111111111111","471662730605482","0x0000000000001fF3684f28c67538d4D072C22734","0x0000000000001fF3684f28c67538d4D072C22734","0x39b38686A19836Ac10162c490E4558e120CbBE5f","0x99f5e8edaceacfdd183eb5f1da8a7757b322495b80cf7928db289a1b1a09f799","0xb6c0bf3b83bc9ae4f6ed65a4f5f6c188eb3e4258d8d3b3705dff4ac02ed4a966","0x8883fa6dd4793f0ffbd81a0906236630c7781350989e94f62a698421b53fde81","{\"status\":\"PASS\",\"mode\":\"ETH_CALL_EPHEMERAL_FUNDING\",\"walletAuthority\":false,\"blockNumber\":\"58226453\",\"blockHash\":\"0x38da4c8e347624aa2d01ef6780d67c915f67141c19a9848b05c279da49b3551c\",\"balanceSlot\":\"0xf043c50fe795c69f30b8ff78b84032dc53a9d87ca283ae10a1dacfbb648e83ef\",\"allowanceSlot\":\"0x8633cf2d93cf08d5beab4385c45958edebafa053650c03b0a14121e3dde9d80f\",\"allowanceSpender\":\"0x0000000000001fF3684f28c67538d4D072C22734\",\"allowanceAtomic\":\"123745166462881551727126\",\"errorCode\":null,\"errorSelector\":null,\"calldataHash\":\"0x8883fa6dd4793f0ffbd81a0906236630c7781350989e94f62a698421b53fde81\",\"gasLimit\":\"438060\",\"gasPrice\":\"247668750\",\"transactionTarget\":\"0x0000000000001fF3684f28c67538d4D072C22734\",\"transactionValue\":\"0\",\"protectedOutput\":\"471662730605482\",\"exactEnvelopePreserved\":true}","2","[200,200]"
"3","3","5272840","0x8Cd80C0e24D20c2081eb0234083C39a1c36eCdcc","VANTRA","uniswap","4","0x55a88af4c7d3b81d788328384eeb553319005184ec554b79ad92ef475b151649","BUY","0x0000000000000000000000000000000000000000","0x8Cd80C0e24D20c2081eb0234083C39a1c36eCdcc","500000000000000","2026-09-09T03:29:50.396Z","IDENTITY_READY","true","zero-x-swap","4663","25","0x0000000000000000000000000000000000000000","1250000000000","9900","10000","NOT_REACHED_UNFUNDED_WALLET","indicative","348861451573732731143203","FIRM_VERIFIED","insufficient_balance","0x1111111111111111111111111111111111111111","345407723203152777101714","0x0000000000001fF3684f28c67538d4D072C22734","0x0000000000001fF3684f28c67538d4D072C22734","0x39b38686A19836Ac10162c490E4558e120CbBE5f","0x99f5e8edaceacfdd183eb5f1da8a7757b322495b80cf7928db289a1b1a09f799","0xb6c0bf3b83bc9ae4f6ed65a4f5f6c188eb3e4258d8d3b3705dff4ac02ed4a966","0x7b2e62839bc9d02e1ef4297153758bb8516a94be0a1520830ccec63ea982df8f","{\"status\":\"PASS\",\"mode\":\"ETH_CALL_EPHEMERAL_FUNDING\",\"walletAuthority\":false,\"blockNumber\":\"58226508\",\"blockHash\":\"0xe201b71aff392f8bf476c27a68bf6f7ab88bb836f792b1c93586d53d732e7f21\",\"errorCode\":null,\"errorSelector\":null,\"calldataHash\":\"0x7b2e62839bc9d02e1ef4297153758bb8516a94be0a1520830ccec63ea982df8f\",\"gasLimit\":\"374829\",\"gasPrice\":\"249907500\",\"transactionTarget\":\"0x0000000000001fF3684f28c67538d4D072C22734\",\"transactionValue\":\"500000000000000\",\"protectedOutput\":\"345407723203152777101714\",\"exactEnvelopePreserved\":true}","2","[200,200]"
"3","3","5272840","0x8Cd80C0e24D20c2081eb0234083C39a1c36eCdcc","VANTRA","uniswap","4","0x55a88af4c7d3b81d788328384eeb553319005184ec554b79ad92ef475b151649","SELL","0x8Cd80C0e24D20c2081eb0234083C39a1c36eCdcc","0x0000000000000000000000000000000000000000","348861451573732731143203","2026-09-09T03:29:52.081Z","IDENTITY_READY","true","zero-x-swap","4663","25","0x8Cd80C0e24D20c2081eb0234083C39a1c36eCdcc","872153628934331827858","9900","10000","NOT_REACHED","no_route","","ZEROX_NO_ROUTE","","","","","","","","","","","1","[200]"
"4","4","5272840","0x2Ac3C85721a27634a1da7113d6894E6AE392291E","ROOT","uniswap","2","0xa0dfb4cb06cf8d6409fdc9b254ed093d47f9275f","BUY","0x0000000000000000000000000000000000000000","0x2Ac3C85721a27634a1da7113d6894E6AE392291E","500000000000000","2026-09-09T03:29:56.556Z","IDENTITY_READY","true","zero-x-swap","4663","25","0x0000000000000000000000000000000000000000","1250000000000","9900","10000","NOT_REACHED_UNFUNDED_WALLET","indicative","204966211593133889179255","FIRM_VERIFIED","insufficient_balance","0x1111111111111111111111111111111111111111","202937046098361863667217","0x0000000000001fF3684f28c67538d4D072C22734","0x0000000000001fF3684f28c67538d4D072C22734","0x39b38686A19836Ac10162c490E4558e120CbBE5f","0x99f5e8edaceacfdd183eb5f1da8a7757b322495b80cf7928db289a1b1a09f799","0xb6c0bf3b83bc9ae4f6ed65a4f5f6c188eb3e4258d8d3b3705dff4ac02ed4a966","0x1d6092c51eb6ddc52ba924cb40d4a42ded657dc1a5d17b17f5117770318714b7","{\"status\":\"PASS\",\"mode\":\"ETH_CALL_EPHEMERAL_FUNDING\",\"walletAuthority\":false,\"blockNumber\":\"58226568\",\"blockHash\":\"0x99a431c9234307bb51754d0aebaba35c1b284a36ef9113d0a8fc33107a818410\",\"errorCode\":null,\"errorSelector\":null,\"calldataHash\":\"0x1d6092c51eb6ddc52ba924cb40d4a42ded657dc1a5d17b17f5117770318714b7\",\"gasLimit\":\"692993\",\"gasPrice\":\"250434000\",\"transactionTarget\":\"0x0000000000001fF3684f28c67538d4D072C22734\",\"transactionValue\":\"500000000000000\",\"protectedOutput\":\"202937046098361863667217\",\"exactEnvelopePreserved\":true}","2","[200,200]"
"4","4","5272840","0x2Ac3C85721a27634a1da7113d6894E6AE392291E","ROOT","uniswap","2","0xa0dfb4cb06cf8d6409fdc9b254ed093d47f9275f","SELL","0x2Ac3C85721a27634a1da7113d6894E6AE392291E","0x0000000000000000000000000000000000000000","204966211593133889179255","2026-09-09T03:29:58.291Z","IDENTITY_READY","true","zero-x-swap","4663","25","0x2Ac3C85721a27634a1da7113d6894E6AE392291E","512415528982834722948","9900","10000","NOT_REACHED","no_route","","ZEROX_NO_ROUTE","","","","","","","","","","","1","[200]"
"5","5","5272840","0x4f30C9e39a72c432e115f8c9EDFb0F984048C155","のリス","uniswap","3","0x67fff4924a13d5ee7e9389acd4f9e4c439357855","BUY","0x0000000000000000000000000000000000000000","0x4f30C9e39a72c432e115f8c9EDFb0F984048C155","500000000000000","2026-09-09T03:30:02.771Z","IDENTITY_READY","true","zero-x-swap","4663","25","0x0000000000000000000000000000000000000000","1250000000000","9900","10000","NOT_REACHED","no_route","","ZEROX_NO_ROUTE","","","","","","","","","","","1","[200]"
"5","5","5272840","0x4f30C9e39a72c432e115f8c9EDFb0F984048C155","のリス","uniswap","3","0x67fff4924a13d5ee7e9389acd4f9e4c439357855","SELL","0x4f30C9e39a72c432e115f8c9EDFb0F984048C155","0x0000000000000000000000000000000000000000","1000000000000000000","2026-09-09T03:30:03.595Z","IDENTITY_READY","true","zero-x-swap","4663","25","0x4f30C9e39a72c432e115f8c9EDFb0F984048C155","2500000000000000","9900","10000","NOT_REACHED","no_route","","ZEROX_NO_ROUTE","","","","","","","","","","","1","[200]"
"6","6","5272840","0x34f7D072c2Fd4Dda663B4546CA2e22605Dd31E18","TSGOV","uniswap","4","0xb31b1ac77571cc872a30237a0c84edb52df0f44b52478ce7ab39f7b6a0ee424c","BUY","0x0000000000000000000000000000000000000000","0x34f7D072c2Fd4Dda663B4546CA2e22605Dd31E18","500000000000000","2026-09-09T03:30:07.774Z","IDENTITY_READY","true","zero-x-swap","4663","25","0x0000000000000000000000000000000000000000","1250000000000","9900","10000","NOT_REACHED_UNFUNDED_WALLET","indicative","60850566874868774025464","FIRM_VERIFIED","insufficient_balance","0x1111111111111111111111111111111111111111","60248146262807573157202","0x0000000000001fF3684f28c67538d4D072C22734","0x0000000000001fF3684f28c67538d4D072C22734","0x39b38686A19836Ac10162c490E4558e120CbBE5f","0x99f5e8edaceacfdd183eb5f1da8a7757b322495b80cf7928db289a1b1a09f799","0xb6c0bf3b83bc9ae4f6ed65a4f5f6c188eb3e4258d8d3b3705dff4ac02ed4a966","0x220f09614a5abe9cc46dbf277e835781f23b7babaac51b69eaf18f66293067a5","{\"status\":\"PASS\",\"mode\":\"ETH_CALL_EPHEMERAL_FUNDING\",\"walletAuthority\":false,\"blockNumber\":\"58226683\",\"blockHash\":\"0xd20b70fcef3232187f520197082e98c12e1caa7934bb2825e8dcc3341657e370\",\"errorCode\":null,\"errorSelector\":null,\"calldataHash\":\"0x220f09614a5abe9cc46dbf277e835781f23b7babaac51b69eaf18f66293067a5\",\"gasLimit\":\"1285028\",\"gasPrice\":\"246294000\",\"transactionTarget\":\"0x0000000000001fF3684f28c67538d4D072C22734\",\"transactionValue\":\"500000000000000\",\"protectedOutput\":\"60248146262807573157202\",\"exactEnvelopePreserved\":true}","2","[200,200]"
"6","6","5272840","0x34f7D072c2Fd4Dda663B4546CA2e22605Dd31E18","TSGOV","uniswap","4","0xb31b1ac77571cc872a30237a0c84edb52df0f44b52478ce7ab39f7b6a0ee424c","SELL","0x34f7D072c2Fd4Dda663B4546CA2e22605Dd31E18","0x0000000000000000000000000000000000000000","60850566874868774025464","2026-09-09T03:30:09.892Z","IDENTITY_READY","true","zero-x-swap","4663","25","0x34f7D072c2Fd4Dda663B4546CA2e22605Dd31E18","152126417187171935064","9900","10000","NOT_REACHED_UNFUNDED_WALLET","indicative","476293639669900","FIRM_VERIFIED","insufficient_balance","0x1111111111111111111111111111111111111111","471571249051240","0x0000000000001fF3684f28c67538d4D072C22734","0x0000000000001fF3684f28c67538d4D072C22734","0x39b38686A19836Ac10162c490E4558e120CbBE5f","0x99f5e8edaceacfdd183eb5f1da8a7757b322495b80cf7928db289a1b1a09f799","0xb6c0bf3b83bc9ae4f6ed65a4f5f6c188eb3e4258d8d3b3705dff4ac02ed4a966","0x14eedddf226277a1b14f7f10250f68fc1a430d9e3c9a14534464b69c5db2dcb3","{\"status\":\"UNSUPPORTED_TOKEN_STORAGE_LAYOUT\",\"mode\":\"ETH_CALL_EPHEMERAL_FUNDING\",\"walletAuthority\":false,\"blockNumber\":\"58226702\",\"blockHash\":\"0x4bf5109e3e93c9ba051ac776c1dee121410b3f8499bc1e5444bf54525224549a\"}","2","[200,200]"
"7","7","5272840","0xaAD89c89DD8515074ee544E4dEcD772927F31D67","P1SUN","uniswap","2","0xf2f5eea5ab0e156d2743b0572d52e7f0cc6bcd12","BUY","0x0000000000000000000000000000000000000000","0xaAD89c89DD8515074ee544E4dEcD772927F31D67","500000000000000","2026-09-09T03:30:20.002Z","IDENTITY_READY","true","zero-x-swap","4663","25","0x0000000000000000000000000000000000000000","1250000000000","9900","10000","NOT_REACHED_UNFUNDED_WALLET","indicative","1213020659833900666923","FIRM_VERIFIED","insufficient_balance","0x1111111111111111111111111111111111111111","1201011755301545043466","0x0000000000001fF3684f28c67538d4D072C22734","0x0000000000001fF3684f28c67538d4D072C22734","0x39b38686A19836Ac10162c490E4558e120CbBE5f","0x99f5e8edaceacfdd183eb5f1da8a7757b322495b80cf7928db289a1b1a09f799","0xb6c0bf3b83bc9ae4f6ed65a4f5f6c188eb3e4258d8d3b3705dff4ac02ed4a966","0x27da7f36363f1215f310c5885b8a7b3b019bfad40a353932b238458398d23b76","{\"status\":\"PASS\",\"mode\":\"ETH_CALL_EPHEMERAL_FUNDING\",\"walletAuthority\":false,\"blockNumber\":\"58226798\",\"blockHash\":\"0x47a0f7f99ca00a6adfb24833570cdac752b500b18701d8df4a4810b8099cc91f\",\"errorCode\":null,\"errorSelector\":null,\"calldataHash\":\"0x27da7f36363f1215f310c5885b8a7b3b019bfad40a353932b238458398d23b76\",\"gasLimit\":\"312342\",\"gasPrice\":\"247333500\",\"transactionTarget\":\"0x0000000000001fF3684f28c67538d4D072C22734\",\"transactionValue\":\"500000000000000\",\"protectedOutput\":\"1201011755301545043466\",\"exactEnvelopePreserved\":true}","2","[200,200]"
"7","7","5272840","0xaAD89c89DD8515074ee544E4dEcD772927F31D67","P1SUN","uniswap","2","0xf2f5eea5ab0e156d2743b0572d52e7f0cc6bcd12","SELL","0xaAD89c89DD8515074ee544E4dEcD772927F31D67","0x0000000000000000000000000000000000000000","1213020659833900666923","2026-09-09T03:30:21.681Z","IDENTITY_READY","true","zero-x-swap","4663","25","0xaAD89c89DD8515074ee544E4dEcD772927F31D67","3032551649584751667","9900","10000","NOT_REACHED_UNFUNDED_WALLET","indicative","469779274087615","FIRM_VERIFIED","insufficient_balance","0x1111111111111111111111111111111111111111","465121472571874","0x0000000000001fF3684f28c67538d4D072C22734","0x0000000000001fF3684f28c67538d4D072C22734","0x39b38686A19836Ac10162c490E4558e120CbBE5f","0x99f5e8edaceacfdd183eb5f1da8a7757b322495b80cf7928db289a1b1a09f799","0xb6c0bf3b83bc9ae4f6ed65a4f5f6c188eb3e4258d8d3b3705dff4ac02ed4a966","0x56ec2ca4a0271585e2ad5c1859d19dd26fecbd2fea2e4cadd9098d52aeeb8ae0","{\"status\":\"PASS\",\"mode\":\"ETH_CALL_EPHEMERAL_FUNDING\",\"walletAuthority\":false,\"blockNumber\":\"58226817\",\"blockHash\":\"0xbbd94af63e3445be60b46a13b168b02c015b700472a341a5401aacca684b1d79\",\"balanceSlot\":\"0xb7343549a9536f391671c3050c66deb1af0f3ede9688eb847b30447e55d6285a\",\"allowanceSlot\":\"0x626bfc13399720a313c8b8b6eb200c8cdf08a940d839d7727907e032402ec1fa\",\"allowanceSpender\":\"0x0000000000001fF3684f28c67538d4D072C22734\",\"allowanceAtomic\":\"1213020659833900666923\",\"errorCode\":null,\"errorSelector\":null,\"calldataHash\":\"0x56ec2ca4a0271585e2ad5c1859d19dd26fecbd2fea2e4cadd9098d52aeeb8ae0\",\"gasLimit\":\"312581\",\"gasPrice\":\"247333500\",\"transactionTarget\":\"0x0000000000001fF3684f28c67538d4D072C22734\",\"transactionValue\":\"0\",\"protectedOutput\":\"465121472571874\",\"exactEnvelopePreserved\":true}","2","[200,200]"
"8","8","5272840","0x372489438B64dbd4bC70478f8345382A7A9a4045","CRUMBS","uniswap","3","0x30240c6e8a569ffc187dafc8efacf25d23396c4a","BUY","0x0000000000000000000000000000000000000000","0x372489438B64dbd4bC70478f8345382A7A9a4045","500000000000000","2026-09-09T03:30:27.680Z","IDENTITY_READY","true","zero-x-swap","4663","25","0x0000000000000000000000000000000000000000","1250000000000","9900","10000","NOT_REACHED","no_route","","ZEROX_NO_ROUTE","","","","","","","","","","","1","[200]"
"8","8","5272840","0x372489438B64dbd4bC70478f8345382A7A9a4045","CRUMBS","uniswap","3","0x30240c6e8a569ffc187dafc8efacf25d23396c4a","SELL","0x372489438B64dbd4bC70478f8345382A7A9a4045","0x0000000000000000000000000000000000000000","4876812849634634577419","2026-09-09T03:30:28.456Z","IDENTITY_READY","true","zero-x-swap","4663","25","0x372489438B64dbd4bC70478f8345382A7A9a4045","12192032124086586444","9900","10000","NOT_REACHED","no_route","","ZEROX_NO_ROUTE","","","","","","","","","","","1","[200]"
"9","9","5272840","0x44CdDBcd2f51FA0e174e02547f3DcC55b620Fd01","STRATEGY","uniswap","4","0x0627885f897e5c62874d81f0eb9c18a2cb4065c40462e6d0b43599223ec8f079","BUY","0x0000000000000000000000000000000000000000","0x44CdDBcd2f51FA0e174e02547f3DcC55b620Fd01","500000000000000","2026-09-09T03:30:32.826Z","IDENTITY_READY","true","zero-x-swap","4663","25","0x0000000000000000000000000000000000000000","1250000000000","9900","10000","NOT_REACHED_UNFUNDED_WALLET","indicative","277150870419386882897027","FIRM_VERIFIED","insufficient_balance","0x1111111111111111111111111111111111111111","274407076802234952749389","0x0000000000001fF3684f28c67538d4D072C22734","0x0000000000001fF3684f28c67538d4D072C22734","0x39b38686A19836Ac10162c490E4558e120CbBE5f","0x99f5e8edaceacfdd183eb5f1da8a7757b322495b80cf7928db289a1b1a09f799","0xb6c0bf3b83bc9ae4f6ed65a4f5f6c188eb3e4258d8d3b3705dff4ac02ed4a966","0x4ae361a84237b4ef9d4f0d5c30df65cefb9d528269a63d265c3fca205116651a","{\"status\":\"PASS\",\"mode\":\"ETH_CALL_EPHEMERAL_FUNDING\",\"walletAuthority\":false,\"blockNumber\":\"58226928\",\"blockHash\":\"0x487424d6460bd24249d873c2a5d05ab3c920b585631d0dacb72ea8f4fbd65be8\",\"errorCode\":null,\"errorSelector\":null,\"calldataHash\":\"0x4ae361a84237b4ef9d4f0d5c30df65cefb9d528269a63d265c3fca205116651a\",\"gasLimit\":\"575579\",\"gasPrice\":\"246771000\",\"transactionTarget\":\"0x0000000000001fF3684f28c67538d4D072C22734\",\"transactionValue\":\"500000000000000\",\"protectedOutput\":\"274407076802234952749389\",\"exactEnvelopePreserved\":true}","2","[200,200]"
"9","9","5272840","0x44CdDBcd2f51FA0e174e02547f3DcC55b620Fd01","STRATEGY","uniswap","4","0x0627885f897e5c62874d81f0eb9c18a2cb4065c40462e6d0b43599223ec8f079","SELL","0x44CdDBcd2f51FA0e174e02547f3DcC55b620Fd01","0x0000000000000000000000000000000000000000","277150870419386882897027","2026-09-09T03:30:34.664Z","IDENTITY_READY","true","zero-x-swap","4663","25","0x44CdDBcd2f51FA0e174e02547f3DcC55b620Fd01","692877176048467207243","9900","10000","NOT_REACHED","temporarily_unavailable","","ZEROX_UNAVAILABLE","","","","","","","","","","","1","[400]"
"10","10","5272840","0x94f0f1F47c74d2Cb944745253B12AD29b97b0256","STOCKCRAFT","uniswap","2","0x597c27f4ebdc02ed67431167ef3a92912d12558c","BUY","0x0000000000000000000000000000000000000000","0x94f0f1F47c74d2Cb944745253B12AD29b97b0256","500000000000000","2026-09-09T03:30:39.349Z","IDENTITY_READY","true","zero-x-swap","4663","25","0x0000000000000000000000000000000000000000","1250000000000","9900","10000","NOT_REACHED_UNFUNDED_WALLET","indicative","54936568511707008732626","FIRM_VERIFIED","insufficient_balance","0x1111111111111111111111111111111111111111","54392696483441109343573","0x0000000000001fF3684f28c67538d4D072C22734","0x0000000000001fF3684f28c67538d4D072C22734","0x39b38686A19836Ac10162c490E4558e120CbBE5f","0x99f5e8edaceacfdd183eb5f1da8a7757b322495b80cf7928db289a1b1a09f799","0xb6c0bf3b83bc9ae4f6ed65a4f5f6c188eb3e4258d8d3b3705dff4ac02ed4a966","0xbfa8e31f398cdd90633e6bbd8d0b43a38024b87e0ff960a8d2a4a149554e1dc6","{\"status\":\"PASS\",\"mode\":\"ETH_CALL_EPHEMERAL_FUNDING\",\"walletAuthority\":false,\"blockNumber\":\"58226992\",\"blockHash\":\"0x792198990b1ffa31dcf3c6505abe85e41da7e2774c0bc54d36f50ab94908e905\",\"errorCode\":null,\"errorSelector\":null,\"calldataHash\":\"0xbfa8e31f398cdd90633e6bbd8d0b43a38024b87e0ff960a8d2a4a149554e1dc6\",\"gasLimit\":\"310772\",\"gasPrice\":\"248796000\",\"transactionTarget\":\"0x0000000000001fF3684f28c67538d4D072C22734\",\"transactionValue\":\"500000000000000\",\"protectedOutput\":\"54392696483441109343573\",\"exactEnvelopePreserved\":true}","2","[200,200]"
"10","10","5272840","0x94f0f1F47c74d2Cb944745253B12AD29b97b0256","STOCKCRAFT","uniswap","2","0x597c27f4ebdc02ed67431167ef3a92912d12558c","SELL","0x94f0f1F47c74d2Cb944745253B12AD29b97b0256","0x0000000000000000000000000000000000000000","54936568511707008732626","2026-09-09T03:30:41.020Z","IDENTITY_READY","true","zero-x-swap","4663","25","0x94f0f1F47c74d2Cb944745253B12AD29b97b0256","137341421279267521832","9900","10000","NOT_REACHED_UNFUNDED_WALLET","indicative","627920174795","FIRM_VERIFIED","insufficient_balance","0x1111111111111111111111111111111111111111","621694426442","0x0000000000001fF3684f28c67538d4D072C22734","0x0000000000001fF3684f28c67538d4D072C22734","0x39b38686A19836Ac10162c490E4558e120CbBE5f","0x99f5e8edaceacfdd183eb5f1da8a7757b322495b80cf7928db289a1b1a09f799","0xb6c0bf3b83bc9ae4f6ed65a4f5f6c188eb3e4258d8d3b3705dff4ac02ed4a966","0xa69f74a801be21a130efa4e1a7fe719fd97e7431b5f69ae66fed97f676bd0d87","{\"status\":\"PASS\",\"mode\":\"ETH_CALL_EPHEMERAL_FUNDING\",\"walletAuthority\":false,\"blockNumber\":\"58227007\",\"blockHash\":\"0x5c1074b090385b0b715a252f9db2111a8914771f8897afabacc2f6f7e939c7e4\",\"balanceSlot\":\"0xfc40ea33816453f766ebc0872d4b5152b468882abe7b6b35528069db4d6e41c4\",\"allowanceSlot\":\"0xff5ad6a19694d8c773fd8fb371e835b382d754cc0dd437b4bb885a14b6521290\",\"allowanceSpender\":\"0x0000000000001fF3684f28c67538d4D072C22734\",\"allowanceAtomic\":\"54936568511707008732626\",\"errorCode\":null,\"errorSelector\":null,\"calldataHash\":\"0xa69f74a801be21a130efa4e1a7fe719fd97e7431b5f69ae66fed97f676bd0d87\",\"gasLimit\":\"313328\",\"gasPrice\":\"247862250\",\"transactionTarget\":\"0x0000000000001fF3684f28c67538d4D072C22734\",\"transactionValue\":\"0\",\"protectedOutput\":\"621694426442\",\"exactEnvelopePreserved\":true}","2","[200,200]"
"11","11","5272840","0xBD0fD22F59B4C59cb49496976789A4ab4abeb218","CDOGE","uniswap","3","0x959509169222af2ade64d1e238c5fc25e1678a03","BUY","0x0000000000000000000000000000000000000000","0xBD0fD22F59B4C59cb49496976789A4ab4abeb218","500000000000000","2026-09-09T03:30:46.658Z","IDENTITY_READY","true","zero-x-swap","4663","25","0x0000000000000000000000000000000000000000","1250000000000","9900","10000","NOT_REACHED_UNFUNDED_WALLET","indicative","362221445883892952833409","FIRM_VERIFIED","insufficient_balance","0x1111111111111111111111111111111111111111","358635453569642412596983","0x0000000000001fF3684f28c67538d4D072C22734","0x0000000000001fF3684f28c67538d4D072C22734","0x39b38686A19836Ac10162c490E4558e120CbBE5f","0x99f5e8edaceacfdd183eb5f1da8a7757b322495b80cf7928db289a1b1a09f799","0xb6c0bf3b83bc9ae4f6ed65a4f5f6c188eb3e4258d8d3b3705dff4ac02ed4a966","0xbc81d36eb4c1b8639ce9099895b4f27a316935f4bc2d2248cb7ee4f0c3c89d70","{\"status\":\"PASS\",\"mode\":\"ETH_CALL_EPHEMERAL_FUNDING\",\"walletAuthority\":false,\"blockNumber\":\"58227062\",\"blockHash\":\"0x632f28cffd73d15d6ee8da89bcd3216557c4bf4e57bd119dcd8b3b75877beba1\",\"errorCode\":null,\"errorSelector\":null,\"calldataHash\":\"0xbc81d36eb4c1b8639ce9099895b4f27a316935f4bc2d2248cb7ee4f0c3c89d70\",\"gasLimit\":\"329407\",\"gasPrice\":\"249351750\",\"transactionTarget\":\"0x0000000000001fF3684f28c67538d4D072C22734\",\"transactionValue\":\"500000000000000\",\"protectedOutput\":\"358635453569642412596983\",\"exactEnvelopePreserved\":true}","2","[200,200]"
"11","11","5272840","0xBD0fD22F59B4C59cb49496976789A4ab4abeb218","CDOGE","uniswap","3","0x959509169222af2ade64d1e238c5fc25e1678a03","SELL","0xBD0fD22F59B4C59cb49496976789A4ab4abeb218","0x0000000000000000000000000000000000000000","362221445883892952833409","2026-09-09T03:30:48.309Z","IDENTITY_READY","true","zero-x-swap","4663","25","0xBD0fD22F59B4C59cb49496976789A4ab4abeb218","905553614709732382084","9900","10000","NOT_REACHED_UNFUNDED_WALLET","indicative","485790603384060","FIRM_VERIFIED","insufficient_balance","0x1111111111111111111111111111111111111111","480974051582856","0x0000000000001fF3684f28c67538d4D072C22734","0x0000000000001fF3684f28c67538d4D072C22734","0x39b38686A19836Ac10162c490E4558e120CbBE5f","0x99f5e8edaceacfdd183eb5f1da8a7757b322495b80cf7928db289a1b1a09f799","0xb6c0bf3b83bc9ae4f6ed65a4f5f6c188eb3e4258d8d3b3705dff4ac02ed4a966","0xe3d9f84240b867ad0030f46baccc5a4d18a5174176daa3e4b7540052fbd096b2","{\"status\":\"PASS\",\"mode\":\"ETH_CALL_EPHEMERAL_FUNDING\",\"walletAuthority\":false,\"blockNumber\":\"58227077\",\"blockHash\":\"0x09853e9698f27016a0cdc4614830665593fc6780328890b3804b8354644d6c68\",\"balanceSlot\":\"0xf043c50fe795c69f30b8ff78b84032dc53a9d87ca283ae10a1dacfbb648e83ef\",\"allowanceSlot\":\"0x8633cf2d93cf08d5beab4385c45958edebafa053650c03b0a14121e3dde9d80f\",\"allowanceSpender\":\"0x0000000000001fF3684f28c67538d4D072C22734\",\"allowanceAtomic\":\"362221445883892952833409\",\"errorCode\":null,\"errorSelector\":null,\"calldataHash\":\"0xe3d9f84240b867ad0030f46baccc5a4d18a5174176daa3e4b7540052fbd096b2\",\"gasLimit\":\"349199\",\"gasPrice\":\"246710250\",\"transactionTarget\":\"0x0000000000001fF3684f28c67538d4D072C22734\",\"transactionValue\":\"0\",\"protectedOutput\":\"480974051582856\",\"exactEnvelopePreserved\":true}","2","[200,200]"
"12","12","5272840","0x7d0B434D7DA5c97e3eAa505Cfc6fDfD1b91CEd70","IMPRINT","uniswap","4","0x3d01d564abecd17af9613936f69fb194b8df68442a269e900623871516e24e06","BUY","0x0000000000000000000000000000000000000000","0x7d0B434D7DA5c97e3eAa505Cfc6fDfD1b91CEd70","500000000000000","2026-09-09T03:30:54.043Z","IDENTITY_READY","true","zero-x-swap","4663","25","0x0000000000000000000000000000000000000000","1250000000000","9900","10000","NOT_REACHED_UNFUNDED_WALLET","indicative","293210158794609195509687","FIRM_VERIFIED","insufficient_balance","0x1111111111111111111111111111111111111111","290307378222542564464550","0x0000000000001fF3684f28c67538d4D072C22734","0x0000000000001fF3684f28c67538d4D072C22734","0x39b38686A19836Ac10162c490E4558e120CbBE5f","0x99f5e8edaceacfdd183eb5f1da8a7757b322495b80cf7928db289a1b1a09f799","0xb6c0bf3b83bc9ae4f6ed65a4f5f6c188eb3e4258d8d3b3705dff4ac02ed4a966","0xae4c73b27e81199d9448feedde0e43c9772072943a854f3e8af92e69b6d3adcc","{\"status\":\"PASS\",\"mode\":\"ETH_CALL_EPHEMERAL_FUNDING\",\"walletAuthority\":false,\"blockNumber\":\"58227137\",\"blockHash\":\"0xb9878f1a0091a2ec4b3717644fc4174aec61d3e5c4398ea9d4648d908eae854f\",\"errorCode\":null,\"errorSelector\":null,\"calldataHash\":\"0xae4c73b27e81199d9448feedde0e43c9772072943a854f3e8af92e69b6d3adcc\",\"gasLimit\":\"339919\",\"gasPrice\":\"249592500\",\"transactionTarget\":\"0x0000000000001fF3684f28c67538d4D072C22734\",\"transactionValue\":\"500000000000000\",\"protectedOutput\":\"290307378222542564464550\",\"exactEnvelopePreserved\":true}","2","[200,200]"
"12","12","5272840","0x7d0B434D7DA5c97e3eAa505Cfc6fDfD1b91CEd70","IMPRINT","uniswap","4","0x3d01d564abecd17af9613936f69fb194b8df68442a269e900623871516e24e06","SELL","0x7d0B434D7DA5c97e3eAa505Cfc6fDfD1b91CEd70","0x0000000000000000000000000000000000000000","293210158794609195509687","2026-09-09T03:30:55.733Z","IDENTITY_READY","true","zero-x-swap","4663","25","0x7d0B434D7DA5c97e3eAa505Cfc6fDfD1b91CEd70","733025396986522988774","9900","10000","NOT_REACHED_UNFUNDED_WALLET","indicative","485856375986945","FIRM_VERIFIED","insufficient_balance","0x1111111111111111111111111111111111111111","481039172058782","0x0000000000001fF3684f28c67538d4D072C22734","0x0000000000001fF3684f28c67538d4D072C22734","0x39b38686A19836Ac10162c490E4558e120CbBE5f","0x99f5e8edaceacfdd183eb5f1da8a7757b322495b80cf7928db289a1b1a09f799","0xb6c0bf3b83bc9ae4f6ed65a4f5f6c188eb3e4258d8d3b3705dff4ac02ed4a966","0x11f0fb5b4f789c642b2bef3112dde6311ecf416933b79c3da6842ac30ad19667","{\"status\":\"PASS\",\"mode\":\"ETH_CALL_EPHEMERAL_FUNDING\",\"walletAuthority\":false,\"blockNumber\":\"58227152\",\"blockHash\":\"0x3c353e3dfbc07de79545c12d32641d8b98c388a6c63c7557efa18ab93282dd4f\",\"balanceSlot\":\"0xf043c50fe795c69f30b8ff78b84032dc53a9d87ca283ae10a1dacfbb648e83ef\",\"allowanceSlot\":\"0x8633cf2d93cf08d5beab4385c45958edebafa053650c03b0a14121e3dde9d80f\",\"allowanceSpender\":\"0x0000000000001fF3684f28c67538d4D072C22734\",\"allowanceAtomic\":\"293210158794609195509687\",\"errorCode\":null,\"errorSelector\":null,\"calldataHash\":\"0x11f0fb5b4f789c642b2bef3112dde6311ecf416933b79c3da6842ac30ad19667\",\"gasLimit\":\"332656\",\"gasPrice\":\"247837500\",\"transactionTarget\":\"0x0000000000001fF3684f28c67538d4D072C22734\",\"transactionValue\":\"0\",\"protectedOutput\":\"481039172058782\",\"exactEnvelopePreserved\":true}","2","[200,200]"
"13","13","5272840","0x831A3962e31037cf4Eb8847cb7eA05aaC1Db35B6","DAMES","uniswap","2","0x0393168875b3b6a5f25769d1740525852ab348c2","BUY","0x0000000000000000000000000000000000000000","0x831A3962e31037cf4Eb8847cb7eA05aaC1Db35B6","500000000000000","2026-09-09T03:31:01.730Z","IDENTITY_READY","true","zero-x-swap","4663","25","0x0000000000000000000000000000000000000000","1250000000000","9900","10000","NOT_REACHED_UNFUNDED_WALLET","indicative","43722066614284331302","FIRM_VERIFIED","insufficient_balance","0x1111111111111111111111111111111111111111","43289218154802915133","0x0000000000001fF3684f28c67538d4D072C22734","0x0000000000001fF3684f28c67538d4D072C22734","0x39b38686A19836Ac10162c490E4558e120CbBE5f","0x99f5e8edaceacfdd183eb5f1da8a7757b322495b80cf7928db289a1b1a09f799","0xb6c0bf3b83bc9ae4f6ed65a4f5f6c188eb3e4258d8d3b3705dff4ac02ed4a966","0xbae4659e0a1959868917c0828e2e0b097d47a9badc4f67c90506742f6031c474","{\"status\":\"PASS\",\"mode\":\"ETH_CALL_EPHEMERAL_FUNDING\",\"walletAuthority\":false,\"blockNumber\":\"58227216\",\"blockHash\":\"0xa268db2e5bb06862aa849efe4e58bacbf6f769a58dc8e622c3979cd40fb92eb5\",\"errorCode\":null,\"errorSelector\":null,\"calldataHash\":\"0xbae4659e0a1959868917c0828e2e0b097d47a9badc4f67c90506742f6031c474\",\"gasLimit\":\"315510\",\"gasPrice\":\"248006250\",\"transactionTarget\":\"0x0000000000001fF3684f28c67538d4D072C22734\",\"transactionValue\":\"500000000000000\",\"protectedOutput\":\"43289218154802915133\",\"exactEnvelopePreserved\":true}","2","[200,200]"
"13","13","5272840","0x831A3962e31037cf4Eb8847cb7eA05aaC1Db35B6","DAMES","uniswap","2","0x0393168875b3b6a5f25769d1740525852ab348c2","SELL","0x831A3962e31037cf4Eb8847cb7eA05aaC1Db35B6","0x0000000000000000000000000000000000000000","43722066614284331302","2026-09-09T03:31:03.753Z","IDENTITY_READY","true","zero-x-swap","4663","25","0x831A3962e31037cf4Eb8847cb7eA05aaC1Db35B6","109305166535710828","9900","10000","NOT_REACHED_UNFUNDED_WALLET","indicative","465863482109350","FIRM_VERIFIED","insufficient_balance","0x1111111111111111111111111111111111111111","461244505171060","0x0000000000001fF3684f28c67538d4D072C22734","0x0000000000001fF3684f28c67538d4D072C22734","0x39b38686A19836Ac10162c490E4558e120CbBE5f","0x99f5e8edaceacfdd183eb5f1da8a7757b322495b80cf7928db289a1b1a09f799","0xb6c0bf3b83bc9ae4f6ed65a4f5f6c188eb3e4258d8d3b3705dff4ac02ed4a966","0xc5d47427d6414da029682721932f8976be2e2a7168c7fc81b9e9212a06e48cdc","{\"status\":\"PASS\",\"mode\":\"ETH_CALL_EPHEMERAL_FUNDING\",\"walletAuthority\":false,\"blockNumber\":\"58227232\",\"blockHash\":\"0xdd6e3cb3c73d889f7cb1b602693bcf977c6c21e37d0eac093b7fdce81c4321e2\",\"balanceSlot\":\"0xf043c50fe795c69f30b8ff78b84032dc53a9d87ca283ae10a1dacfbb648e83ef\",\"allowanceSlot\":\"0x8633cf2d93cf08d5beab4385c45958edebafa053650c03b0a14121e3dde9d80f\",\"allowanceSpender\":\"0x0000000000001fF3684f28c67538d4D072C22734\",\"allowanceAtomic\":\"43722066614284331302\",\"errorCode\":null,\"errorSelector\":null,\"calldataHash\":\"0xc5d47427d6414da029682721932f8976be2e2a7168c7fc81b9e9212a06e48cdc\",\"gasLimit\":\"316233\",\"gasPrice\":\"248006250\",\"transactionTarget\":\"0x0000000000001fF3684f28c67538d4D072C22734\",\"transactionValue\":\"0\",\"protectedOutput\":\"461244505171060\",\"exactEnvelopePreserved\":true}","2","[200,200]"
"14","14","5272840","0x632Add287Caa4Ec2F1E9913D69D10D1565f066d1","TST11","uniswap","3","0x2fa125f24265aadbf6338bb322c729ce974361e5","BUY","0x0000000000000000000000000000000000000000","0x632Add287Caa4Ec2F1E9913D69D10D1565f066d1","500000000000000","2026-09-09T03:31:09.372Z","IDENTITY_READY","true","zero-x-swap","4663","25","0x0000000000000000000000000000000000000000","1250000000000","9900","10000","NOT_REACHED_UNFUNDED_WALLET","indicative","30481130246028261993779112","FIRM_VERIFIED","insufficient_balance","0x1111111111111111111111111111111111111111","30179367056592582200031677","0x0000000000001fF3684f28c67538d4D072C22734","0x0000000000001fF3684f28c67538d4D072C22734","0x39b38686A19836Ac10162c490E4558e120CbBE5f","0x99f5e8edaceacfdd183eb5f1da8a7757b322495b80cf7928db289a1b1a09f799","0xb6c0bf3b83bc9ae4f6ed65a4f5f6c188eb3e4258d8d3b3705dff4ac02ed4a966","0x37b5eefae47263577ff7a5a659a0f0063d20491b224a2bfeb5ead3b022768279","{\"status\":\"PASS\",\"mode\":\"ETH_CALL_EPHEMERAL_FUNDING\",\"walletAuthority\":false,\"blockNumber\":\"58227286\",\"blockHash\":\"0xcfbd75f24f8bb4ab8bc4ede819dfc79baa2d06b1b29e136e8c763d01a1db1747\",\"errorCode\":null,\"errorSelector\":null,\"calldataHash\":\"0x37b5eefae47263577ff7a5a659a0f0063d20491b224a2bfeb5ead3b022768279\",\"gasLimit\":\"1684328\",\"gasPrice\":\"247025250\",\"transactionTarget\":\"0x0000000000001fF3684f28c67538d4D072C22734\",\"transactionValue\":\"500000000000000\",\"protectedOutput\":\"30179367056592582200031677\",\"exactEnvelopePreserved\":true}","2","[200,200]"
"14","14","5272840","0x632Add287Caa4Ec2F1E9913D69D10D1565f066d1","TST11","uniswap","3","0x2fa125f24265aadbf6338bb322c729ce974361e5","SELL","0x632Add287Caa4Ec2F1E9913D69D10D1565f066d1","0x0000000000000000000000000000000000000000","30481130246028261993779112","2026-09-09T03:31:11.192Z","IDENTITY_READY","true","zero-x-swap","4663","25","0x632Add287Caa4Ec2F1E9913D69D10D1565f066d1","76202825615070654984448","9900","10000","NOT_REACHED_UNFUNDED_WALLET","indicative","457039093816490","FIRM_VERIFIED","insufficient_balance","0x1111111111111111111111111111111111111111","452507609561324","0x0000000000001fF3684f28c67538d4D072C22734","0x0000000000001fF3684f28c67538d4D072C22734","0x39b38686A19836Ac10162c490E4558e120CbBE5f","0x99f5e8edaceacfdd183eb5f1da8a7757b322495b80cf7928db289a1b1a09f799","0xb6c0bf3b83bc9ae4f6ed65a4f5f6c188eb3e4258d8d3b3705dff4ac02ed4a966","0x57ca6abb6fdb680ed7264975f49fad23c5c61beff21c8e835cfd99455a230997","{\"status\":\"PASS\",\"mode\":\"ETH_CALL_EPHEMERAL_FUNDING\",\"walletAuthority\":false,\"blockNumber\":\"58227307\",\"blockHash\":\"0x33547c1de2d052648fb91199a2c68f57ed25bbc00a5a44f43ed006bf274a9ff0\",\"balanceSlot\":\"0xf043c50fe795c69f30b8ff78b84032dc53a9d87ca283ae10a1dacfbb648e83ef\",\"allowanceSlot\":\"0x8633cf2d93cf08d5beab4385c45958edebafa053650c03b0a14121e3dde9d80f\",\"allowanceSpender\":\"0x0000000000001fF3684f28c67538d4D072C22734\",\"allowanceAtomic\":\"30481130246028261993779112\",\"errorCode\":null,\"errorSelector\":null,\"calldataHash\":\"0x57ca6abb6fdb680ed7264975f49fad23c5c61beff21c8e835cfd99455a230997\",\"gasLimit\":\"479126\",\"gasPrice\":\"247025250\",\"transactionTarget\":\"0x0000000000001fF3684f28c67538d4D072C22734\",\"transactionValue\":\"0\",\"protectedOutput\":\"452507609561324\",\"exactEnvelopePreserved\":true}","2","[200,200]"
"15","15","5272840","0x778c5c511BEa28aB94fE754E1d09C31886327001","MEMORY","uniswap","4","0x3ad57af77975929b4aa51fcffe5a003e4a847229fb2644b6883f376f29e98bc0","BUY","0x0000000000000000000000000000000000000000","0x778c5c511BEa28aB94fE754E1d09C31886327001","500000000000000","2026-09-09T03:31:17.514Z","IDENTITY_READY","true","zero-x-swap","4663","25","0x0000000000000000000000000000000000000000","1250000000000","9900","10000","NOT_REACHED_UNFUNDED_WALLET","indicative","162881928911890533666910","FIRM_VERIFIED","insufficient_balance","0x1111111111111111111111111111111111111111","161269397815662817376766","0x0000000000001fF3684f28c67538d4D072C22734","0x0000000000001fF3684f28c67538d4D072C22734","0x39b38686A19836Ac10162c490E4558e120CbBE5f","0x99f5e8edaceacfdd183eb5f1da8a7757b322495b80cf7928db289a1b1a09f799","0xb6c0bf3b83bc9ae4f6ed65a4f5f6c188eb3e4258d8d3b3705dff4ac02ed4a966","0xd04d671a203f9275e0fe6aee1942ab53d858b32ed7a6c45102d4e524fce320a0","{\"status\":\"PASS\",\"mode\":\"ETH_CALL_EPHEMERAL_FUNDING\",\"walletAuthority\":false,\"blockNumber\":\"58227371\",\"blockHash\":\"0x640daae475a6c414632cf87a068c944d21647433174b82849102a5f1fbc5bb4b\",\"errorCode\":null,\"errorSelector\":null,\"calldataHash\":\"0xd04d671a203f9275e0fe6aee1942ab53d858b32ed7a6c45102d4e524fce320a0\",\"gasLimit\":\"567829\",\"gasPrice\":\"247990500\",\"transactionTarget\":\"0x0000000000001fF3684f28c67538d4D072C22734\",\"transactionValue\":\"500000000000000\",\"protectedOutput\":\"161269397815662817376766\",\"exactEnvelopePreserved\":true}","2","[200,200]"
"15","15","5272840","0x778c5c511BEa28aB94fE754E1d09C31886327001","MEMORY","uniswap","4","0x3ad57af77975929b4aa51fcffe5a003e4a847229fb2644b6883f376f29e98bc0","SELL","0x778c5c511BEa28aB94fE754E1d09C31886327001","0x0000000000000000000000000000000000000000","162881928911890533666910","2026-09-09T03:31:19.519Z","IDENTITY_READY","true","zero-x-swap","4663","25","0x778c5c511BEa28aB94fE754E1d09C31886327001","407204822279726334167","9900","10000","NOT_REACHED_UNFUNDED_WALLET","indicative","483023870418010","FIRM_VERIFIED","insufficient_balance","0x1111111111111111111111111111111111111111","478234750420876","0x0000000000001fF3684f28c67538d4D072C22734","0x0000000000001fF3684f28c67538d4D072C22734","0x39b38686A19836Ac10162c490E4558e120CbBE5f","0x99f5e8edaceacfdd183eb5f1da8a7757b322495b80cf7928db289a1b1a09f799","0xb6c0bf3b83bc9ae4f6ed65a4f5f6c188eb3e4258d8d3b3705dff4ac02ed4a966","0x2fe5af9383c7bdbe6bc9971e2daf42ffc5d187051f336e5d20dac94eead8feb1","{\"status\":\"PASS\",\"mode\":\"ETH_CALL_EPHEMERAL_FUNDING\",\"walletAuthority\":false,\"blockNumber\":\"58227392\",\"blockHash\":\"0xb58f33001754677ebc1de22a7d6ce042923fb16491716be35874374b346be015\",\"balanceSlot\":\"0xfc40ea33816453f766ebc0872d4b5152b468882abe7b6b35528069db4d6e41c4\",\"allowanceSlot\":\"0xff5ad6a19694d8c773fd8fb371e835b382d754cc0dd437b4bb885a14b6521290\",\"allowanceSpender\":\"0x0000000000001fF3684f28c67538d4D072C22734\",\"allowanceAtomic\":\"162881928911890533666910\",\"errorCode\":null,\"errorSelector\":null,\"calldataHash\":\"0x2fe5af9383c7bdbe6bc9971e2daf42ffc5d187051f336e5d20dac94eead8feb1\",\"gasLimit\":\"563425\",\"gasPrice\":\"246307500\",\"transactionTarget\":\"0x0000000000001fF3684f28c67538d4D072C22734\",\"transactionValue\":\"0\",\"protectedOutput\":\"478234750420876\",\"exactEnvelopePreserved\":true}","2","[200,200]"
"16","16","5272840","0x0Bd7D308f8E1639FAb988df18A8011f41EAcAD73","WETH","uniswap","2","0x0393168875b3b6a5f25769d1740525852ab348c2","BUY","0x0000000000000000000000000000000000000000","0x0Bd7D308f8E1639FAb988df18A8011f41EAcAD73","500000000000000","2026-09-09T03:31:25.818Z","IDENTITY_READY","true","zero-x-swap","4663","25","0x0000000000000000000000000000000000000000","1250000000000","9900","10000","NOT_REACHED","invalid_response","","POLICY_REJECTED_MISSING_INTEGRATOR_FEE","","","","","","","","","","","1","[200]"
"16","16","5272840","0x0Bd7D308f8E1639FAb988df18A8011f41EAcAD73","WETH","uniswap","2","0x0393168875b3b6a5f25769d1740525852ab348c2","SELL","0x0Bd7D308f8E1639FAb988df18A8011f41EAcAD73","0x0000000000000000000000000000000000000000","1000000000000000000","2026-09-09T03:31:26.538Z","IDENTITY_READY","true","zero-x-swap","4663","25","0x0Bd7D308f8E1639FAb988df18A8011f41EAcAD73","2500000000000000","9900","10000","NOT_REACHED","invalid_response","","POLICY_REJECTED_MISSING_INTEGRATOR_FEE","","","","","","","","","","","1","[200]"
"17","17","5272840","0x3d493A8Dd5199651D5449ff44fbf52dF1455799B","MONA","uniswap","3","0x2ca89520e03aa5a41e48146cf928fc462a6d5c7e","BUY","0x0000000000000000000000000000000000000000","0x3d493A8Dd5199651D5449ff44fbf52dF1455799B","500000000000000","2026-09-09T03:31:31.509Z","IDENTITY_READY","true","zero-x-swap","4663","25","0x0000000000000000000000000000000000000000","1250000000000","9900","10000","NOT_REACHED_UNFUNDED_WALLET","indicative","1417573684","FIRM_VERIFIED","insufficient_balance","0x1111111111111111111111111111111111111111","1403536057","0x0000000000001fF3684f28c67538d4D072C22734","0x0000000000001fF3684f28c67538d4D072C22734","0x39b38686A19836Ac10162c490E4558e120CbBE5f","0x99f5e8edaceacfdd183eb5f1da8a7757b322495b80cf7928db289a1b1a09f799","0xb6c0bf3b83bc9ae4f6ed65a4f5f6c188eb3e4258d8d3b3705dff4ac02ed4a966","0x1b1c745aa2ba64d90f47a062f87a8643b0e3fe23e7981750f9b7406e2658e120","{\"status\":\"PASS\",\"mode\":\"ETH_CALL_EPHEMERAL_FUNDING\",\"walletAuthority\":false,\"blockNumber\":\"58227507\",\"blockHash\":\"0xe9d9222e7d71225dd9fb10c4adc4f9fb742ef7062c42106dde656680a1ff5c91\",\"errorCode\":null,\"errorSelector\":null,\"calldataHash\":\"0x1b1c745aa2ba64d90f47a062f87a8643b0e3fe23e7981750f9b7406e2658e120\",\"gasLimit\":\"323909\",\"gasPrice\":\"248325750\",\"transactionTarget\":\"0x0000000000001fF3684f28c67538d4D072C22734\",\"transactionValue\":\"500000000000000\",\"protectedOutput\":\"1403536057\",\"exactEnvelopePreserved\":true}","2","[200,200]"
"17","17","5272840","0x3d493A8Dd5199651D5449ff44fbf52dF1455799B","MONA","uniswap","3","0x2ca89520e03aa5a41e48146cf928fc462a6d5c7e","SELL","0x3d493A8Dd5199651D5449ff44fbf52dF1455799B","0x0000000000000000000000000000000000000000","1417573684","2026-09-09T03:31:33.210Z","IDENTITY_READY","true","zero-x-swap","4663","25","0x3d493A8Dd5199651D5449ff44fbf52dF1455799B","3543934","9900","10000","NOT_REACHED_UNFUNDED_WALLET","indicative","486141096115170","FIRM_VERIFIED","insufficient_balance","0x1111111111111111111111111111111111111111","481321069223292","0x0000000000001fF3684f28c67538d4D072C22734","0x0000000000001fF3684f28c67538d4D072C22734","0x39b38686A19836Ac10162c490E4558e120CbBE5f","0x99f5e8edaceacfdd183eb5f1da8a7757b322495b80cf7928db289a1b1a09f799","0xb6c0bf3b83bc9ae4f6ed65a4f5f6c188eb3e4258d8d3b3705dff4ac02ed4a966","0xc6625b3b4b7622ae776a823bfbc90077a717037c231316174132063f61dfb39f","{\"status\":\"PASS\",\"mode\":\"ETH_CALL_EPHEMERAL_FUNDING\",\"walletAuthority\":false,\"blockNumber\":\"58227522\",\"blockHash\":\"0x200d2b39cc15c4179f2aea7797cf65d4fa6bb409800e408fd9e2c2fbf97b71af\",\"balanceSlot\":\"0xf043c50fe795c69f30b8ff78b84032dc53a9d87ca283ae10a1dacfbb648e83ef\",\"allowanceSlot\":\"0x8633cf2d93cf08d5beab4385c45958edebafa053650c03b0a14121e3dde9d80f\",\"allowanceSpender\":\"0x0000000000001fF3684f28c67538d4D072C22734\",\"allowanceAtomic\":\"1417573684\",\"errorCode\":null,\"errorSelector\":null,\"calldataHash\":\"0xc6625b3b4b7622ae776a823bfbc90077a717037c231316174132063f61dfb39f\",\"gasLimit\":\"321466\",\"gasPrice\":\"248159250\",\"transactionTarget\":\"0x0000000000001fF3684f28c67538d4D072C22734\",\"transactionValue\":\"0\",\"protectedOutput\":\"481321069223292\",\"exactEnvelopePreserved\":true}","2","[200,200]"
"18","18","5272840","0x87e2090283652685BD0cdf1c0e45263084C31e18","BACKSWAP","uniswap","4","0x6350ef58f29c823d26d833ae796d84fe0745f2f3d8d5288f1c01f3f7fbb89ab7","BUY","0x0000000000000000000000000000000000000000","0x87e2090283652685BD0cdf1c0e45263084C31e18","500000000000000","2026-09-09T03:31:39.103Z","IDENTITY_READY","true","zero-x-swap","4663","25","0x0000000000000000000000000000000000000000","1250000000000","9900","10000","NOT_REACHED_UNFUNDED_WALLET","indicative","58871618149839894845619","FIRM_VERIFIED","insufficient_balance","0x1111111111111111111111111111111111111111","58288789130156479881084","0x0000000000001fF3684f28c67538d4D072C22734","0x0000000000001fF3684f28c67538d4D072C22734","0x39b38686A19836Ac10162c490E4558e120CbBE5f","0x99f5e8edaceacfdd183eb5f1da8a7757b322495b80cf7928db289a1b1a09f799","0xb6c0bf3b83bc9ae4f6ed65a4f5f6c188eb3e4258d8d3b3705dff4ac02ed4a966","0xce44bca71260122807bf5fe202deccbc09b0d545cf8095a4ba5037cf1f28e3f8","{\"status\":\"PASS\",\"mode\":\"ETH_CALL_EPHEMERAL_FUNDING\",\"walletAuthority\":false,\"blockNumber\":\"58227582\",\"blockHash\":\"0xd39ff562fb64547ceb660aebc83b5b310ca221249308e81bdf3b5b7d51f690b0\",\"errorCode\":null,\"errorSelector\":null,\"calldataHash\":\"0xce44bca71260122807bf5fe202deccbc09b0d545cf8095a4ba5037cf1f28e3f8\",\"gasLimit\":\"1321318\",\"gasPrice\":\"246876750\",\"transactionTarget\":\"0x0000000000001fF3684f28c67538d4D072C22734\",\"transactionValue\":\"500000000000000\",\"protectedOutput\":\"58288789130156479881084\",\"exactEnvelopePreserved\":true}","2","[200,200]"
"18","18","5272840","0x87e2090283652685BD0cdf1c0e45263084C31e18","BACKSWAP","uniswap","4","0x6350ef58f29c823d26d833ae796d84fe0745f2f3d8d5288f1c01f3f7fbb89ab7","SELL","0x87e2090283652685BD0cdf1c0e45263084C31e18","0x0000000000000000000000000000000000000000","58871618149839894845619","2026-09-09T03:31:41.013Z","IDENTITY_READY","true","zero-x-swap","4663","25","0x87e2090283652685BD0cdf1c0e45263084C31e18","147179045374599737114","9900","10000","NOT_REACHED","no_route","","ZEROX_NO_ROUTE","","","","","","","","","","","1","[200]"
"19","19","5272840","0x2a22c15dC16A13102B7d48Dbf765D493aED202B7","BOTAGENT","uniswap","2","0x8865a9b53b936c705e936b0d7f8e870d1fc61309","BUY","0x0000000000000000000000000000000000000000","0x2a22c15dC16A13102B7d48Dbf765D493aED202B7","500000000000000","2026-09-09T03:31:45.597Z","IDENTITY_READY","true","zero-x-swap","4663","25","0x0000000000000000000000000000000000000000","1250000000000","9900","10000","NOT_REACHED_UNFUNDED_WALLET","indicative","203350337112242361874721","FIRM_VERIFIED","insufficient_balance","0x1111111111111111111111111111111111111111","201337168774831162487487","0x0000000000001fF3684f28c67538d4D072C22734","0x0000000000001fF3684f28c67538d4D072C22734","0x39b38686A19836Ac10162c490E4558e120CbBE5f","0x99f5e8edaceacfdd183eb5f1da8a7757b322495b80cf7928db289a1b1a09f799","0xb6c0bf3b83bc9ae4f6ed65a4f5f6c188eb3e4258d8d3b3705dff4ac02ed4a966","0x375245a19394cd19eb1462bdcbe923364e364fe93169bc9f0a580801775258e0","{\"status\":\"PASS\",\"mode\":\"ETH_CALL_EPHEMERAL_FUNDING\",\"walletAuthority\":false,\"blockNumber\":\"58227647\",\"blockHash\":\"0x17de7999e94786eb0aa072ad00eb0fb1cc1654553e66bf3ae274f3dad65f4d66\",\"errorCode\":null,\"errorSelector\":null,\"calldataHash\":\"0x375245a19394cd19eb1462bdcbe923364e364fe93169bc9f0a580801775258e0\",\"gasLimit\":\"693005\",\"gasPrice\":\"247862250\",\"transactionTarget\":\"0x0000000000001fF3684f28c67538d4D072C22734\",\"transactionValue\":\"500000000000000\",\"protectedOutput\":\"201337168774831162487487\",\"exactEnvelopePreserved\":true}","2","[200,200]"
"19","19","5272840","0x2a22c15dC16A13102B7d48Dbf765D493aED202B7","BOTAGENT","uniswap","2","0x8865a9b53b936c705e936b0d7f8e870d1fc61309","SELL","0x2a22c15dC16A13102B7d48Dbf765D493aED202B7","0x0000000000000000000000000000000000000000","203350337112242361874721","2026-09-09T03:31:47.502Z","IDENTITY_READY","true","zero-x-swap","4663","25","0x2a22c15dC16A13102B7d48Dbf765D493aED202B7","508375842780605904687","9900","10000","NOT_REACHED","no_route","","ZEROX_NO_ROUTE","","","","","","","","","","","1","[200]"
"20","20","5272840","0x6112093A7638b56Eefddda55FeF8cf570710C710","PUGCOIN","uniswap","3","0x7f74f1a3bdd0f6cab331021a321ad827ef94bab7","BUY","0x0000000000000000000000000000000000000000","0x6112093A7638b56Eefddda55FeF8cf570710C710","500000000000000","2026-09-09T03:31:52.079Z","IDENTITY_READY","true","zero-x-swap","4663","25","0x0000000000000000000000000000000000000000","1250000000000","9900","10000","NOT_REACHED_UNFUNDED_WALLET","indicative","419965458654125024537362","FIRM_VERIFIED","insufficient_balance","0x1111111111111111111111111111111111111111","415807800613449186787153","0x0000000000001fF3684f28c67538d4D072C22734","0x0000000000001fF3684f28c67538d4D072C22734","0x39b38686A19836Ac10162c490E4558e120CbBE5f","0x99f5e8edaceacfdd183eb5f1da8a7757b322495b80cf7928db289a1b1a09f799","0xb6c0bf3b83bc9ae4f6ed65a4f5f6c188eb3e4258d8d3b3705dff4ac02ed4a966","0xbfdc9d15ceec8784df4bdabb426f0a9826deab39eabc806e9bfc3f14420f474d","{\"status\":\"PASS\",\"mode\":\"ETH_CALL_EPHEMERAL_FUNDING\",\"walletAuthority\":false,\"blockNumber\":\"58227712\",\"blockHash\":\"0xab2237511d91b5330f97e1af9c9edca55e2bba34dd07b2e0e4b44d64e992224e\",\"errorCode\":null,\"errorSelector\":null,\"calldataHash\":\"0xbfdc9d15ceec8784df4bdabb426f0a9826deab39eabc806e9bfc3f14420f474d\",\"gasLimit\":\"465259\",\"gasPrice\":\"247923000\",\"transactionTarget\":\"0x0000000000001fF3684f28c67538d4D072C22734\",\"transactionValue\":\"500000000000000\",\"protectedOutput\":\"415807800613449186787153\",\"exactEnvelopePreserved\":true}","2","[200,200]"
"20","20","5272840","0x6112093A7638b56Eefddda55FeF8cf570710C710","PUGCOIN","uniswap","3","0x7f74f1a3bdd0f6cab331021a321ad827ef94bab7","SELL","0x6112093A7638b56Eefddda55FeF8cf570710C710","0x0000000000000000000000000000000000000000","419965458654125024537362","2026-09-09T03:31:53.928Z","IDENTITY_READY","true","zero-x-swap","4663","25","0x6112093A7638b56Eefddda55FeF8cf570710C710","1049913646635312561343","9900","10000","NOT_REACHED_UNFUNDED_WALLET","indicative","476075989086225","FIRM_VERIFIED","insufficient_balance","0x1111111111111111111111111111111111111111","471355756445310","0x0000000000001fF3684f28c67538d4D072C22734","0x0000000000001fF3684f28c67538d4D072C22734","0x39b38686A19836Ac10162c490E4558e120CbBE5f","0x99f5e8edaceacfdd183eb5f1da8a7757b322495b80cf7928db289a1b1a09f799","0xb6c0bf3b83bc9ae4f6ed65a4f5f6c188eb3e4258d8d3b3705dff4ac02ed4a966","0x753ee9cebf63382a697a8f31137d3a419c93b7ea688c42ff7e7f29b8638a9448","{\"status\":\"PASS\",\"mode\":\"ETH_CALL_EPHEMERAL_FUNDING\",\"walletAuthority\":false,\"blockNumber\":\"58227728\",\"blockHash\":\"0x5742a307dc994e1c930076d7d1ed250c0eae7dde6ce1345e7ecd710a14824a9b\",\"balanceSlot\":\"0xf043c50fe795c69f30b8ff78b84032dc53a9d87ca283ae10a1dacfbb648e83ef\",\"allowanceSlot\":\"0x8633cf2d93cf08d5beab4385c45958edebafa053650c03b0a14121e3dde9d80f\",\"allowanceSpender\":\"0x0000000000001fF3684f28c67538d4D072C22734\",\"allowanceAtomic\":\"419965458654125024537362\",\"errorCode\":null,\"errorSelector\":null,\"calldataHash\":\"0x753ee9cebf63382a697a8f31137d3a419c93b7ea688c42ff7e7f29b8638a9448\",\"gasLimit\":\"465077\",\"gasPrice\":\"247923000\",\"transactionTarget\":\"0x0000000000001fF3684f28c67538d4D072C22734\",\"transactionValue\":\"0\",\"protectedOutput\":\"471355756445310\",\"exactEnvelopePreserved\":true}","2","[200,200]"
"21","21","5272840","0xE9E5CfdCA8fbEe1f68A7C92D7316331d1aaB5Fb9","CATCH","uniswap","4","0x17f7098f5129838d5a72a2b9d842c1000b6011a222b15965dcfd749a2fc97d7b","BUY","0x0000000000000000000000000000000000000000","0xE9E5CfdCA8fbEe1f68A7C92D7316331d1aaB5Fb9","500000000000000","2026-09-09T03:31:59.682Z","IDENTITY_READY","true","zero-x-swap","4663","25","0x0000000000000000000000000000000000000000","1250000000000","9900","10000","NOT_REACHED_UNFUNDED_WALLET","indicative","7164022828332974654345","FIRM_VERIFIED","insufficient_balance","0x1111111111111111111111111111111111111111","7093099002332478200965","0x0000000000001fF3684f28c67538d4D072C22734","0x0000000000001fF3684f28c67538d4D072C22734","0x39b38686A19836Ac10162c490E4558e120CbBE5f","0x99f5e8edaceacfdd183eb5f1da8a7757b322495b80cf7928db289a1b1a09f799","0xb6c0bf3b83bc9ae4f6ed65a4f5f6c188eb3e4258d8d3b3705dff4ac02ed4a966","0xe1772bdded66afc543e4f5d533d368b4b9e3ddda5e349f7f2d3739a14b3f0e74","{\"status\":\"PASS\",\"mode\":\"ETH_CALL_EPHEMERAL_FUNDING\",\"walletAuthority\":false,\"blockNumber\":\"58227779\",\"blockHash\":\"0x0cdde131f36654641e7222779eafcaf444ec594080f7282a2396bc7e5e748553\",\"errorCode\":null,\"errorSelector\":null,\"calldataHash\":\"0xe1772bdded66afc543e4f5d533d368b4b9e3ddda5e349f7f2d3739a14b3f0e74\",\"gasLimit\":\"381100\",\"gasPrice\":\"248595750\",\"transactionTarget\":\"0x0000000000001fF3684f28c67538d4D072C22734\",\"transactionValue\":\"500000000000000\",\"protectedOutput\":\"7093099002332478200965\",\"exactEnvelopePreserved\":true}","2","[200,200]"
"21","21","5272840","0xE9E5CfdCA8fbEe1f68A7C92D7316331d1aaB5Fb9","CATCH","uniswap","4","0x17f7098f5129838d5a72a2b9d842c1000b6011a222b15965dcfd749a2fc97d7b","SELL","0xE9E5CfdCA8fbEe1f68A7C92D7316331d1aaB5Fb9","0x0000000000000000000000000000000000000000","7164022828332974654345","2026-09-09T03:32:02.339Z","IDENTITY_READY","true","zero-x-swap","4663","25","0xE9E5CfdCA8fbEe1f68A7C92D7316331d1aaB5Fb9","17910057070832436636","9900","10000","NOT_REACHED_UNFUNDED_WALLET","indicative","466637295505560","FIRM_VERIFIED","insufficient_balance","0x1111111111111111111111111111111111111111","462010646306256","0x0000000000001fF3684f28c67538d4D072C22734","0x0000000000001fF3684f28c67538d4D072C22734","0x39b38686A19836Ac10162c490E4558e120CbBE5f","0x99f5e8edaceacfdd183eb5f1da8a7757b322495b80cf7928db289a1b1a09f799","0xb6c0bf3b83bc9ae4f6ed65a4f5f6c188eb3e4258d8d3b3705dff4ac02ed4a966","0xec631338308af3e9d2bd0505902f141b7f4a4194b5e088a43f4217eb35f7b294","{\"status\":\"PASS\",\"mode\":\"ETH_CALL_EPHEMERAL_FUNDING\",\"walletAuthority\":false,\"blockNumber\":\"58227803\",\"blockHash\":\"0x1f1f52fe495a8ba545dbc8773b8668ddbd61994e84bb973d6d62cfd2b6e61481\",\"balanceSlot\":\"0xf043c50fe795c69f30b8ff78b84032dc53a9d87ca283ae10a1dacfbb648e83ef\",\"allowanceSlot\":\"0x8633cf2d93cf08d5beab4385c45958edebafa053650c03b0a14121e3dde9d80f\",\"allowanceSpender\":\"0x0000000000001fF3684f28c67538d4D072C22734\",\"allowanceAtomic\":\"7164022828332974654345\",\"errorCode\":null,\"errorSelector\":null,\"calldataHash\":\"0xec631338308af3e9d2bd0505902f141b7f4a4194b5e088a43f4217eb35f7b294\",\"gasLimit\":\"380359\",\"gasPrice\":\"249468750\",\"transactionTarget\":\"0x0000000000001fF3684f28c67538d4D072C22734\",\"transactionValue\":\"0\",\"protectedOutput\":\"462010646306256\",\"exactEnvelopePreserved\":true}","2","[200,200]"
"22","22","5272840","0x8f460DE3066890746E65A19F4f110e9c074106d5","haMSTR","uniswap","2","0xc5876453896bd928b7d1a88f6ecd74389b805c4a","BUY","0x0000000000000000000000000000000000000000","0x8f460DE3066890746E65A19F4f110e9c074106d5","500000000000000","2026-09-09T03:32:07.865Z","IDENTITY_READY","true","zero-x-swap","4663","25","0x0000000000000000000000000000000000000000","1250000000000","9900","10000","NOT_REACHED_UNFUNDED_WALLET","indicative","169527953515131769","FIRM_VERIFIED","insufficient_balance","0x1111111111111111111111111111111111111111","167849626775330213","0x0000000000001fF3684f28c67538d4D072C22734","0x0000000000001fF3684f28c67538d4D072C22734","0x39b38686A19836Ac10162c490E4558e120CbBE5f","0x99f5e8edaceacfdd183eb5f1da8a7757b322495b80cf7928db289a1b1a09f799","0xb6c0bf3b83bc9ae4f6ed65a4f5f6c188eb3e4258d8d3b3705dff4ac02ed4a966","0x9b75977f2c6db4450b396039060f98106ac37a889a3c98a1e682ca10c08487d4","{\"status\":\"PASS\",\"mode\":\"ETH_CALL_EPHEMERAL_FUNDING\",\"walletAuthority\":false,\"blockNumber\":\"58227855\",\"blockHash\":\"0x97eda447f43306f8a944fee7221f7c35b0a674fdba14b7c631bf5b3b6e5b9fbe\",\"errorCode\":null,\"errorSelector\":null,\"calldataHash\":\"0x9b75977f2c6db4450b396039060f98106ac37a889a3c98a1e682ca10c08487d4\",\"gasLimit\":\"343051\",\"gasPrice\":\"250481250\",\"transactionTarget\":\"0x0000000000001fF3684f28c67538d4D072C22734\",\"transactionValue\":\"500000000000000\",\"protectedOutput\":\"167849626775330213\",\"exactEnvelopePreserved\":true}","2","[200,200]"
"22","22","5272840","0x8f460DE3066890746E65A19F4f110e9c074106d5","haMSTR","uniswap","2","0xc5876453896bd928b7d1a88f6ecd74389b805c4a","SELL","0x8f460DE3066890746E65A19F4f110e9c074106d5","0x0000000000000000000000000000000000000000","169527953515131769","2026-09-09T03:32:09.603Z","IDENTITY_READY","true","zero-x-swap","4663","25","0x8f460DE3066890746E65A19F4f110e9c074106d5","423819883787829","9900","10000","NOT_REACHED","no_route","","ZEROX_NO_ROUTE","","","","","","","","","","","1","[200]"
"23","23","5272840","0xc1A00C321C4C235516976978046AC4D56F190714","ALTER","uniswap","3","0xa72a86df123a60d2ffb2d5147395d4c3e80caa8c","BUY","0x0000000000000000000000000000000000000000","0xc1A00C321C4C235516976978046AC4D56F190714","500000000000000","2026-09-09T03:32:13.827Z","IDENTITY_READY","true","zero-x-swap","4663","25","0x0000000000000000000000000000000000000000","1250000000000","9900","10000","NOT_REACHED_UNFUNDED_WALLET","indicative","3960828074818930113656","FIRM_VERIFIED","insufficient_balance","0x1111111111111111111111111111111111111111","3921615876878222701911","0x0000000000001fF3684f28c67538d4D072C22734","0x0000000000001fF3684f28c67538d4D072C22734","0x39b38686A19836Ac10162c490E4558e120CbBE5f","0x99f5e8edaceacfdd183eb5f1da8a7757b322495b80cf7928db289a1b1a09f799","0xb6c0bf3b83bc9ae4f6ed65a4f5f6c188eb3e4258d8d3b3705dff4ac02ed4a966","0xa8d11809e5cb4623adb231bae87036ac0974025ef06d140859a1ca5d2e4fe46e","{\"status\":\"PASS\",\"mode\":\"ETH_CALL_EPHEMERAL_FUNDING\",\"walletAuthority\":false,\"blockNumber\":\"58227915\",\"blockHash\":\"0xa0d367a9f6bd03489965e34517a8acb90c9b7e4799ce6466dbfa78a455dd51ac\",\"errorCode\":null,\"errorSelector\":null,\"calldataHash\":\"0xa8d11809e5cb4623adb231bae87036ac0974025ef06d140859a1ca5d2e4fe46e\",\"gasLimit\":\"443256\",\"gasPrice\":\"249565500\",\"transactionTarget\":\"0x0000000000001fF3684f28c67538d4D072C22734\",\"transactionValue\":\"500000000000000\",\"protectedOutput\":\"3921615876878222701911\",\"exactEnvelopePreserved\":true}","2","[200,200]"
"23","23","5272840","0xc1A00C321C4C235516976978046AC4D56F190714","ALTER","uniswap","3","0xa72a86df123a60d2ffb2d5147395d4c3e80caa8c","SELL","0xc1A00C321C4C235516976978046AC4D56F190714","0x0000000000000000000000000000000000000000","3960828074818930113656","2026-09-09T03:32:15.528Z","IDENTITY_READY","true","zero-x-swap","4663","25","0xc1A00C321C4C235516976978046AC4D56F190714","9902070187047325284","9900","10000","NOT_REACHED","no_route","","ZEROX_NO_ROUTE","","","","","","","","","","","1","[200]"
"24","24","5272840","0x3D7E39e5C40dAc0466541DFb5f217cF99952A3c8","RSTR","uniswap","4","0xd7c6b28a844b56944b8657e4e4701455422ceef75490bdc51b7f90c892b12305","BUY","0x0000000000000000000000000000000000000000","0x3D7E39e5C40dAc0466541DFb5f217cF99952A3c8","500000000000000","2026-09-09T03:32:19.822Z","IDENTITY_READY","true","zero-x-swap","4663","25","0x0000000000000000000000000000000000000000","1250000000000","9900","10000","NOT_REACHED_UNFUNDED_WALLET","indicative","353820545333445266868847","FIRM_VERIFIED","insufficient_balance","0x1111111111111111111111111111111111111111","350318005301188691276282","0x0000000000001fF3684f28c67538d4D072C22734","0x0000000000001fF3684f28c67538d4D072C22734","0x39b38686A19836Ac10162c490E4558e120CbBE5f","0x99f5e8edaceacfdd183eb5f1da8a7757b322495b80cf7928db289a1b1a09f799","0xb6c0bf3b83bc9ae4f6ed65a4f5f6c188eb3e4258d8d3b3705dff4ac02ed4a966","0xd1e7795061872a057a7c0e12b7fe91a441111cb7a2e60644404e96f6ae8d244d","{\"status\":\"PASS\",\"mode\":\"ETH_CALL_EPHEMERAL_FUNDING\",\"walletAuthority\":false,\"blockNumber\":\"58227975\",\"blockHash\":\"0x80852015254ead1574aac42f15b552888c41c9686dd72fc93b6a3fe47f84291f\",\"errorCode\":null,\"errorSelector\":null,\"calldataHash\":\"0xd1e7795061872a057a7c0e12b7fe91a441111cb7a2e60644404e96f6ae8d244d\",\"gasLimit\":\"1689525\",\"gasPrice\":\"247313250\",\"transactionTarget\":\"0x0000000000001fF3684f28c67538d4D072C22734\",\"transactionValue\":\"500000000000000\",\"protectedOutput\":\"350318005301188691276282\",\"exactEnvelopePreserved\":true}","2","[200,200]"
"24","24","5272840","0x3D7E39e5C40dAc0466541DFb5f217cF99952A3c8","RSTR","uniswap","4","0xd7c6b28a844b56944b8657e4e4701455422ceef75490bdc51b7f90c892b12305","SELL","0x3D7E39e5C40dAc0466541DFb5f217cF99952A3c8","0x0000000000000000000000000000000000000000","353820545333445266868847","2026-09-09T03:32:21.739Z","IDENTITY_READY","true","zero-x-swap","4663","25","0x3D7E39e5C40dAc0466541DFb5f217cF99952A3c8","884551363333613167172","9900","10000","NOT_REACHED","temporarily_unavailable","","ZEROX_UNAVAILABLE","","","","","","","","","","","1","[400]"
"25","25","5272840","0x3b4E41bfb6a9AaEFA4a2e07cA0e45D630D8b72A5","MONID","uniswap","2","0xa21b4456256ffbb9b6ceaf6acf4369e7c2abb105","BUY","0x0000000000000000000000000000000000000000","0x3b4E41bfb6a9AaEFA4a2e07cA0e45D630D8b72A5","500000000000000","2026-09-09T03:32:25.985Z","IDENTITY_READY","true","zero-x-swap","4663","25","0x0000000000000000000000000000000000000000","1250000000000","9900","10000","NOT_REACHED_UNFUNDED_WALLET","indicative","204916195347268506756227","FIRM_VERIFIED","insufficient_balance","0x1111111111111111111111111111111111111111","202887525013330548533175","0x0000000000001fF3684f28c67538d4D072C22734","0x0000000000001fF3684f28c67538d4D072C22734","0x39b38686A19836Ac10162c490E4558e120CbBE5f","0x99f5e8edaceacfdd183eb5f1da8a7757b322495b80cf7928db289a1b1a09f799","0xb6c0bf3b83bc9ae4f6ed65a4f5f6c188eb3e4258d8d3b3705dff4ac02ed4a966","0x77be97512fda852346f73a472d5c91232943aa4feb5ae364f16933a5e6907f0f","{\"status\":\"PASS\",\"mode\":\"ETH_CALL_EPHEMERAL_FUNDING\",\"walletAuthority\":false,\"blockNumber\":\"58228035\",\"blockHash\":\"0x49b149afb3c963b57063089ceafce036cd5e8637fe28e12ed9f2f2c047a61e56\",\"errorCode\":null,\"errorSelector\":null,\"calldataHash\":\"0x77be97512fda852346f73a472d5c91232943aa4feb5ae364f16933a5e6907f0f\",\"gasLimit\":\"693005\",\"gasPrice\":\"246957750\",\"transactionTarget\":\"0x0000000000001fF3684f28c67538d4D072C22734\",\"transactionValue\":\"500000000000000\",\"protectedOutput\":\"202887525013330548533175\",\"exactEnvelopePreserved\":true}","2","[200,200]"
"25","25","5272840","0x3b4E41bfb6a9AaEFA4a2e07cA0e45D630D8b72A5","MONID","uniswap","2","0xa21b4456256ffbb9b6ceaf6acf4369e7c2abb105","SELL","0x3b4E41bfb6a9AaEFA4a2e07cA0e45D630D8b72A5","0x0000000000000000000000000000000000000000","204916195347268506756227","2026-09-09T03:32:27.772Z","IDENTITY_READY","true","zero-x-swap","4663","25","0x3b4E41bfb6a9AaEFA4a2e07cA0e45D630D8b72A5","512290488368171266891","9900","10000","NOT_REACHED","no_route","","ZEROX_NO_ROUTE","","","","","","","","","","","1","[200]"
"26","26","5272840","0xC1a0503d0Aa0054a87De4364d10dF813553bd25e","LATT","uniswap","3","0x952933884041d7a928ffd94a2ce2c80ac6008372","BUY","0x0000000000000000000000000000000000000000","0xC1a0503d0Aa0054a87De4364d10dF813553bd25e","500000000000000","2026-09-09T03:32:31.955Z","IDENTITY_READY","true","zero-x-swap","4663","25","0x0000000000000000000000000000000000000000","1250000000000","9900","10000","NOT_REACHED_UNFUNDED_WALLET","indicative","3960828074818930113656","FIRM_VERIFIED","insufficient_balance","0x1111111111111111111111111111111111111111","3921615876878222701911","0x0000000000001fF3684f28c67538d4D072C22734","0x0000000000001fF3684f28c67538d4D072C22734","0x39b38686A19836Ac10162c490E4558e120CbBE5f","0x99f5e8edaceacfdd183eb5f1da8a7757b322495b80cf7928db289a1b1a09f799","0xb6c0bf3b83bc9ae4f6ed65a4f5f6c188eb3e4258d8d3b3705dff4ac02ed4a966","0xf5bdfe11d5a8aa1a20241c9ffc80f5c576d718effab6b6d0c2618b10ce06c9b2","{\"status\":\"PASS\",\"mode\":\"ETH_CALL_EPHEMERAL_FUNDING\",\"walletAuthority\":false,\"blockNumber\":\"58228095\",\"blockHash\":\"0x1ff554d0de5eb3ca63080de841e4888a292c076af5a1610411564e695684fdcc\",\"errorCode\":null,\"errorSelector\":null,\"calldataHash\":\"0xf5bdfe11d5a8aa1a20241c9ffc80f5c576d718effab6b6d0c2618b10ce06c9b2\",\"gasLimit\":\"443256\",\"gasPrice\":\"246917250\",\"transactionTarget\":\"0x0000000000001fF3684f28c67538d4D072C22734\",\"transactionValue\":\"500000000000000\",\"protectedOutput\":\"3921615876878222701911\",\"exactEnvelopePreserved\":true}","2","[200,200]"
"26","26","5272840","0xC1a0503d0Aa0054a87De4364d10dF813553bd25e","LATT","uniswap","3","0x952933884041d7a928ffd94a2ce2c80ac6008372","SELL","0xC1a0503d0Aa0054a87De4364d10dF813553bd25e","0x0000000000000000000000000000000000000000","3960828074818930113656","2026-09-09T03:32:33.680Z","IDENTITY_READY","true","zero-x-swap","4663","25","0xC1a0503d0Aa0054a87De4364d10dF813553bd25e","9902070187047325284","9900","10000","NOT_REACHED","no_route","","ZEROX_NO_ROUTE","","","","","","","","","","","1","[200]"
"27","27","5272840","0x7999Dcc54e539D974fb5d329BB369E0777881C30","ONE","uniswap","4","0x2efc2de0a197a81da37459c405c32cb2e5b50cf15514f1b6006fdd5244458ed6","BUY","0x0000000000000000000000000000000000000000","0x7999Dcc54e539D974fb5d329BB369E0777881C30","500000000000000","2026-09-09T03:32:39.297Z","IDENTITY_READY","true","zero-x-swap","4663","25","0x0000000000000000000000000000000000000000","1250000000000","9900","10000","NOT_REACHED_UNFUNDED_WALLET","indicative","61881730768555581286746","FIRM_VERIFIED","insufficient_balance","0x1111111111111111111111111111111111111111","61269101633946881025328","0x0000000000001fF3684f28c67538d4D072C22734","0x0000000000001fF3684f28c67538d4D072C22734","0x39b38686A19836Ac10162c490E4558e120CbBE5f","0x99f5e8edaceacfdd183eb5f1da8a7757b322495b80cf7928db289a1b1a09f799","0xb6c0bf3b83bc9ae4f6ed65a4f5f6c188eb3e4258d8d3b3705dff4ac02ed4a966","0x2da47ad653e658b98c94da6bbfda4ed41b8f641899afc9cdff95e7668e3c9f0e","{\"status\":\"PASS\",\"mode\":\"ETH_CALL_EPHEMERAL_FUNDING\",\"walletAuthority\":false,\"blockNumber\":\"58228170\",\"blockHash\":\"0xf8fd1bee8f944fcc3dac0ea4456b5ce8887af8ccd9320dbd80084cb1a05faff6\",\"errorCode\":null,\"errorSelector\":null,\"calldataHash\":\"0x2da47ad653e658b98c94da6bbfda4ed41b8f641899afc9cdff95e7668e3c9f0e\",\"gasLimit\":\"2416419\",\"gasPrice\":\"248366250\",\"transactionTarget\":\"0x0000000000001fF3684f28c67538d4D072C22734\",\"transactionValue\":\"500000000000000\",\"protectedOutput\":\"61269101633946881025328\",\"exactEnvelopePreserved\":true}","2","[200,200]"
"27","27","5272840","0x7999Dcc54e539D974fb5d329BB369E0777881C30","ONE","uniswap","4","0x2efc2de0a197a81da37459c405c32cb2e5b50cf15514f1b6006fdd5244458ed6","SELL","0x7999Dcc54e539D974fb5d329BB369E0777881C30","0x0000000000000000000000000000000000000000","61881730768555581286746","2026-09-09T03:32:41.401Z","IDENTITY_READY","true","zero-x-swap","4663","25","0x7999Dcc54e539D974fb5d329BB369E0777881C30","154704326921388953217","9900","10000","NOT_REACHED_UNFUNDED_WALLET","indicative","1751846981950","FIRM_VERIFIED","insufficient_balance","0x1111111111111111111111111111111111111111","1734477642820","0x0000000000001fF3684f28c67538d4D072C22734","0x0000000000001fF3684f28c67538d4D072C22734","0x39b38686A19836Ac10162c490E4558e120CbBE5f","0x99f5e8edaceacfdd183eb5f1da8a7757b322495b80cf7928db289a1b1a09f799","0xb6c0bf3b83bc9ae4f6ed65a4f5f6c188eb3e4258d8d3b3705dff4ac02ed4a966","0xe88811942f62094f807c2ca505599b7fe0832ae568c48a9ca8cc254a44a1c583","{\"status\":\"UNSUPPORTED_TOKEN_STORAGE_LAYOUT\",\"mode\":\"ETH_CALL_EPHEMERAL_FUNDING\",\"walletAuthority\":false,\"blockNumber\":\"58228195\",\"blockHash\":\"0xc8eeb94a8c17c461b0c8a1e9aace76127ef99accb35875b8ea72d8624dfde809\"}","2","[200,200]"
"28","28","5272840","0xf0821f2BF570ca4e7499a9Ed9dB7C788FED9946f","PEEP","uniswap","2","0xe70dd15481ba143f145fbe23e8916236d554d3c7","BUY","0x0000000000000000000000000000000000000000","0xf0821f2BF570ca4e7499a9Ed9dB7C788FED9946f","500000000000000","2026-09-09T03:32:48.460Z","IDENTITY_READY","true","zero-x-swap","4663","25","0x0000000000000000000000000000000000000000","1250000000000","9900","10000","NOT_REACHED_UNFUNDED_WALLET","indicative","57865603150828389705930","FIRM_VERIFIED","insufficient_balance","0x1111111111111111111111111111111111111111","57292733679635188641970","0x0000000000001fF3684f28c67538d4D072C22734","0x0000000000001fF3684f28c67538d4D072C22734","0x39b38686A19836Ac10162c490E4558e120CbBE5f","0x99f5e8edaceacfdd183eb5f1da8a7757b322495b80cf7928db289a1b1a09f799","0xb6c0bf3b83bc9ae4f6ed65a4f5f6c188eb3e4258d8d3b3705dff4ac02ed4a966","0x5ca4e9ab69e072932add71ea87a5bb8745524a3c42d3c9db14a038eed71372ab","{\"status\":\"PASS\",\"mode\":\"ETH_CALL_EPHEMERAL_FUNDING\",\"walletAuthority\":false,\"blockNumber\":\"58228260\",\"blockHash\":\"0x789605ac2e41570ce6865ab16322782757d1354cac1c66b66a927a19a2a1a03a\",\"errorCode\":null,\"errorSelector\":null,\"calldataHash\":\"0x5ca4e9ab69e072932add71ea87a5bb8745524a3c42d3c9db14a038eed71372ab\",\"gasLimit\":\"313800\",\"gasPrice\":\"248280750\",\"transactionTarget\":\"0x0000000000001fF3684f28c67538d4D072C22734\",\"transactionValue\":\"500000000000000\",\"protectedOutput\":\"57292733679635188641970\",\"exactEnvelopePreserved\":true}","2","[200,200]"
"28","28","5272840","0xf0821f2BF570ca4e7499a9Ed9dB7C788FED9946f","PEEP","uniswap","2","0xe70dd15481ba143f145fbe23e8916236d554d3c7","SELL","0xf0821f2BF570ca4e7499a9Ed9dB7C788FED9946f","0x0000000000000000000000000000000000000000","57865603150828389705930","2026-09-09T03:32:50.275Z","IDENTITY_READY","true","zero-x-swap","4663","25","0xf0821f2BF570ca4e7499a9Ed9dB7C788FED9946f","144664007877070974265","9900","10000","NOT_REACHED_UNFUNDED_WALLET","indicative","492904631071920","FIRM_VERIFIED","insufficient_balance","0x1111111111111111111111111111111111111111","488017544594592","0x0000000000001fF3684f28c67538d4D072C22734","0x0000000000001fF3684f28c67538d4D072C22734","0x39b38686A19836Ac10162c490E4558e120CbBE5f","0x99f5e8edaceacfdd183eb5f1da8a7757b322495b80cf7928db289a1b1a09f799","0xb6c0bf3b83bc9ae4f6ed65a4f5f6c188eb3e4258d8d3b3705dff4ac02ed4a966","0xcd7941d0fbc3d83cbd6f0a613435f1bc97c667865a8483b809041a602a4d5d91","{\"status\":\"PASS\",\"mode\":\"ETH_CALL_EPHEMERAL_FUNDING\",\"walletAuthority\":false,\"blockNumber\":\"58228275\",\"blockHash\":\"0xf14a111f96a8c4384e9eef36c460cd837c5edd5225b41b4c4999c25f96702031\",\"balanceSlot\":\"0xf043c50fe795c69f30b8ff78b84032dc53a9d87ca283ae10a1dacfbb648e83ef\",\"allowanceSlot\":\"0x8633cf2d93cf08d5beab4385c45958edebafa053650c03b0a14121e3dde9d80f\",\"allowanceSpender\":\"0x0000000000001fF3684f28c67538d4D072C22734\",\"allowanceAtomic\":\"57865603150828389705930\",\"errorCode\":null,\"errorSelector\":null,\"calldataHash\":\"0xcd7941d0fbc3d83cbd6f0a613435f1bc97c667865a8483b809041a602a4d5d91\",\"gasLimit\":\"290892\",\"gasPrice\":\"247502250\",\"transactionTarget\":\"0x0000000000001fF3684f28c67538d4D072C22734\",\"transactionValue\":\"0\",\"protectedOutput\":\"488017544594592\",\"exactEnvelopePreserved\":true}","2","[200,200]"
"29","29","5272840","0x8dDaa5fc541E786184b313A8013Bf418fb1B859D","のリス","uniswap","3","0x3d64931654ed91a06c95cf0f88210d71f389dcf5","BUY","0x0000000000000000000000000000000000000000","0x8dDaa5fc541E786184b313A8013Bf418fb1B859D","500000000000000","2026-09-09T03:32:55.688Z","IDENTITY_READY","true","zero-x-swap","4663","25","0x0000000000000000000000000000000000000000","1250000000000","9900","10000","NOT_REACHED","no_route","","ZEROX_NO_ROUTE","","","","","","","","","","","1","[200]"
"29","29","5272840","0x8dDaa5fc541E786184b313A8013Bf418fb1B859D","のリス","uniswap","3","0x3d64931654ed91a06c95cf0f88210d71f389dcf5","SELL","0x8dDaa5fc541E786184b313A8013Bf418fb1B859D","0x0000000000000000000000000000000000000000","1000000000000000000","2026-09-09T03:32:56.509Z","IDENTITY_READY","true","zero-x-swap","4663","25","0x8dDaa5fc541E786184b313A8013Bf418fb1B859D","2500000000000000","9900","10000","NOT_REACHED","no_route","","ZEROX_NO_ROUTE","","","","","","","","","","","1","[200]"
"30","30","5272840","0x27db70125A1645d9bab26b53Abd1DdAdD645B429","haMSTR","uniswap","4","0x927d5fe5f940d53bb2de818e9ff447e1a44670a5cc25fe2b12def58ca06d2243","BUY","0x0000000000000000000000000000000000000000","0x27db70125A1645d9bab26b53Abd1DdAdD645B429","500000000000000","2026-09-09T03:33:01.092Z","IDENTITY_READY","true","zero-x-swap","4663","25","0x0000000000000000000000000000000000000000","1250000000000","9900","10000","NOT_REACHED","no_route","","ZEROX_NO_ROUTE","","","","","","","","","","","1","[200]"
"30","30","5272840","0x27db70125A1645d9bab26b53Abd1DdAdD645B429","haMSTR","uniswap","4","0x927d5fe5f940d53bb2de818e9ff447e1a44670a5cc25fe2b12def58ca06d2243","SELL","0x27db70125A1645d9bab26b53Abd1DdAdD645B429","0x0000000000000000000000000000000000000000","2064435513060897034774","2026-09-09T03:33:02.045Z","IDENTITY_READY","true","zero-x-swap","4663","25","0x27db70125A1645d9bab26b53Abd1DdAdD645B429","5161088782652242587","9900","10000","NOT_REACHED","no_route","","ZEROX_NO_ROUTE","","","","","","","","","","","1","[200]"
"31","31","5272840","0xc6911796042b15d7Fa4F6CDe69e245DdCd3d9c31","VIRTUAL","uniswap","2","0x0794c9c35f9365ee49dbae32aba718da472fd8db","BUY","0x0000000000000000000000000000000000000000","0xc6911796042b15d7Fa4F6CDe69e245DdCd3d9c31","500000000000000","2026-09-09T03:33:06.350Z","IDENTITY_READY","true","zero-x-swap","4663","25","0x0000000000000000000000000000000000000000","1250000000000","9900","10000","NOT_REACHED_UNFUNDED_WALLET","indicative","1764058232329823689","FIRM_VERIFIED","insufficient_balance","0x1111111111111111111111111111111111111111","1746594055829754782","0x0000000000001fF3684f28c67538d4D072C22734","0x0000000000001fF3684f28c67538d4D072C22734","0x39b38686A19836Ac10162c490E4558e120CbBE5f","0x99f5e8edaceacfdd183eb5f1da8a7757b322495b80cf7928db289a1b1a09f799","0xb6c0bf3b83bc9ae4f6ed65a4f5f6c188eb3e4258d8d3b3705dff4ac02ed4a966","0x0bcf4abc3662dea3457172e5d889ac74583fff6e216edb9a0e1c512d51e15e34","{\"status\":\"PASS\",\"mode\":\"ETH_CALL_EPHEMERAL_FUNDING\",\"walletAuthority\":false,\"blockNumber\":\"58228440\",\"blockHash\":\"0x3690d0739df37ce612cb5f9f1a9181371998669c9c2834fa172adee07129b7e3\",\"errorCode\":null,\"errorSelector\":null,\"calldataHash\":\"0x0bcf4abc3662dea3457172e5d889ac74583fff6e216edb9a0e1c512d51e15e34\",\"gasLimit\":\"313060\",\"gasPrice\":\"248541750\",\"transactionTarget\":\"0x0000000000001fF3684f28c67538d4D072C22734\",\"transactionValue\":\"500000000000000\",\"protectedOutput\":\"1746594055829754782\",\"exactEnvelopePreserved\":true}","2","[200,200]"
"31","31","5272840","0xc6911796042b15d7Fa4F6CDe69e245DdCd3d9c31","VIRTUAL","uniswap","2","0x0794c9c35f9365ee49dbae32aba718da472fd8db","SELL","0xc6911796042b15d7Fa4F6CDe69e245DdCd3d9c31","0x0000000000000000000000000000000000000000","1764058232329823689","2026-09-09T03:33:08.522Z","IDENTITY_READY","true","zero-x-swap","4663","25","0xc6911796042b15d7Fa4F6CDe69e245DdCd3d9c31","4410145580824559","9900","10000","NOT_REACHED_UNFUNDED_WALLET","indicative","493039278377550","FIRM_VERIFIED","insufficient_balance","0x1111111111111111111111111111111111111111","488150856889380","0x0000000000001fF3684f28c67538d4D072C22734","0x0000000000001fF3684f28c67538d4D072C22734","0x39b38686A19836Ac10162c490E4558e120CbBE5f","0x99f5e8edaceacfdd183eb5f1da8a7757b322495b80cf7928db289a1b1a09f799","0xb6c0bf3b83bc9ae4f6ed65a4f5f6c188eb3e4258d8d3b3705dff4ac02ed4a966","0xb489be2d4b171143deb9a9f78048e9bf9c51ef67b8de405134ddf6c218b26697","{\"status\":\"PASS\",\"mode\":\"ETH_CALL_EPHEMERAL_FUNDING\",\"walletAuthority\":false,\"blockNumber\":\"58228455\",\"blockHash\":\"0xeedfa459a8ea3a29cafe57d219b970f4bb5a033e6adc64440ec3c6d7a646743c\",\"balanceSlot\":\"0xf043c50fe795c69f30b8ff78b84032dc53a9d87ca283ae10a1dacfbb648e83ef\",\"allowanceSlot\":\"0x8633cf2d93cf08d5beab4385c45958edebafa053650c03b0a14121e3dde9d80f\",\"allowanceSpender\":\"0x0000000000001fF3684f28c67538d4D072C22734\",\"allowanceAtomic\":\"1764058232329823689\",\"errorCode\":null,\"errorSelector\":null,\"calldataHash\":\"0xb489be2d4b171143deb9a9f78048e9bf9c51ef67b8de405134ddf6c218b26697\",\"gasLimit\":\"312736\",\"gasPrice\":\"247943250\",\"transactionTarget\":\"0x0000000000001fF3684f28c67538d4D072C22734\",\"transactionValue\":\"0\",\"protectedOutput\":\"488150856889380\",\"exactEnvelopePreserved\":true}","2","[200,200]"
"32","32","5272840","0xf0E17e54239CD945Cd7bEa471a3a2CA6a8C7f7A3","LEMON.FUN","uniswap","3","0x01fe057d1c5fb09a4ac02860758ddf26df9336b5","BUY","0x0000000000000000000000000000000000000000","0xf0E17e54239CD945Cd7bEa471a3a2CA6a8C7f7A3","500000000000000","2026-09-09T03:33:14.594Z","IDENTITY_READY","true","zero-x-swap","4663","25","0x0000000000000000000000000000000000000000","1250000000000","9900","10000","NOT_REACHED_UNFUNDED_WALLET","indicative","3343890778557772536814","FIRM_VERIFIED","insufficient_balance","0x1111111111111111111111111111111111111111","3310786259850050581953","0x0000000000001fF3684f28c67538d4D072C22734","0x0000000000001fF3684f28c67538d4D072C22734","0x39b38686A19836Ac10162c490E4558e120CbBE5f","0x99f5e8edaceacfdd183eb5f1da8a7757b322495b80cf7928db289a1b1a09f799","0xb6c0bf3b83bc9ae4f6ed65a4f5f6c188eb3e4258d8d3b3705dff4ac02ed4a966","0x50cb0deb7619ffc0b831447911d065064a9084b2c9d570f89c35c5bed2ddf47d","{\"status\":\"PASS\",\"mode\":\"ETH_CALL_EPHEMERAL_FUNDING\",\"walletAuthority\":false,\"blockNumber\":\"58228521\",\"blockHash\":\"0x90675a6266d90176e3bac62ac5d65096731e527190ceb51c05540287841f3b29\",\"errorCode\":null,\"errorSelector\":null,\"calldataHash\":\"0x50cb0deb7619ffc0b831447911d065064a9084b2c9d570f89c35c5bed2ddf47d\",\"gasLimit\":\"322985\",\"gasPrice\":\"249351750\",\"transactionTarget\":\"0x0000000000001fF3684f28c67538d4D072C22734\",\"transactionValue\":\"500000000000000\",\"protectedOutput\":\"3310786259850050581953\",\"exactEnvelopePreserved\":true}","2","[200,200]"
"32","32","5272840","0xf0E17e54239CD945Cd7bEa471a3a2CA6a8C7f7A3","LEMON.FUN","uniswap","3","0x01fe057d1c5fb09a4ac02860758ddf26df9336b5","SELL","0xf0E17e54239CD945Cd7bEa471a3a2CA6a8C7f7A3","0x0000000000000000000000000000000000000000","3343890778557772536814","2026-09-09T03:33:16.511Z","IDENTITY_READY","true","zero-x-swap","4663","25","0xf0E17e54239CD945Cd7bEa471a3a2CA6a8C7f7A3","8359726946394431342","9900","10000","NOT_REACHED_UNFUNDED_WALLET","indicative","486108877815220","FIRM_VERIFIED","insufficient_balance","0x1111111111111111111111111111111111111111","481289170363672","0x0000000000001fF3684f28c67538d4D072C22734","0x0000000000001fF3684f28c67538d4D072C22734","0x39b38686A19836Ac10162c490E4558e120CbBE5f","0x99f5e8edaceacfdd183eb5f1da8a7757b322495b80cf7928db289a1b1a09f799","0xb6c0bf3b83bc9ae4f6ed65a4f5f6c188eb3e4258d8d3b3705dff4ac02ed4a966","0x202edb71778b49166d9f49dc34c94fdeef814a8aadd7d5325dbd4844ced62df2","{\"status\":\"PASS\",\"mode\":\"ETH_CALL_EPHEMERAL_FUNDING\",\"walletAuthority\":false,\"blockNumber\":\"58228536\",\"blockHash\":\"0x07867f379b7f2a2cca9b238366aad11c7f6b2974ddefe826978537e416948bc7\",\"balanceSlot\":\"0xf043c50fe795c69f30b8ff78b84032dc53a9d87ca283ae10a1dacfbb648e83ef\",\"allowanceSlot\":\"0x8633cf2d93cf08d5beab4385c45958edebafa053650c03b0a14121e3dde9d80f\",\"allowanceSpender\":\"0x0000000000001fF3684f28c67538d4D072C22734\",\"allowanceAtomic\":\"3343890778557772536814\",\"errorCode\":null,\"errorSelector\":null,\"calldataHash\":\"0x202edb71778b49166d9f49dc34c94fdeef814a8aadd7d5325dbd4844ced62df2\",\"gasLimit\":\"329836\",\"gasPrice\":\"246710250\",\"transactionTarget\":\"0x0000000000001fF3684f28c67538d4D072C22734\",\"transactionValue\":\"0\",\"protectedOutput\":\"481289170363672\",\"exactEnvelopePreserved\":true}","2","[200,200]"
"33","33","5272840","0x890C6F78d70B59ee3c863dFc5bda2321d8E0992D","TESTER2","uniswap","4","0x260432a12b3cefb63f06ae3e5586fe63df62e168bd572338fdba7090c82bb052","BUY","0x0000000000000000000000000000000000000000","0x890C6F78d70B59ee3c863dFc5bda2321d8E0992D","500000000000000","2026-09-09T03:33:21.796Z","IDENTITY_READY","true","zero-x-swap","4663","25","0x0000000000000000000000000000000000000000","1250000000000","9900","10000","NOT_REACHED_UNFUNDED_WALLET","indicative","46168957729509012439530","FIRM_VERIFIED","insufficient_balance","0x1111111111111111111111111111111111111111","45711885047986873206943","0x0000000000001fF3684f28c67538d4D072C22734","0x0000000000001fF3684f28c67538d4D072C22734","0x39b38686A19836Ac10162c490E4558e120CbBE5f","0x99f5e8edaceacfdd183eb5f1da8a7757b322495b80cf7928db289a1b1a09f799","0xb6c0bf3b83bc9ae4f6ed65a4f5f6c188eb3e4258d8d3b3705dff4ac02ed4a966","0x28b67c0b88e4e01279abe7598c9ea6cc41012a57b2c92523e04171b9fa7fd5fd","{\"status\":\"PASS\",\"mode\":\"ETH_CALL_EPHEMERAL_FUNDING\",\"walletAuthority\":false,\"blockNumber\":\"58228590\",\"blockHash\":\"0x68ad9e30e94703f5731e4dd4bc8bc78855a2be6d809c3604aaba579dd575de9f\",\"errorCode\":null,\"errorSelector\":null,\"calldataHash\":\"0x28b67c0b88e4e01279abe7598c9ea6cc41012a57b2c92523e04171b9fa7fd5fd\",\"gasLimit\":\"1421946\",\"gasPrice\":\"248071500\",\"transactionTarget\":\"0x0000000000001fF3684f28c67538d4D072C22734\",\"transactionValue\":\"500000000000000\",\"protectedOutput\":\"45711885047986873206943\",\"exactEnvelopePreserved\":true}","2","[200,200]"
"33","33","5272840","0x890C6F78d70B59ee3c863dFc5bda2321d8E0992D","TESTER2","uniswap","4","0x260432a12b3cefb63f06ae3e5586fe63df62e168bd572338fdba7090c82bb052","SELL","0x890C6F78d70B59ee3c863dFc5bda2321d8E0992D","0x0000000000000000000000000000000000000000","46168957729509012439530","2026-09-09T03:33:23.721Z","IDENTITY_READY","true","zero-x-swap","4663","25","0x890C6F78d70B59ee3c863dFc5bda2321d8E0992D","115422394323772531099","9900","10000","NOT_REACHED","temporarily_unavailable","","ZEROX_UNAVAILABLE","","","","","","","","","","","1","[400]"
"34","34","5272840","0xf71c8578e8C065f21678C31A6639E765c8B0530A","BAGENT","uniswap","2","0xd75ac5369a3fc20e04bd7c22993978042e391998","BUY","0x0000000000000000000000000000000000000000","0xf71c8578e8C065f21678C31A6639E765c8B0530A","500000000000000","2026-09-09T03:33:28.152Z","IDENTITY_READY","true","zero-x-swap","4663","25","0x0000000000000000000000000000000000000000","1250000000000","9900","10000","NOT_REACHED_UNFUNDED_WALLET","indicative","201802102952725912751158","FIRM_VERIFIED","insufficient_balance","0x1111111111111111111111111111111111111111","199095890596841830180032","0x0000000000001fF3684f28c67538d4D072C22734","0x0000000000001fF3684f28c67538d4D072C22734","0x39b38686A19836Ac10162c490E4558e120CbBE5f","0x99f5e8edaceacfdd183eb5f1da8a7757b322495b80cf7928db289a1b1a09f799","0xb6c0bf3b83bc9ae4f6ed65a4f5f6c188eb3e4258d8d3b3705dff4ac02ed4a966","0xd152e6b642bc20e297f63798c1d327e6df7a57d26612ef98f6f90c5c4d50d485","{\"status\":\"PASS\",\"mode\":\"ETH_CALL_EPHEMERAL_FUNDING\",\"walletAuthority\":false,\"blockNumber\":\"58228650\",\"blockHash\":\"0xc9d70f577d3959b2c2d110edb54d41ce6a1b4739122b3e6c3ae6f39b82df4ce1\",\"errorCode\":null,\"errorSelector\":null,\"calldataHash\":\"0xd152e6b642bc20e297f63798c1d327e6df7a57d26612ef98f6f90c5c4d50d485\",\"gasLimit\":\"693005\",\"gasPrice\":\"247045500\",\"transactionTarget\":\"0x0000000000001fF3684f28c67538d4D072C22734\",\"transactionValue\":\"500000000000000\",\"protectedOutput\":\"199095890596841830180032\",\"exactEnvelopePreserved\":true}","2","[200,200]"
"34","34","5272840","0xf71c8578e8C065f21678C31A6639E765c8B0530A","BAGENT","uniswap","2","0xd75ac5369a3fc20e04bd7c22993978042e391998","SELL","0xf71c8578e8C065f21678C31A6639E765c8B0530A","0x0000000000000000000000000000000000000000","201802102952725912751158","2026-09-09T03:33:29.884Z","IDENTITY_READY","true","zero-x-swap","4663","25","0xf71c8578e8C065f21678C31A6639E765c8B0530A","504505257381814781878","9900","10000","NOT_REACHED","no_route","","ZEROX_NO_ROUTE","","","","","","","","","","","1","[200]"
"35","35","5272840","0x274117d3F589f0B6242402a3E37A7Be3c2f1C83e","のリス","uniswap","3","0xec3b27fbbf8feb74f1890400dd655753fc52e4cd","BUY","0x0000000000000000000000000000000000000000","0x274117d3F589f0B6242402a3E37A7Be3c2f1C83e","500000000000000","2026-09-09T03:33:34.941Z","IDENTITY_READY","true","zero-x-swap","4663","25","0x0000000000000000000000000000000000000000","1250000000000","9900","10000","NOT_REACHED_UNFUNDED_WALLET","indicative","110383343493059233485874","FIRM_VERIFIED","insufficient_balance","0x1111111111111111111111111111111111111111","109290548392477947068548","0x0000000000001fF3684f28c67538d4D072C22734","0x0000000000001fF3684f28c67538d4D072C22734","0x39b38686A19836Ac10162c490E4558e120CbBE5f","0x99f5e8edaceacfdd183eb5f1da8a7757b322495b80cf7928db289a1b1a09f799","0xb6c0bf3b83bc9ae4f6ed65a4f5f6c188eb3e4258d8d3b3705dff4ac02ed4a966","0xed9d11e145f1e0be5f85c1ca86b433f36dbb786b78e58569bb31033162eb0c1c","{\"status\":\"PASS\",\"mode\":\"ETH_CALL_EPHEMERAL_FUNDING\",\"walletAuthority\":false,\"blockNumber\":\"58228720\",\"blockHash\":\"0x0831e09788a68b9325772bde76a1c1073cda203c2e7169f594e6078826e733e1\",\"errorCode\":null,\"errorSelector\":null,\"calldataHash\":\"0xed9d11e145f1e0be5f85c1ca86b433f36dbb786b78e58569bb31033162eb0c1c\",\"gasLimit\":\"329664\",\"gasPrice\":\"249887250\",\"transactionTarget\":\"0x0000000000001fF3684f28c67538d4D072C22734\",\"transactionValue\":\"500000000000000\",\"protectedOutput\":\"109290548392477947068548\",\"exactEnvelopePreserved\":true}","2","[200,200]"
"35","35","5272840","0x274117d3F589f0B6242402a3E37A7Be3c2f1C83e","のリス","uniswap","3","0xec3b27fbbf8feb74f1890400dd655753fc52e4cd","SELL","0x274117d3F589f0B6242402a3E37A7Be3c2f1C83e","0x0000000000000000000000000000000000000000","110383343493059233485874","2026-09-09T03:33:36.721Z","IDENTITY_READY","true","zero-x-swap","4663","25","0x274117d3F589f0B6242402a3E37A7Be3c2f1C83e","275958358732648083715","9900","10000","NOT_REACHED_UNFUNDED_WALLET","indicative","495803084809995","FIRM_VERIFIED","insufficient_balance","0x1111111111111111111111111111111111111111","490887260533962","0x0000000000001fF3684f28c67538d4D072C22734","0x0000000000001fF3684f28c67538d4D072C22734","0x39b38686A19836Ac10162c490E4558e120CbBE5f","0x99f5e8edaceacfdd183eb5f1da8a7757b322495b80cf7928db289a1b1a09f799","0xb6c0bf3b83bc9ae4f6ed65a4f5f6c188eb3e4258d8d3b3705dff4ac02ed4a966","0xe1ac20bdbb0da1fb453a14ff33b692f5f5d146b0e75afeec2b2668595534cdaf","{\"status\":\"PASS\",\"mode\":\"ETH_CALL_EPHEMERAL_FUNDING\",\"walletAuthority\":false,\"blockNumber\":\"58228735\",\"blockHash\":\"0xf3e7221ca8c8dab2b76bb487c811a19b7ebb9054714af13d15b2e76f05a6198a\",\"balanceSlot\":\"0xf043c50fe795c69f30b8ff78b84032dc53a9d87ca283ae10a1dacfbb648e83ef\",\"allowanceSlot\":\"0x8633cf2d93cf08d5beab4385c45958edebafa053650c03b0a14121e3dde9d80f\",\"allowanceSpender\":\"0x0000000000001fF3684f28c67538d4D072C22734\",\"allowanceAtomic\":\"110383343493059233485874\",\"errorCode\":null,\"errorSelector\":null,\"calldataHash\":\"0xe1ac20bdbb0da1fb453a14ff33b692f5f5d146b0e75afeec2b2668595534cdaf\",\"gasLimit\":\"327808\",\"gasPrice\":\"249887250\",\"transactionTarget\":\"0x0000000000001fF3684f28c67538d4D072C22734\",\"transactionValue\":\"0\",\"protectedOutput\":\"490887260533962\",\"exactEnvelopePreserved\":true}","2","[200,200]"
"36","36","5272840","0x85E7F0721c103005A6287013081E26b6E8611E18","VENN","uniswap","4","0x9368555b6c975c5755b02fa3573b964ed4fe1b0650fefec69f28c9ed89aaeabb","BUY","0x0000000000000000000000000000000000000000","0x85E7F0721c103005A6287013081E26b6E8611E18","500000000000000","2026-09-09T03:33:43.023Z","IDENTITY_READY","true","zero-x-swap","4663","25","0x0000000000000000000000000000000000000000","1250000000000","9900","10000","NOT_REACHED_UNFUNDED_WALLET","indicative","58871618149839894845619","FIRM_VERIFIED","insufficient_balance","0x1111111111111111111111111111111111111111","58288789130156479881084","0x0000000000001fF3684f28c67538d4D072C22734","0x0000000000001fF3684f28c67538d4D072C22734","0x39b38686A19836Ac10162c490E4558e120CbBE5f","0x99f5e8edaceacfdd183eb5f1da8a7757b322495b80cf7928db289a1b1a09f799","0xb6c0bf3b83bc9ae4f6ed65a4f5f6c188eb3e4258d8d3b3705dff4ac02ed4a966","0xab6ce845baca16282e3c99f1b3dd53c8f736fe4e83761dcdb14c406d76b655d1","{\"status\":\"PASS\",\"mode\":\"ETH_CALL_EPHEMERAL_FUNDING\",\"walletAuthority\":false,\"blockNumber\":\"58228800\",\"blockHash\":\"0xdd88a3edd5a1230a55df6eeeab813a515c2deee739bc85aac43b8f6ef3a8a72d\",\"errorCode\":null,\"errorSelector\":null,\"calldataHash\":\"0xab6ce845baca16282e3c99f1b3dd53c8f736fe4e83761dcdb14c406d76b655d1\",\"gasLimit\":\"1321318\",\"gasPrice\":\"248091750\",\"transactionTarget\":\"0x0000000000001fF3684f28c67538d4D072C22734\",\"transactionValue\":\"500000000000000\",\"protectedOutput\":\"58288789130156479881084\",\"exactEnvelopePreserved\":true}","2","[200,200]"
"36","36","5272840","0x85E7F0721c103005A6287013081E26b6E8611E18","VENN","uniswap","4","0x9368555b6c975c5755b02fa3573b964ed4fe1b0650fefec69f28c9ed89aaeabb","SELL","0x85E7F0721c103005A6287013081E26b6E8611E18","0x0000000000000000000000000000000000000000","58871618149839894845619","2026-09-09T03:33:44.926Z","IDENTITY_READY","true","zero-x-swap","4663","25","0x85E7F0721c103005A6287013081E26b6E8611E18","147179045374599737114","9900","10000","NOT_REACHED","no_route","","ZEROX_NO_ROUTE","","","","","","","","","","","1","[200]"
"37","37","5272840","0xdf07A5ddBeAa98f06388bC48186a52bD67a87E8B","VOODOO","uniswap","2","0x0794c9c35f9365ee49dbae32aba718da472fd8db","BUY","0x0000000000000000000000000000000000000000","0xdf07A5ddBeAa98f06388bC48186a52bD67a87E8B","500000000000000","2026-09-09T03:33:49.638Z","IDENTITY_READY","true","zero-x-swap","4663","25","0x0000000000000000000000000000000000000000","1250000000000","9900","10000","NOT_REACHED_UNFUNDED_WALLET","indicative","204839824570770605293263","FIRM_VERIFIED","insufficient_balance","0x1111111111111111111111111111111111111111","202811910307519976297629","0x0000000000001fF3684f28c67538d4D072C22734","0x0000000000001fF3684f28c67538d4D072C22734","0x39b38686A19836Ac10162c490E4558e120CbBE5f","0x99f5e8edaceacfdd183eb5f1da8a7757b322495b80cf7928db289a1b1a09f799","0xb6c0bf3b83bc9ae4f6ed65a4f5f6c188eb3e4258d8d3b3705dff4ac02ed4a966","0xc5f46ced47812dd89868e6e96986c5d71042c8e94645a324898c92bf7527f21c","{\"status\":\"PASS\",\"mode\":\"ETH_CALL_EPHEMERAL_FUNDING\",\"walletAuthority\":false,\"blockNumber\":\"58228864\",\"blockHash\":\"0xdb10346182d615201965675642e16f6cd109041fb219dd0ca083dc00655e3799\",\"errorCode\":null,\"errorSelector\":null,\"calldataHash\":\"0xc5f46ced47812dd89868e6e96986c5d71042c8e94645a324898c92bf7527f21c\",\"gasLimit\":\"692993\",\"gasPrice\":\"247252500\",\"transactionTarget\":\"0x0000000000001fF3684f28c67538d4D072C22734\",\"transactionValue\":\"500000000000000\",\"protectedOutput\":\"202811910307519976297629\",\"exactEnvelopePreserved\":true}","2","[200,200]"
"37","37","5272840","0xdf07A5ddBeAa98f06388bC48186a52bD67a87E8B","VOODOO","uniswap","2","0x0794c9c35f9365ee49dbae32aba718da472fd8db","SELL","0xdf07A5ddBeAa98f06388bC48186a52bD67a87E8B","0x0000000000000000000000000000000000000000","204839824570770605293263","2026-09-09T03:33:51.371Z","IDENTITY_READY","true","zero-x-swap","4663","25","0xdf07A5ddBeAa98f06388bC48186a52bD67a87E8B","512099561426926513233","9900","10000","NOT_REACHED","no_route","","ZEROX_NO_ROUTE","","","","","","","","","","","1","[200]"
"38","38","5272840","0x020bfC650A365f8BB26819deAAbF3E21291018b4","CASHCAT","uniswap","3","0xa70fc67c9f69da90b63a0e4c05d229954574e313","BUY","0x0000000000000000000000000000000000000000","0x020bfC650A365f8BB26819deAAbF3E21291018b4","500000000000000","2026-09-09T03:33:55.745Z","IDENTITY_READY","true","zero-x-swap","4663","25","0x0000000000000000000000000000000000000000","1250000000000","9900","10000","NOT_REACHED_UNFUNDED_WALLET","indicative","6716583734949600787","FIRM_VERIFIED","insufficient_balance","0x1111111111111111111111111111111111111111","6650089555973598960","0x0000000000001fF3684f28c67538d4D072C22734","0x0000000000001fF3684f28c67538d4D072C22734","0x39b38686A19836Ac10162c490E4558e120CbBE5f","0x99f5e8edaceacfdd183eb5f1da8a7757b322495b80cf7928db289a1b1a09f799","0xb6c0bf3b83bc9ae4f6ed65a4f5f6c188eb3e4258d8d3b3705dff4ac02ed4a966","0xf75351aa5e5d5a79e4cb60947ef3e5e0721ca2db7520e6e1b2a4c884f5e63f39","{\"status\":\"PASS\",\"mode\":\"ETH_CALL_EPHEMERAL_FUNDING\",\"walletAuthority\":false,\"blockNumber\":\"58228925\",\"blockHash\":\"0xe0f28e013a01015b801e897e84a9eb61eac9c43de76cd2f47f805bba120fac6d\",\"errorCode\":null,\"errorSelector\":null,\"calldataHash\":\"0xf75351aa5e5d5a79e4cb60947ef3e5e0721ca2db7520e6e1b2a4c884f5e63f39\",\"gasLimit\":\"321512\",\"gasPrice\":\"249133500\",\"transactionTarget\":\"0x0000000000001fF3684f28c67538d4D072C22734\",\"transactionValue\":\"500000000000000\",\"protectedOutput\":\"6650089555973598960\",\"exactEnvelopePreserved\":true}","2","[200,200]"
"38","38","5272840","0x020bfC650A365f8BB26819deAAbF3E21291018b4","CASHCAT","uniswap","3","0xa70fc67c9f69da90b63a0e4c05d229954574e313","SELL","0x020bfC650A365f8BB26819deAAbF3E21291018b4","0x0000000000000000000000000000000000000000","6716583734949600787","2026-09-09T03:33:57.538Z","IDENTITY_READY","true","zero-x-swap","4663","25","0x020bfC650A365f8BB26819deAAbF3E21291018b4","16791459337374002","9900","10000","NOT_REACHED_UNFUNDED_WALLET","indicative","493039989509250","FIRM_VERIFIED","insufficient_balance","0x1111111111111111111111111111111111111111","488151560970300","0x0000000000001fF3684f28c67538d4D072C22734","0x0000000000001fF3684f28c67538d4D072C22734","0x39b38686A19836Ac10162c490E4558e120CbBE5f","0x99f5e8edaceacfdd183eb5f1da8a7757b322495b80cf7928db289a1b1a09f799","0xb6c0bf3b83bc9ae4f6ed65a4f5f6c188eb3e4258d8d3b3705dff4ac02ed4a966","0x1a184469cec0bc59f0fb704dc99d218df42336eeb9da98463dbabc2cb30db11a","{\"status\":\"PASS\",\"mode\":\"ETH_CALL_EPHEMERAL_FUNDING\",\"walletAuthority\":false,\"blockNumber\":\"58228940\",\"blockHash\":\"0x57465299072b65991baccf8c02d4b4857478d9c5ee6165476a7c6dbeabf07e8c\",\"balanceSlot\":\"0xf043c50fe795c69f30b8ff78b84032dc53a9d87ca283ae10a1dacfbb648e83ef\",\"allowanceSlot\":\"0x8633cf2d93cf08d5beab4385c45958edebafa053650c03b0a14121e3dde9d80f\",\"allowanceSpender\":\"0x0000000000001fF3684f28c67538d4D072C22734\",\"allowanceAtomic\":\"6716583734949600787\",\"errorCode\":null,\"errorSelector\":null,\"calldataHash\":\"0x1a184469cec0bc59f0fb704dc99d218df42336eeb9da98463dbabc2cb30db11a\",\"gasLimit\":\"320426\",\"gasPrice\":\"249606000\",\"transactionTarget\":\"0x0000000000001fF3684f28c67538d4D072C22734\",\"transactionValue\":\"0\",\"protectedOutput\":\"488151560970300\",\"exactEnvelopePreserved\":true}","2","[200,200]"
"39","39","5272840","0x70A49A7Aa2150E344800cbE63e455F32B89b1701","MOTO","uniswap","4","0xc99752e4f4c40e86ea924ed90fd37410176f4e7abb7c804caacb55a1771ca805","BUY","0x0000000000000000000000000000000000000000","0x70A49A7Aa2150E344800cbE63e455F32B89b1701","500000000000000","2026-09-09T03:34:03.509Z","IDENTITY_READY","true","zero-x-swap","4663","25","0x0000000000000000000000000000000000000000","1250000000000","9900","10000","NOT_REACHED_UNFUNDED_WALLET","indicative","296327485730758034237062","FIRM_VERIFIED","insufficient_balance","0x1111111111111111111111111111111111111111","293393843622023529691123","0x0000000000001fF3684f28c67538d4D072C22734","0x0000000000001fF3684f28c67538d4D072C22734","0x39b38686A19836Ac10162c490E4558e120CbBE5f","0x99f5e8edaceacfdd183eb5f1da8a7757b322495b80cf7928db289a1b1a09f799","0xb6c0bf3b83bc9ae4f6ed65a4f5f6c188eb3e4258d8d3b3705dff4ac02ed4a966","0xdad67cd0b90af94b82a6f89176cdcb88225f353d29d5ad22e8b85fb875b6f805","{\"status\":\"PASS\",\"mode\":\"ETH_CALL_EPHEMERAL_FUNDING\",\"walletAuthority\":false,\"blockNumber\":\"58228999\",\"blockHash\":\"0x8b280f7c20125436de2ffab08522c5d141411e267d48dcc156e11b536be6c898\",\"errorCode\":null,\"errorSelector\":null,\"calldataHash\":\"0xdad67cd0b90af94b82a6f89176cdcb88225f353d29d5ad22e8b85fb875b6f805\",\"gasLimit\":\"903668\",\"gasPrice\":\"247970250\",\"transactionTarget\":\"0x0000000000001fF3684f28c67538d4D072C22734\",\"transactionValue\":\"500000000000000\",\"protectedOutput\":\"293393843622023529691123\",\"exactEnvelopePreserved\":true}","2","[200,200]"
"39","39","5272840","0x70A49A7Aa2150E344800cbE63e455F32B89b1701","MOTO","uniswap","4","0xc99752e4f4c40e86ea924ed90fd37410176f4e7abb7c804caacb55a1771ca805","SELL","0x70A49A7Aa2150E344800cbE63e455F32B89b1701","0x0000000000000000000000000000000000000000","296327485730758034237062","2026-09-09T03:34:05.354Z","IDENTITY_READY","true","zero-x-swap","4663","25","0x70A49A7Aa2150E344800cbE63e455F32B89b1701","740818714326895085593","9900","10000","NOT_REACHED","no_route","","ZEROX_NO_ROUTE","","","","","","","","","","","1","[200]"
"40","40","5272840","0x4e7891E5F4EA0e0265eE5C2f5241990Fc268E269","PUGCOIN","uniswap","3","0xb581e7b503084056f2fc67524cba2a7b0345f90c","BUY","0x0000000000000000000000000000000000000000","0x4e7891E5F4EA0e0265eE5C2f5241990Fc268E269","500000000000000","2026-09-09T03:34:09.970Z","IDENTITY_READY","true","zero-x-swap","4663","25","0x0000000000000000000000000000000000000000","1250000000000","9900","10000","NOT_REACHED_UNFUNDED_WALLET","indicative","420284933368485041786299","FIRM_VERIFIED","insufficient_balance","0x1111111111111111111111111111111111111111","416124112528137039866378","0x0000000000001fF3684f28c67538d4D072C22734","0x0000000000001fF3684f28c67538d4D072C22734","0x39b38686A19836Ac10162c490E4558e120CbBE5f","0x99f5e8edaceacfdd183eb5f1da8a7757b322495b80cf7928db289a1b1a09f799","0xb6c0bf3b83bc9ae4f6ed65a4f5f6c188eb3e4258d8d3b3705dff4ac02ed4a966","0x58ca629120adae002225b8dae57a208cb1d73266e97a7e322ff90d1a1fc8f0a4","{\"status\":\"PASS\",\"mode\":\"ETH_CALL_EPHEMERAL_FUNDING\",\"walletAuthority\":false,\"blockNumber\":\"58229064\",\"blockHash\":\"0xf87d8551bc384a4832fd80a5065fba03ff657eb60aaf007929f5ec454e3f9614\",\"errorCode\":null,\"errorSelector\":null,\"calldataHash\":\"0x58ca629120adae002225b8dae57a208cb1d73266e97a7e322ff90d1a1fc8f0a4\",\"gasLimit\":\"465242\",\"gasPrice\":\"249846750\",\"transactionTarget\":\"0x0000000000001fF3684f28c67538d4D072C22734\",\"transactionValue\":\"500000000000000\",\"protectedOutput\":\"416124112528137039866378\",\"exactEnvelopePreserved\":true}","2","[200,200]"
"40","40","5272840","0x4e7891E5F4EA0e0265eE5C2f5241990Fc268E269","PUGCOIN","uniswap","3","0xb581e7b503084056f2fc67524cba2a7b0345f90c","SELL","0x4e7891E5F4EA0e0265eE5C2f5241990Fc268E269","0x0000000000000000000000000000000000000000","420284933368485041786299","2026-09-09T03:34:11.721Z","IDENTITY_READY","true","zero-x-swap","4663","25","0x4e7891E5F4EA0e0265eE5C2f5241990Fc268E269","1050712333421212604466","9900","10000","NOT_REACHED_UNFUNDED_WALLET","indicative","476075837553865","FIRM_VERIFIED","insufficient_balance","0x1111111111111111111111111111111111111111","471355606415374","0x0000000000001fF3684f28c67538d4D072C22734","0x0000000000001fF3684f28c67538d4D072C22734","0x39b38686A19836Ac10162c490E4558e120CbBE5f","0x99f5e8edaceacfdd183eb5f1da8a7757b322495b80cf7928db289a1b1a09f799","0xb6c0bf3b83bc9ae4f6ed65a4f5f6c188eb3e4258d8d3b3705dff4ac02ed4a966","0xf6f59f6e8cc3ff4702c86a5a83cd188d74e6e8895f522adfd136dd3d7c207538","{\"status\":\"PASS\",\"mode\":\"ETH_CALL_EPHEMERAL_FUNDING\",\"walletAuthority\":false,\"blockNumber\":\"58229079\",\"blockHash\":\"0x993fa943aed1a0d2edc3321807d667b66b079032089db9884e2369be121bd393\",\"balanceSlot\":\"0xf043c50fe795c69f30b8ff78b84032dc53a9d87ca283ae10a1dacfbb648e83ef\",\"allowanceSlot\":\"0x8633cf2d93cf08d5beab4385c45958edebafa053650c03b0a14121e3dde9d80f\",\"allowanceSpender\":\"0x0000000000001fF3684f28c67538d4D072C22734\",\"allowanceAtomic\":\"420284933368485041786299\",\"errorCode\":null,\"errorSelector\":null,\"calldataHash\":\"0xf6f59f6e8cc3ff4702c86a5a83cd188d74e6e8895f522adfd136dd3d7c207538\",\"gasLimit\":\"465065\",\"gasPrice\":\"249228000\",\"transactionTarget\":\"0x0000000000001fF3684f28c67538d4D072C22734\",\"transactionValue\":\"0\",\"protectedOutput\":\"471355606415374\",\"exactEnvelopePreserved\":true}","2","[200,200]"
"41","41","5272840","0x51979A75580c84E9A9AeaeB84fbce8aEfB28cd1E","PD","uniswap","4","0x8f707749e53adaa4544ec0fd330e1c65ec7cbbc0ed68e443c128422d53d181f7","BUY","0x0000000000000000000000000000000000000000","0x51979A75580c84E9A9AeaeB84fbce8aEfB28cd1E","500000000000000","2026-09-09T03:34:17.389Z","IDENTITY_READY","true","zero-x-swap","4663","25","0x0000000000000000000000000000000000000000","1250000000000","9900","10000","NOT_REACHED_UNFUNDED_WALLET","indicative","159995745735359117890376","FIRM_VERIFIED","insufficient_balance","0x1111111111111111111111111111111111111111","158411787852579062622889","0x0000000000001fF3684f28c67538d4D072C22734","0x0000000000001fF3684f28c67538d4D072C22734","0x39b38686A19836Ac10162c490E4558e120CbBE5f","0x99f5e8edaceacfdd183eb5f1da8a7757b322495b80cf7928db289a1b1a09f799","0xb6c0bf3b83bc9ae4f6ed65a4f5f6c188eb3e4258d8d3b3705dff4ac02ed4a966","0xf98a75819f9433acf01d6cb462ac4d7eb9942865603237c79af3c11a41ea6412","{\"status\":\"PASS\",\"mode\":\"ETH_CALL_EPHEMERAL_FUNDING\",\"walletAuthority\":false,\"blockNumber\":\"58229134\",\"blockHash\":\"0xdec733bbd0690e06a4e3a5db16fbfadced1e997c03af1cf901620f4886b9b56d\",\"errorCode\":null,\"errorSelector\":null,\"calldataHash\":\"0xf98a75819f9433acf01d6cb462ac4d7eb9942865603237c79af3c11a41ea6412\",\"gasLimit\":\"390745\",\"gasPrice\":\"247695750\",\"transactionTarget\":\"0x0000000000001fF3684f28c67538d4D072C22734\",\"transactionValue\":\"500000000000000\",\"protectedOutput\":\"158411787852579062622889\",\"exactEnvelopePreserved\":true}","2","[200,200]"
"41","41","5272840","0x51979A75580c84E9A9AeaeB84fbce8aEfB28cd1E","PD","uniswap","4","0x8f707749e53adaa4544ec0fd330e1c65ec7cbbc0ed68e443c128422d53d181f7","SELL","0x51979A75580c84E9A9AeaeB84fbce8aEfB28cd1E","0x0000000000000000000000000000000000000000","159995745735359117890376","2026-09-09T03:34:19.081Z","IDENTITY_READY","true","zero-x-swap","4663","25","0x51979A75580c84E9A9AeaeB84fbce8aEfB28cd1E","399989364338397794726","9900","10000","NOT_REACHED","no_route","","ZEROX_NO_ROUTE","","","","","","","","","","","1","[200]"
"42","42","5272840","0x7f0441efb79360121cCa105695f81Bb03420b39d","CME","uniswap","3","0xf049cd452123b2c486557b7ead014351329b94e1","BUY","0x0000000000000000000000000000000000000000","0x7f0441efb79360121cCa105695f81Bb03420b39d","500000000000000","2026-09-09T03:34:23.943Z","IDENTITY_READY","true","zero-x-swap","4663","25","0x0000000000000000000000000000000000000000","1250000000000","9900","10000","NOT_REACHED_UNFUNDED_WALLET","indicative","451478402139399522750","FIRM_VERIFIED","insufficient_balance","0x1111111111111111111111111111111111111111","447008765958219464752","0x0000000000001fF3684f28c67538d4D072C22734","0x0000000000001fF3684f28c67538d4D072C22734","0x39b38686A19836Ac10162c490E4558e120CbBE5f","0x99f5e8edaceacfdd183eb5f1da8a7757b322495b80cf7928db289a1b1a09f799","0xb6c0bf3b83bc9ae4f6ed65a4f5f6c188eb3e4258d8d3b3705dff4ac02ed4a966","0xcc5b7099bf91fc261e05a587318edf1c60e9d717639e35c1d2a11853136a2187","{\"status\":\"PASS\",\"mode\":\"ETH_CALL_EPHEMERAL_FUNDING\",\"walletAuthority\":false,\"blockNumber\":\"58229204\",\"blockHash\":\"0x60c6806be1c1cd641cd9512b22bf575945912e619baa1889bb974431ce5c2eb9\",\"errorCode\":null,\"errorSelector\":null,\"calldataHash\":\"0xcc5b7099bf91fc261e05a587318edf1c60e9d717639e35c1d2a11853136a2187\",\"gasLimit\":\"815925\",\"gasPrice\":\"249183000\",\"transactionTarget\":\"0x0000000000001fF3684f28c67538d4D072C22734\",\"transactionValue\":\"500000000000000\",\"protectedOutput\":\"447008765958219464752\",\"exactEnvelopePreserved\":true}","2","[200,200]"
"42","42","5272840","0x7f0441efb79360121cCa105695f81Bb03420b39d","CME","uniswap","3","0xf049cd452123b2c486557b7ead014351329b94e1","SELL","0x7f0441efb79360121cCa105695f81Bb03420b39d","0x0000000000000000000000000000000000000000","451478402139399522750","2026-09-09T03:34:25.849Z","IDENTITY_READY","true","zero-x-swap","4663","25","0x7f0441efb79360121cCa105695f81Bb03420b39d","1128696005348498807","9900","10000","NOT_REACHED","no_route","","ZEROX_NO_ROUTE","","","","","","","","","","","1","[200]"
"43","43","5272840","0xe0eFaa3a69380CD7F673d222461c5F9ec2b46f01","NILE","uniswap","4","0xb2d6f05917ad61157bec60a4e31f60e6ca536ea176690476628eb0e7a89ef319","BUY","0x0000000000000000000000000000000000000000","0xe0eFaa3a69380CD7F673d222461c5F9ec2b46f01","500000000000000","2026-09-09T03:34:30.302Z","IDENTITY_READY","true","zero-x-swap","4663","25","0x0000000000000000000000000000000000000000","1250000000000","9900","10000","NOT_REACHED_UNFUNDED_WALLET","indicative","303679239573625177873185","FIRM_VERIFIED","insufficient_balance","0x1111111111111111111111111111111111111111","300672815101846288609087","0x0000000000001fF3684f28c67538d4D072C22734","0x0000000000001fF3684f28c67538d4D072C22734","0x39b38686A19836Ac10162c490E4558e120CbBE5f","0x99f5e8edaceacfdd183eb5f1da8a7757b322495b80cf7928db289a1b1a09f799","0xb6c0bf3b83bc9ae4f6ed65a4f5f6c188eb3e4258d8d3b3705dff4ac02ed4a966","0x0454c22695bc54ff8fed73d284fd705c01352a731170a8267256142e1ed85b82","{\"status\":\"PASS\",\"mode\":\"ETH_CALL_EPHEMERAL_FUNDING\",\"walletAuthority\":false,\"blockNumber\":\"58229264\",\"blockHash\":\"0x259a61d0e98db992430120d5d7505ed2f7f8cdb32ceef550757bac685f6e12c4\",\"errorCode\":null,\"errorSelector\":null,\"calldataHash\":\"0x0454c22695bc54ff8fed73d284fd705c01352a731170a8267256142e1ed85b82\",\"gasLimit\":\"484376\",\"gasPrice\":\"246791250\",\"transactionTarget\":\"0x0000000000001fF3684f28c67538d4D072C22734\",\"transactionValue\":\"500000000000000\",\"protectedOutput\":\"300672815101846288609087\",\"exactEnvelopePreserved\":true}","2","[200,200]"
"43","43","5272840","0xe0eFaa3a69380CD7F673d222461c5F9ec2b46f01","NILE","uniswap","4","0xb2d6f05917ad61157bec60a4e31f60e6ca536ea176690476628eb0e7a89ef319","SELL","0xe0eFaa3a69380CD7F673d222461c5F9ec2b46f01","0x0000000000000000000000000000000000000000","303679239573625177873185","2026-09-09T03:34:32.019Z","IDENTITY_READY","true","zero-x-swap","4663","25","0xe0eFaa3a69380CD7F673d222461c5F9ec2b46f01","759198098934062944683","9900","10000","NOT_REACHED","no_route","","ZEROX_NO_ROUTE","","","","","","","","","","","1","[200]"
"44","44","5272840","0xc1a03B0B778d59367a50A056d7cf85a5093ECa12","CRMBS","uniswap","3","0x185f6b9168651005830f2d8137909eebd4c6c19b","BUY","0x0000000000000000000000000000000000000000","0xc1a03B0B778d59367a50A056d7cf85a5093ECa12","500000000000000","2026-09-09T03:34:36.474Z","IDENTITY_READY","true","zero-x-swap","4663","25","0x0000000000000000000000000000000000000000","1250000000000","9900","10000","NOT_REACHED_UNFUNDED_WALLET","indicative","4112197335040323295715","FIRM_VERIFIED","insufficient_balance","0x1111111111111111111111111111111111111111","4071486581423424089429","0x0000000000001fF3684f28c67538d4D072C22734","0x0000000000001fF3684f28c67538d4D072C22734","0x39b38686A19836Ac10162c490E4558e120CbBE5f","0x99f5e8edaceacfdd183eb5f1da8a7757b322495b80cf7928db289a1b1a09f799","0xb6c0bf3b83bc9ae4f6ed65a4f5f6c188eb3e4258d8d3b3705dff4ac02ed4a966","0xf0f9690f7f34b70e19ed75424fcd84b47c335c40978684a6f98951578ce3c0b4","{\"status\":\"PASS\",\"mode\":\"ETH_CALL_EPHEMERAL_FUNDING\",\"walletAuthority\":false,\"blockNumber\":\"58229325\",\"blockHash\":\"0x932d26883fe355c6dce45fd8457a3f447a611f48b8e9904572ab93dcf1ae86c4\",\"errorCode\":null,\"errorSelector\":null,\"calldataHash\":\"0xf0f9690f7f34b70e19ed75424fcd84b47c335c40978684a6f98951578ce3c0b4\",\"gasLimit\":\"476795\",\"gasPrice\":\"246690000\",\"transactionTarget\":\"0x0000000000001fF3684f28c67538d4D072C22734\",\"transactionValue\":\"500000000000000\",\"protectedOutput\":\"4071486581423424089429\",\"exactEnvelopePreserved\":true}","2","[200,200]"
"44","44","5272840","0xc1a03B0B778d59367a50A056d7cf85a5093ECa12","CRMBS","uniswap","3","0x185f6b9168651005830f2d8137909eebd4c6c19b","SELL","0xc1a03B0B778d59367a50A056d7cf85a5093ECa12","0x0000000000000000000000000000000000000000","4112197335040323295715","2026-09-09T03:34:38.318Z","IDENTITY_READY","true","zero-x-swap","4663","25","0xc1a03B0B778d59367a50A056d7cf85a5093ECa12","10280493337600808239","9900","10000","NOT_REACHED_UNFUNDED_WALLET","indicative","485615289200385","FIRM_VERIFIED","insufficient_balance","0x1111111111111111111111111111111111111111","480800475616926","0x0000000000001fF3684f28c67538d4D072C22734","0x0000000000001fF3684f28c67538d4D072C22734","0x39b38686A19836Ac10162c490E4558e120CbBE5f","0x99f5e8edaceacfdd183eb5f1da8a7757b322495b80cf7928db289a1b1a09f799","0xb6c0bf3b83bc9ae4f6ed65a4f5f6c188eb3e4258d8d3b3705dff4ac02ed4a966","0x75f9bc91c37593354a3e482228580e1963c9eafeef739282e617b95211466887","{\"status\":\"UNSUPPORTED_TOKEN_STORAGE_LAYOUT\",\"mode\":\"ETH_CALL_EPHEMERAL_FUNDING\",\"walletAuthority\":false,\"blockNumber\":\"58229345\",\"blockHash\":\"0xf0aaf9fb3b3db19aa4e2aa1d6e37259e05f00af74d550e6694a9c2ddc7251894\"}","2","[200,200]"
"45","45","5272840","0xca5fcaEB939CeD8433609e9230C48371DeBedf34","SMF","uniswap","4","0x3aa6dc47bee9fc645a7f0189b087e1b14aed3d9abc09a81cfe59155e04f42dad","BUY","0x0000000000000000000000000000000000000000","0xca5fcaEB939CeD8433609e9230C48371DeBedf34","500000000000000","2026-09-09T03:34:45.818Z","IDENTITY_READY","true","zero-x-swap","4663","25","0x0000000000000000000000000000000000000000","1250000000000","9900","10000","NOT_REACHED_UNFUNDED_WALLET","indicative","84246805339818586115609","FIRM_VERIFIED","insufficient_balance","0x1111111111111111111111111111111111111111","83412761966954382107511","0x0000000000001fF3684f28c67538d4D072C22734","0x0000000000001fF3684f28c67538d4D072C22734","0x39b38686A19836Ac10162c490E4558e120CbBE5f","0x99f5e8edaceacfdd183eb5f1da8a7757b322495b80cf7928db289a1b1a09f799","0xb6c0bf3b83bc9ae4f6ed65a4f5f6c188eb3e4258d8d3b3705dff4ac02ed4a966","0x976422e1e11e4a0be5523220baffb2a4a082bb2e4afe3daec104f4c78a3b2999","{\"status\":\"PASS\",\"mode\":\"ETH_CALL_EPHEMERAL_FUNDING\",\"walletAuthority\":false,\"blockNumber\":\"58229419\",\"blockHash\":\"0x06206210ffaa5ae03ddcc8dbb0fcd63f613f500d58b3a1c4c9c377bb6a95582b\",\"errorCode\":null,\"errorSelector\":null,\"calldataHash\":\"0x976422e1e11e4a0be5523220baffb2a4a082bb2e4afe3daec104f4c78a3b2999\",\"gasLimit\":\"490051\",\"gasPrice\":\"247059000\",\"transactionTarget\":\"0x0000000000001fF3684f28c67538d4D072C22734\",\"transactionValue\":\"500000000000000\",\"protectedOutput\":\"83412761966954382107511\",\"exactEnvelopePreserved\":true}","2","[200,200]"
"45","45","5272840","0xca5fcaEB939CeD8433609e9230C48371DeBedf34","SMF","uniswap","4","0x3aa6dc47bee9fc645a7f0189b087e1b14aed3d9abc09a81cfe59155e04f42dad","SELL","0xca5fcaEB939CeD8433609e9230C48371DeBedf34","0x0000000000000000000000000000000000000000","84246805339818586115609","2026-09-09T03:34:47.676Z","IDENTITY_READY","true","zero-x-swap","4663","25","0xca5fcaEB939CeD8433609e9230C48371DeBedf34","210617013349546465289","9900","10000","NOT_REACHED_UNFUNDED_WALLET","indicative","485765653525070","FIRM_VERIFIED","insufficient_balance","0x1111111111111111111111111111111111111111","480949349098532","0x0000000000001fF3684f28c67538d4D072C22734","0x0000000000001fF3684f28c67538d4D072C22734","0x39b38686A19836Ac10162c490E4558e120CbBE5f","0x99f5e8edaceacfdd183eb5f1da8a7757b322495b80cf7928db289a1b1a09f799","0xb6c0bf3b83bc9ae4f6ed65a4f5f6c188eb3e4258d8d3b3705dff4ac02ed4a966","0xec80a73a60df7a302252f485dfb4b9ab04128b1c889043e3de7cef94f5e9eddc","{\"status\":\"PASS\",\"mode\":\"ETH_CALL_EPHEMERAL_FUNDING\",\"walletAuthority\":false,\"blockNumber\":\"58229439\",\"blockHash\":\"0xe0b37ee362a915104996c4e7140f2780d8c302e43fdff9d6cc6315bfbd52d70a\",\"balanceSlot\":\"0xf043c50fe795c69f30b8ff78b84032dc53a9d87ca283ae10a1dacfbb648e83ef\",\"allowanceSlot\":\"0x8633cf2d93cf08d5beab4385c45958edebafa053650c03b0a14121e3dde9d80f\",\"allowanceSpender\":\"0x0000000000001fF3684f28c67538d4D072C22734\",\"allowanceAtomic\":\"84246805339818586115609\",\"errorCode\":null,\"errorSelector\":null,\"calldataHash\":\"0xec80a73a60df7a302252f485dfb4b9ab04128b1c889043e3de7cef94f5e9eddc\",\"gasLimit\":\"470696\",\"gasPrice\":\"246496500\",\"transactionTarget\":\"0x0000000000001fF3684f28c67538d4D072C22734\",\"transactionValue\":\"0\",\"protectedOutput\":\"480949349098532\",\"exactEnvelopePreserved\":true}","2","[200,200]"
"46","46","5272840","0xb1f863bf3D717E74199D2801A69Fa744d89aBaeC","GPT6A","uniswap","3","0x59e52722ee6f03e8eb522cef5be9835fcef228c1","BUY","0x0000000000000000000000000000000000000000","0xb1f863bf3D717E74199D2801A69Fa744d89aBaeC","500000000000000","2026-09-09T03:34:53.530Z","IDENTITY_READY","true","zero-x-swap","4663","25","0x0000000000000000000000000000000000000000","1250000000000","9900","10000","NOT_REACHED_UNFUNDED_WALLET","indicative","999499838446925237060167427","FIRM_VERIFIED","insufficient_balance","0x1111111111111111111111111111111111111111","989604790046300677213264416","0x0000000000001fF3684f28c67538d4D072C22734","0x0000000000001fF3684f28c67538d4D072C22734","0x39b38686A19836Ac10162c490E4558e120CbBE5f","0x99f5e8edaceacfdd183eb5f1da8a7757b322495b80cf7928db289a1b1a09f799","0xb6c0bf3b83bc9ae4f6ed65a4f5f6c188eb3e4258d8d3b3705dff4ac02ed4a966","0xa4cc6ab58de35b179edea0ec4a9ca76102c13f53322253fb9b201fcc40b91549","{\"status\":\"PASS\",\"mode\":\"ETH_CALL_EPHEMERAL_FUNDING\",\"walletAuthority\":false,\"blockNumber\":\"58229494\",\"blockHash\":\"0x6752c90874a70b7828aedce8edaf8dee40f207b9bd85907bfac207a49287d238\",\"errorCode\":null,\"errorSelector\":null,\"calldataHash\":\"0xa4cc6ab58de35b179edea0ec4a9ca76102c13f53322253fb9b201fcc40b91549\",\"gasLimit\":\"1439063\",\"gasPrice\":\"247776750\",\"transactionTarget\":\"0x0000000000001fF3684f28c67538d4D072C22734\",\"transactionValue\":\"500000000000000\",\"protectedOutput\":\"989604790046300677213264416\",\"exactEnvelopePreserved\":true}","2","[200,200]"
"46","46","5272840","0xb1f863bf3D717E74199D2801A69Fa744d89aBaeC","GPT6A","uniswap","3","0x59e52722ee6f03e8eb522cef5be9835fcef228c1","SELL","0xb1f863bf3D717E74199D2801A69Fa744d89aBaeC","0x0000000000000000000000000000000000000000","999499838446925237060167427","2026-09-09T03:34:55.412Z","IDENTITY_READY","true","zero-x-swap","4663","25","0xb1f863bf3D717E74199D2801A69Fa744d89aBaeC","2498749596117313092650419","9900","10000","NOT_REACHED","no_route","","ZEROX_NO_ROUTE","","","","","","","","","","","1","[200]"
"47","47","5272840","0x8141B1EceA7719058549ad85C01A2b32A85fcA01","COURIER","uniswap","4","0x2774bba25e5ddc61133daf96c24192f257085ecde9508da2d086e30270ef3e7c","BUY","0x0000000000000000000000000000000000000000","0x8141B1EceA7719058549ad85C01A2b32A85fcA01","500000000000000","2026-09-09T03:34:59.731Z","IDENTITY_READY","true","zero-x-swap","4663","25","0x0000000000000000000000000000000000000000","1250000000000","9900","10000","NOT_REACHED_UNFUNDED_WALLET","indicative","309751406172522601778699","FIRM_VERIFIED","insufficient_balance","0x1111111111111111111111111111111111111111","306684867251414628012477","0x0000000000001fF3684f28c67538d4D072C22734","0x0000000000001fF3684f28c67538d4D072C22734","0x39b38686A19836Ac10162c490E4558e120CbBE5f","0x99f5e8edaceacfdd183eb5f1da8a7757b322495b80cf7928db289a1b1a09f799","0xb6c0bf3b83bc9ae4f6ed65a4f5f6c188eb3e4258d8d3b3705dff4ac02ed4a966","0xe8dcdf77126d247b2576ebdde1b0189d5ca5099cfd789275304be597d0432b9c","{\"status\":\"PASS\",\"mode\":\"ETH_CALL_EPHEMERAL_FUNDING\",\"walletAuthority\":false,\"blockNumber\":\"58229559\",\"blockHash\":\"0xcc9dc41b0dd83f83d96fbedbd76d3509e08998edb0c4792c945d49eb6a7ddf86\",\"errorCode\":null,\"errorSelector\":null,\"calldataHash\":\"0xe8dcdf77126d247b2576ebdde1b0189d5ca5099cfd789275304be597d0432b9c\",\"gasLimit\":\"576903\",\"gasPrice\":\"248139000\",\"transactionTarget\":\"0x0000000000001fF3684f28c67538d4D072C22734\",\"transactionValue\":\"500000000000000\",\"protectedOutput\":\"306684867251414628012477\",\"exactEnvelopePreserved\":true}","2","[200,200]"
"47","47","5272840","0x8141B1EceA7719058549ad85C01A2b32A85fcA01","COURIER","uniswap","4","0x2774bba25e5ddc61133daf96c24192f257085ecde9508da2d086e30270ef3e7c","SELL","0x8141B1EceA7719058549ad85C01A2b32A85fcA01","0x0000000000000000000000000000000000000000","309751406172522601778699","2026-09-09T03:35:01.618Z","IDENTITY_READY","true","zero-x-swap","4663","25","0x8141B1EceA7719058549ad85C01A2b32A85fcA01","774378515431306504447","9900","10000","NOT_REACHED","temporarily_unavailable","","ZEROX_UNAVAILABLE","","","","","","","","","","","1","[400]"
"48","48","5272840","0x7163aE1B5AeA2f09EBc609C52b4dcAc0a7a4bC2d","GAGE","uniswap","3","0x395e3890290561e8bd460cf6fce0053befa9bd8d","BUY","0x0000000000000000000000000000000000000000","0x7163aE1B5AeA2f09EBc609C52b4dcAc0a7a4bC2d","500000000000000","2026-09-09T03:35:05.990Z","IDENTITY_READY","true","zero-x-swap","4663","25","0x0000000000000000000000000000000000000000","1250000000000","9900","10000","NOT_REACHED_UNFUNDED_WALLET","indicative","661652176776199928385","FIRM_VERIFIED","insufficient_balance","0x1111111111111111111111111111111111111111","655101820226115540792","0x0000000000001fF3684f28c67538d4D072C22734","0x0000000000001fF3684f28c67538d4D072C22734","0x39b38686A19836Ac10162c490E4558e120CbBE5f","0x99f5e8edaceacfdd183eb5f1da8a7757b322495b80cf7928db289a1b1a09f799","0xb6c0bf3b83bc9ae4f6ed65a4f5f6c188eb3e4258d8d3b3705dff4ac02ed4a966","0xda968c5a074d3cf138c7034d3399d2bab407ae7b064b267498272fd4467367fb","{\"status\":\"PASS\",\"mode\":\"ETH_CALL_EPHEMERAL_FUNDING\",\"walletAuthority\":false,\"blockNumber\":\"58229624\",\"blockHash\":\"0x0b9df4e4ae2feb2829a79f2ffdd18d8c221819140ee5daafcd4774fd799c1df5\",\"errorCode\":null,\"errorSelector\":null,\"calldataHash\":\"0xda968c5a074d3cf138c7034d3399d2bab407ae7b064b267498272fd4467367fb\",\"gasLimit\":\"329153\",\"gasPrice\":\"249437250\",\"transactionTarget\":\"0x0000000000001fF3684f28c67538d4D072C22734\",\"transactionValue\":\"500000000000000\",\"protectedOutput\":\"655101820226115540792\",\"exactEnvelopePreserved\":true}","2","[200,200]"
"48","48","5272840","0x7163aE1B5AeA2f09EBc609C52b4dcAc0a7a4bC2d","GAGE","uniswap","3","0x395e3890290561e8bd460cf6fce0053befa9bd8d","SELL","0x7163aE1B5AeA2f09EBc609C52b4dcAc0a7a4bC2d","0x0000000000000000000000000000000000000000","661652176776199928385","2026-09-09T03:35:08.275Z","IDENTITY_READY","true","zero-x-swap","4663","25","0x7163aE1B5AeA2f09EBc609C52b4dcAc0a7a4bC2d","1654130441940499821","9900","10000","NOT_REACHED_UNFUNDED_WALLET","indicative","486043460658365","FIRM_VERIFIED","insufficient_balance","0x1111111111111111111111111111111111111111","481224401809574","0x0000000000001fF3684f28c67538d4D072C22734","0x0000000000001fF3684f28c67538d4D072C22734","0x39b38686A19836Ac10162c490E4558e120CbBE5f","0x99f5e8edaceacfdd183eb5f1da8a7757b322495b80cf7928db289a1b1a09f799","0xb6c0bf3b83bc9ae4f6ed65a4f5f6c188eb3e4258d8d3b3705dff4ac02ed4a966","0xa3ab742fd7e6cab1c3bcc3c5f93df95b97e3f0469f6cddb5059b3dbc56381a66","{\"status\":\"PASS\",\"mode\":\"ETH_CALL_EPHEMERAL_FUNDING\",\"walletAuthority\":false,\"blockNumber\":\"58229639\",\"blockHash\":\"0xe8b6ecc0d4c50c53f670b891edaf3cd307686e590a4b2b90b2d3d17d11e654b1\",\"balanceSlot\":\"0xf043c50fe795c69f30b8ff78b84032dc53a9d87ca283ae10a1dacfbb648e83ef\",\"allowanceSlot\":\"0x8633cf2d93cf08d5beab4385c45958edebafa053650c03b0a14121e3dde9d80f\",\"allowanceSpender\":\"0x0000000000001fF3684f28c67538d4D072C22734\",\"allowanceAtomic\":\"661652176776199928385\",\"errorCode\":null,\"errorSelector\":null,\"calldataHash\":\"0xa3ab742fd7e6cab1c3bcc3c5f93df95b97e3f0469f6cddb5059b3dbc56381a66\",\"gasLimit\":\"326586\",\"gasPrice\":\"247360500\",\"transactionTarget\":\"0x0000000000001fF3684f28c67538d4D072C22734\",\"transactionValue\":\"0\",\"protectedOutput\":\"481224401809574\",\"exactEnvelopePreserved\":true}","2","[200,200]"
"49","49","5272840","0xcdCf6a05e6b9899feC60aB36f2db4CC2C1373688","Sirius","uniswap","4","0x8cb10b6bf54dded6334bccf3daf4a28455de8f102b072d2c0c4700083f01c563","BUY","0x0000000000000000000000000000000000000000","0xcdCf6a05e6b9899feC60aB36f2db4CC2C1373688","500000000000000","2026-09-09T03:35:13.592Z","IDENTITY_READY","true","zero-x-swap","4663","25","0x0000000000000000000000000000000000000000","1250000000000","9900","10000","NOT_REACHED","no_route","","ZEROX_NO_ROUTE","","","","","","","","","","","1","[200]"
"49","49","5272840","0xcdCf6a05e6b9899feC60aB36f2db4CC2C1373688","Sirius","uniswap","4","0x8cb10b6bf54dded6334bccf3daf4a28455de8f102b072d2c0c4700083f01c563","SELL","0xcdCf6a05e6b9899feC60aB36f2db4CC2C1373688","0x0000000000000000000000000000000000000000","1000000000000000000","2026-09-09T03:35:14.445Z","IDENTITY_READY","true","zero-x-swap","4663","25","0xcdCf6a05e6b9899feC60aB36f2db4CC2C1373688","2500000000000000","9900","10000","NOT_REACHED","no_route","","ZEROX_NO_ROUTE","","","","","","","","","","","1","[200]"
"50","50","5272840","0x85a479651526fBeDB482Cde88FD3Fdd3c1B10970","OPENAI","uniswap","3","0xb581e7b503084056f2fc67524cba2a7b0345f90c","BUY","0x0000000000000000000000000000000000000000","0x85a479651526fBeDB482Cde88FD3Fdd3c1B10970","500000000000000","2026-09-09T03:35:18.722Z","IDENTITY_READY","true","zero-x-swap","4663","25","0x0000000000000000000000000000000000000000","1250000000000","9900","10000","NOT_REACHED_UNFUNDED_WALLET","indicative","813078707856065","FIRM_VERIFIED","insufficient_balance","0x1111111111111111111111111111111111111111","805029228642285","0x0000000000001fF3684f28c67538d4D072C22734","0x0000000000001fF3684f28c67538d4D072C22734","0x39b38686A19836Ac10162c490E4558e120CbBE5f","0x99f5e8edaceacfdd183eb5f1da8a7757b322495b80cf7928db289a1b1a09f799","0xb6c0bf3b83bc9ae4f6ed65a4f5f6c188eb3e4258d8d3b3705dff4ac02ed4a966","0xba30847ee20e8a84205eee41bc250008b1bee75d3b11e8c8ce37ee854c7f08ac","{\"status\":\"PASS\",\"mode\":\"ETH_CALL_EPHEMERAL_FUNDING\",\"walletAuthority\":false,\"blockNumber\":\"58229765\",\"blockHash\":\"0x39181473ce3e9c31a3065ba3c52f7b4fb8c3b8f1d0eed03c00e611d41181fe1b\",\"errorCode\":null,\"errorSelector\":null,\"calldataHash\":\"0xba30847ee20e8a84205eee41bc250008b1bee75d3b11e8c8ce37ee854c7f08ac\",\"gasLimit\":\"348141\",\"gasPrice\":\"250798500\",\"transactionTarget\":\"0x0000000000001fF3684f28c67538d4D072C22734\",\"transactionValue\":\"500000000000000\",\"protectedOutput\":\"805029228642285\",\"exactEnvelopePreserved\":true}","2","[200,200]"
"50","50","5272840","0x85a479651526fBeDB482Cde88FD3Fdd3c1B10970","OPENAI","uniswap","3","0xb581e7b503084056f2fc67524cba2a7b0345f90c","SELL","0x85a479651526fBeDB482Cde88FD3Fdd3c1B10970","0x0000000000000000000000000000000000000000","813078707856065","2026-09-09T03:35:20.531Z","IDENTITY_READY","true","zero-x-swap","4663","25","0x85a479651526fBeDB482Cde88FD3Fdd3c1B10970","2032696769640","9900","10000","NOT_REACHED_UNFUNDED_WALLET","indicative","486149068229035","FIRM_VERIFIED","insufficient_balance","0x1111111111111111111111111111111111111111","481328962294666","0x0000000000001fF3684f28c67538d4D072C22734","0x0000000000001fF3684f28c67538d4D072C22734","0x39b38686A19836Ac10162c490E4558e120CbBE5f","0x99f5e8edaceacfdd183eb5f1da8a7757b322495b80cf7928db289a1b1a09f799","0xb6c0bf3b83bc9ae4f6ed65a4f5f6c188eb3e4258d8d3b3705dff4ac02ed4a966","0x54ccdd51d0811d452805fbf49e043adbccf5fe53dcd5358b290d925dd8001b14","{\"status\":\"PASS\",\"mode\":\"ETH_CALL_EPHEMERAL_FUNDING\",\"walletAuthority\":false,\"blockNumber\":\"58229779\",\"blockHash\":\"0x8ace183e4d05574a1129457aa23e21dea6eb73e9a19e07584ccd2418d516b6ac\",\"balanceSlot\":\"0x03bc0908960c0366d32941eb5caa08bf54557a242fb70d605af61dbac6c0c03f\",\"allowanceSlot\":\"0x387b1d14190d4dafe78eb5328b8cf468be894e634040f044079d7265a1d4c394\",\"allowanceSpender\":\"0x0000000000001fF3684f28c67538d4D072C22734\",\"allowanceAtomic\":\"813078707856065\",\"errorCode\":null,\"errorSelector\":null,\"calldataHash\":\"0x54ccdd51d0811d452805fbf49e043adbccf5fe53dcd5358b290d925dd8001b14\",\"gasLimit\":\"351412\",\"gasPrice\":\"250798500\",\"transactionTarget\":\"0x0000000000001fF3684f28c67538d4D072C22734\",\"transactionValue\":\"0\",\"protectedOutput\":\"481328962294666\",\"exactEnvelopePreserved\":true}","2","[200,200]"
