"sampleIndex","randomSeed","assetContract","tokenSymbol","canonicalProtocol","canonicalVersion","canonicalPool","allCanonicalEvidence","direction","inputAsset","outputAsset","testAmount","recipient","chainId","provider","rmtFeeBps","feeAsset","providerSlippagePpm","maximumUserSlippagePpm","zeroXRouteStatus","zeroXQuoteStatus","allowanceTarget","transactionTarget","protectedOutput","readOnlySimulationStatus","errorClassification","indicativeExpectedOutput","expectedOutput","providerReportedMinimum","executableBound","transactionValue","calldataHash","settlerTarget","settlerRuntimeHash","targetRuntimeHash","firmStatus","approvalKind","approvalAmount","approvalSpender","fundedSimulation"
"1","5272840","0xCCc331D2F8e102A606e1FfF194E65ea9BEd767c2","LIG","uniswap","2","0x4c8c4110aa2bc9a75eb95e6cd7426fbd73680336","[{\"protocol\":\"uniswap\",\"version\":2,\"pool\":\"0x4c8c4110aa2bc9a75eb95e6cd7426fbd73680336\"}]","BUY","0x0000000000000000000000000000000000000000","0xCCc331D2F8e102A606e1FfF194E65ea9BEd767c2","500000000000000","0x1111111111111111111111111111111111111111","4663","zero-x-swap","25","0x0000000000000000000000000000000000000000","9900","10000","ROUTABLE","FIRM_RETURNED","","0x0000000000001fF3684f28c67538d4D072C22734","20721239297360455429008","NOT_RUN_INSUFFICIENT_BALANCE","insufficient_balance","20928430761903298088735","20928430761903298088735","20721239297360455429008","true","500000000000000","0x0f073e351c0448201ecebd2b3e13d243978a2cff9ee28809ba2aaf32cd59a9a6","0x39b38686A19836Ac10162c490E4558e120CbBE5f","0xb6c0bf3b83bc9ae4f6ed65a4f5f6c188eb3e4258d8d3b3705dff4ac02ed4a966","0x99f5e8edaceacfdd183eb5f1da8a7757b322495b80cf7928db289a1b1a09f799","insufficient_balance","","","","{\"status\":\"PASS\",\"mode\":\"ETH_CALL_EPHEMERAL_FUNDING\",\"walletAuthority\":false,\"blockNumber\":\"57644199\",\"blockHash\":\"0x0363ff664a6779c5e7d984bfd111d46cc28964d6f08562e1f6bc5cd3451b58fa\",\"errorCode\":null,\"errorSelector\":null,\"calldataHash\":\"0x0f073e351c0448201ecebd2b3e13d243978a2cff9ee28809ba2aaf32cd59a9a6\",\"gasLimit\":\"326499\",\"gasPrice\":\"282937500\",\"transactionTarget\":\"0x0000000000001fF3684f28c67538d4D072C22734\",\"transactionValue\":\"500000000000000\",\"protectedOutput\":\"20721239297360455429008\",\"exactEnvelopePreserved\":true}"
"1","5272840","0xCCc331D2F8e102A606e1FfF194E65ea9BEd767c2","LIG","uniswap","2","0x4c8c4110aa2bc9a75eb95e6cd7426fbd73680336","[{\"protocol\":\"uniswap\",\"version\":2,\"pool\":\"0x4c8c4110aa2bc9a75eb95e6cd7426fbd73680336\"}]","SELL","0xCCc331D2F8e102A606e1FfF194E65ea9BEd767c2","0x0000000000000000000000000000000000000000","20928430761903298088735","0x1111111111111111111111111111111111111111","4663","zero-x-swap","25","0xCCc331D2F8e102A606e1FfF194E65ea9BEd767c2","9900","10000","OTHER_EXACT_CLASSIFICATION","invalid_response","","","","NOT_REACHED","invalid_response","","","","","","","","","","","","","",""
"2","5272840","0x612e0cBfA113127Ec1cfd2c1ABddCa9a9121E8E6","MONI","uniswap","3","0x2ca89520e03aa5a41e48146cf928fc462a6d5c7e","[{\"protocol\":\"uniswap\",\"version\":3,\"pool\":\"0x2ca89520e03aa5a41e48146cf928fc462a6d5c7e\"},{\"protocol\":\"uniswap\",\"version\":4,\"pool\":\"0x044b99dbc9c1032eef7497487629f3e57a5757a30723720bb6e2ac7cfc61b264\"},{\"protocol\":\"uniswap\",\"version\":4,\"pool\":\"0x375c815ee0a155bb6c7fac47099bb7a934df6fb5b24ea11beb49d7f1da62f13e\"},{\"protocol\":\"uniswap\",\"version\":4,\"pool\":\"0x8fe6c20dc7847d02bdc638057b154cf560098b5ab3f38200568fff3f2084f58c\"},{\"protocol\":\"uniswap\",\"version\":4,\"pool\":\"0xc2a7585ba7b15acd40b9a8bccbd80772f9db5197ccf9ca1685b22fa1511e2054\"}]","BUY","0x0000000000000000000000000000000000000000","0x612e0cBfA113127Ec1cfd2c1ABddCa9a9121E8E6","500000000000000","0x1111111111111111111111111111111111111111","4663","zero-x-swap","25","0x0000000000000000000000000000000000000000","9900","10000","ROUTABLE","FIRM_RETURNED","","0x0000000000001fF3684f28c67538d4D072C22734","109014386533452909413014","NOT_RUN_INSUFFICIENT_BALANCE","insufficient_balance","110104420294367144141463","110104420294367144141463","109014386533452909413014","true","500000000000000","0x55562c3efafbb6235612dfcd9792db5bac271a1afbb3f8c8e3a33d58b5cc8af0","0x39b38686A19836Ac10162c490E4558e120CbBE5f","0xb6c0bf3b83bc9ae4f6ed65a4f5f6c188eb3e4258d8d3b3705dff4ac02ed4a966","0x99f5e8edaceacfdd183eb5f1da8a7757b322495b80cf7928db289a1b1a09f799","insufficient_balance","","","","{\"status\":\"PASS\",\"mode\":\"ETH_CALL_EPHEMERAL_FUNDING\",\"walletAuthority\":false,\"blockNumber\":\"57644209\",\"blockHash\":\"0x7505f470833c16b797f18ffc119133ab8baac2025c80202a23f8d75b26e6f0ff\",\"errorCode\":null,\"errorSelector\":null,\"calldataHash\":\"0x55562c3efafbb6235612dfcd9792db5bac271a1afbb3f8c8e3a33d58b5cc8af0\",\"gasLimit\":\"443513\",\"gasPrice\":\"282658500\",\"transactionTarget\":\"0x0000000000001fF3684f28c67538d4D072C22734\",\"transactionValue\":\"500000000000000\",\"protectedOutput\":\"109014386533452909413014\",\"exactEnvelopePreserved\":true}"
"2","5272840","0x612e0cBfA113127Ec1cfd2c1ABddCa9a9121E8E6","MONI","uniswap","3","0x2ca89520e03aa5a41e48146cf928fc462a6d5c7e","[{\"protocol\":\"uniswap\",\"version\":3,\"pool\":\"0x2ca89520e03aa5a41e48146cf928fc462a6d5c7e\"},{\"protocol\":\"uniswap\",\"version\":4,\"pool\":\"0x044b99dbc9c1032eef7497487629f3e57a5757a30723720bb6e2ac7cfc61b264\"},{\"protocol\":\"uniswap\",\"version\":4,\"pool\":\"0x375c815ee0a155bb6c7fac47099bb7a934df6fb5b24ea11beb49d7f1da62f13e\"},{\"protocol\":\"uniswap\",\"version\":4,\"pool\":\"0x8fe6c20dc7847d02bdc638057b154cf560098b5ab3f38200568fff3f2084f58c\"},{\"protocol\":\"uniswap\",\"version\":4,\"pool\":\"0xc2a7585ba7b15acd40b9a8bccbd80772f9db5197ccf9ca1685b22fa1511e2054\"}]","SELL","0x612e0cBfA113127Ec1cfd2c1ABddCa9a9121E8E6","0x0000000000000000000000000000000000000000","110104420294367144141463","0x1111111111111111111111111111111111111111","4663","zero-x-swap","25","0x612e0cBfA113127Ec1cfd2c1ABddCa9a9121E8E6","9900","10000","OTHER_EXACT_CLASSIFICATION","invalid_response","","","","NOT_REACHED","invalid_response","","","","","","","","","","","","","",""
"3","5272840","0x8Cd80C0e24D20c2081eb0234083C39a1c36eCdcc","VANTRA","uniswap","4","0x55a88af4c7d3b81d788328384eeb553319005184ec554b79ad92ef475b151649","[{\"protocol\":\"uniswap\",\"version\":4,\"pool\":\"0x55a88af4c7d3b81d788328384eeb553319005184ec554b79ad92ef475b151649\"}]","BUY","0x0000000000000000000000000000000000000000","0x8Cd80C0e24D20c2081eb0234083C39a1c36eCdcc","500000000000000","0x1111111111111111111111111111111111111111","4663","zero-x-swap","25","0x0000000000000000000000000000000000000000","9900","10000","ROUTABLE","FIRM_RETURNED","","0x0000000000001fF3684f28c67538d4D072C22734","129323402406653605123096","NOT_RUN_INSUFFICIENT_BALANCE","insufficient_balance","130616505814214326961240","130616505814214326961240","129323402406653605123096","true","500000000000000","0x7defbb3135ce725dc431b505e577f0beb40d0a1a404e017d4d330d9374a76c13","0x39b38686A19836Ac10162c490E4558e120CbBE5f","0xb6c0bf3b83bc9ae4f6ed65a4f5f6c188eb3e4258d8d3b3705dff4ac02ed4a966","0x99f5e8edaceacfdd183eb5f1da8a7757b322495b80cf7928db289a1b1a09f799","insufficient_balance","","","","{\"status\":\"PASS\",\"mode\":\"ETH_CALL_EPHEMERAL_FUNDING\",\"walletAuthority\":false,\"blockNumber\":\"57644215\",\"blockHash\":\"0x38f9716d4f3e8effac61e6130fccd983e4dd203bdf021afcdfa9a498abd9a149\",\"errorCode\":null,\"errorSelector\":null,\"calldataHash\":\"0x7defbb3135ce725dc431b505e577f0beb40d0a1a404e017d4d330d9374a76c13\",\"gasLimit\":\"374923\",\"gasPrice\":\"283124250\",\"transactionTarget\":\"0x0000000000001fF3684f28c67538d4D072C22734\",\"transactionValue\":\"500000000000000\",\"protectedOutput\":\"129323402406653605123096\",\"exactEnvelopePreserved\":true}"
"3","5272840","0x8Cd80C0e24D20c2081eb0234083C39a1c36eCdcc","VANTRA","uniswap","4","0x55a88af4c7d3b81d788328384eeb553319005184ec554b79ad92ef475b151649","[{\"protocol\":\"uniswap\",\"version\":4,\"pool\":\"0x55a88af4c7d3b81d788328384eeb553319005184ec554b79ad92ef475b151649\"}]","SELL","0x8Cd80C0e24D20c2081eb0234083C39a1c36eCdcc","0x0000000000000000000000000000000000000000","130616505814214326961240","0x1111111111111111111111111111111111111111","4663","zero-x-swap","25","0x8Cd80C0e24D20c2081eb0234083C39a1c36eCdcc","9900","10000","ROUTABLE","FIRM_RETURNED","0x0000000000001fF3684f28c67538d4D072C22734","0x0000000000001fF3684f28c67538d4D072C22734","443023236279440","NOT_RUN_INSUFFICIENT_BALANCE","insufficient_balance","447459742489400","447459742489400","443023236279440","true","0","0xd2cb6983bc80246d83eba9e6755feae64713a135c273e7a3e388c58348bb65ff","0x39b38686A19836Ac10162c490E4558e120CbBE5f","0xb6c0bf3b83bc9ae4f6ed65a4f5f6c188eb3e4258d8d3b3705dff4ac02ed4a966","0x99f5e8edaceacfdd183eb5f1da8a7757b322495b80cf7928db289a1b1a09f799","insufficient_balance","erc20_to_allowance_holder","130616505814214326961240","0x0000000000001fF3684f28c67538d4D072C22734","{\"status\":\"UNSUPPORTED_TOKEN_STORAGE_LAYOUT\",\"mode\":\"ETH_CALL_EPHEMERAL_FUNDING\",\"walletAuthority\":false,\"blockNumber\":\"57644225\",\"blockHash\":\"0x020a7cef110002abbfe4842544b724c52edfcb28c91ef2fb21d3eec66c836576\"}"
"4","5272840","0x2Ac3C85721a27634a1da7113d6894E6AE392291E","ROOT","uniswap","2","0xa0dfb4cb06cf8d6409fdc9b254ed093d47f9275f","[{\"protocol\":\"uniswap\",\"version\":2,\"pool\":\"0xa0dfb4cb06cf8d6409fdc9b254ed093d47f9275f\"},{\"protocol\":\"uniswap\",\"version\":4,\"pool\":\"0xd30b8486cfb096830a3adaa4472fcb99646f586bd9ad5a4eaac71c214f9250ad\"}]","BUY","0x0000000000000000000000000000000000000000","0x2Ac3C85721a27634a1da7113d6894E6AE392291E","500000000000000","0x1111111111111111111111111111111111111111","4663","zero-x-swap","25","0x0000000000000000000000000000000000000000","9900","10000","ROUTABLE","FIRM_RETURNED","","0x0000000000001fF3684f28c67538d4D072C22734","197277098919006850204218","NOT_RUN_INSUFFICIENT_BALANCE","insufficient_balance","199249670658526260181603","199249670658526260181603","197277098919006850204218","true","500000000000000","0x7fa07fd2b1ba08f35050f11db03b3937e588f82db1a1108905133a95aab52391","0x39b38686A19836Ac10162c490E4558e120CbBE5f","0xb6c0bf3b83bc9ae4f6ed65a4f5f6c188eb3e4258d8d3b3705dff4ac02ed4a966","0x99f5e8edaceacfdd183eb5f1da8a7757b322495b80cf7928db289a1b1a09f799","insufficient_balance","","","","{\"status\":\"PASS\",\"mode\":\"ETH_CALL_EPHEMERAL_FUNDING\",\"walletAuthority\":false,\"blockNumber\":\"57644249\",\"blockHash\":\"0x9ad128329809f7aac62d371484cf689b433aba3e61095ff234ee2f1033de50ba\",\"errorCode\":null,\"errorSelector\":null,\"calldataHash\":\"0x7fa07fd2b1ba08f35050f11db03b3937e588f82db1a1108905133a95aab52391\",\"gasLimit\":\"700758\",\"gasPrice\":\"282658500\",\"transactionTarget\":\"0x0000000000001fF3684f28c67538d4D072C22734\",\"transactionValue\":\"500000000000000\",\"protectedOutput\":\"197277098919006850204218\",\"exactEnvelopePreserved\":true}"
"4","5272840","0x2Ac3C85721a27634a1da7113d6894E6AE392291E","ROOT","uniswap","2","0xa0dfb4cb06cf8d6409fdc9b254ed093d47f9275f","[{\"protocol\":\"uniswap\",\"version\":2,\"pool\":\"0xa0dfb4cb06cf8d6409fdc9b254ed093d47f9275f\"},{\"protocol\":\"uniswap\",\"version\":4,\"pool\":\"0xd30b8486cfb096830a3adaa4472fcb99646f586bd9ad5a4eaac71c214f9250ad\"}]","SELL","0x2Ac3C85721a27634a1da7113d6894E6AE392291E","0x0000000000000000000000000000000000000000","199249670658526260181603","0x1111111111111111111111111111111111111111","4663","zero-x-swap","25","0x2Ac3C85721a27634a1da7113d6894E6AE392291E","9900","10000","NO_ROUTE","no_route","","","","NOT_REACHED","no_route","","","","","","","","","","","","","",""
"5","5272840","0x4f30C9e39a72c432e115f8c9EDFb0F984048C155","のリス","uniswap","3","0x67fff4924a13d5ee7e9389acd4f9e4c439357855","[{\"protocol\":\"uniswap\",\"version\":3,\"pool\":\"0x67fff4924a13d5ee7e9389acd4f9e4c439357855\"}]","BUY","0x0000000000000000000000000000000000000000","0x4f30C9e39a72c432e115f8c9EDFb0F984048C155","500000000000000","0x1111111111111111111111111111111111111111","4663","zero-x-swap","25","0x0000000000000000000000000000000000000000","9900","10000","NO_ROUTE","no_route","","","","NOT_REACHED","no_route","","","","","","","","","","","","","",""
"5","5272840","0x4f30C9e39a72c432e115f8c9EDFb0F984048C155","のリス","uniswap","3","0x67fff4924a13d5ee7e9389acd4f9e4c439357855","[{\"protocol\":\"uniswap\",\"version\":3,\"pool\":\"0x67fff4924a13d5ee7e9389acd4f9e4c439357855\"}]","SELL","0x4f30C9e39a72c432e115f8c9EDFb0F984048C155","0x0000000000000000000000000000000000000000","1000000000000000000","0x1111111111111111111111111111111111111111","4663","zero-x-swap","25","0x4f30C9e39a72c432e115f8c9EDFb0F984048C155","9900","10000","NO_ROUTE","no_route","","","","NOT_REACHED","no_route","","","","","","","","","","","","","",""
"6","5272840","0x34f7D072c2Fd4Dda663B4546CA2e22605Dd31E18","TSGOV","uniswap","4","0xb31b1ac77571cc872a30237a0c84edb52df0f44b52478ce7ab39f7b6a0ee424c","[{\"protocol\":\"uniswap\",\"version\":4,\"pool\":\"0xb31b1ac77571cc872a30237a0c84edb52df0f44b52478ce7ab39f7b6a0ee424c\"}]","BUY","0x0000000000000000000000000000000000000000","0x34f7D072c2Fd4Dda663B4546CA2e22605Dd31E18","500000000000000","0x1111111111111111111111111111111111111111","4663","zero-x-swap","25","0x0000000000000000000000000000000000000000","9900","10000","ROUTABLE","FIRM_RETURNED","","0x0000000000001fF3684f28c67538d4D072C22734","59370496266900971028431","NOT_RUN_INSUFFICIENT_BALANCE","insufficient_balance","59964141265428715317156","59964141265428715317156","59370496266900971028431","true","500000000000000","0xc8d4e3b35fef4f326300a6b6abbe555331eaaa32364bf7f4ac0827c85a2d5803","0x39b38686A19836Ac10162c490E4558e120CbBE5f","0xb6c0bf3b83bc9ae4f6ed65a4f5f6c188eb3e4258d8d3b3705dff4ac02ed4a966","0x99f5e8edaceacfdd183eb5f1da8a7757b322495b80cf7928db289a1b1a09f799","insufficient_balance","","","","{\"status\":\"PASS\",\"mode\":\"ETH_CALL_EPHEMERAL_FUNDING\",\"walletAuthority\":false,\"blockNumber\":\"57644264\",\"blockHash\":\"0xfe6db92f0a7976a799311e2c864a81d1c6b05344acd5c174766e361fa688d029\",\"errorCode\":null,\"errorSelector\":null,\"calldataHash\":\"0xc8d4e3b35fef4f326300a6b6abbe555331eaaa32364bf7f4ac0827c85a2d5803\",\"gasLimit\":\"1448514\",\"gasPrice\":\"283124250\",\"transactionTarget\":\"0x0000000000001fF3684f28c67538d4D072C22734\",\"transactionValue\":\"500000000000000\",\"protectedOutput\":\"59370496266900971028431\",\"exactEnvelopePreserved\":true}"
"6","5272840","0x34f7D072c2Fd4Dda663B4546CA2e22605Dd31E18","TSGOV","uniswap","4","0xb31b1ac77571cc872a30237a0c84edb52df0f44b52478ce7ab39f7b6a0ee424c","[{\"protocol\":\"uniswap\",\"version\":4,\"pool\":\"0xb31b1ac77571cc872a30237a0c84edb52df0f44b52478ce7ab39f7b6a0ee424c\"}]","SELL","0x34f7D072c2Fd4Dda663B4546CA2e22605Dd31E18","0x0000000000000000000000000000000000000000","59964141265428715317156","0x1111111111111111111111111111111111111111","4663","zero-x-swap","25","0x34f7D072c2Fd4Dda663B4546CA2e22605Dd31E18","9900","10000","NO_ROUTE","no_route","","","","NOT_REACHED","no_route","","","","","","","","","","","","","",""
"7","5272840","0xaAD89c89DD8515074ee544E4dEcD772927F31D67","P1SUN","uniswap","2","0xf2f5eea5ab0e156d2743b0572d52e7f0cc6bcd12","[{\"protocol\":\"uniswap\",\"version\":2,\"pool\":\"0xf2f5eea5ab0e156d2743b0572d52e7f0cc6bcd12\"}]","BUY","0x0000000000000000000000000000000000000000","0xaAD89c89DD8515074ee544E4dEcD772927F31D67","500000000000000","0x1111111111111111111111111111111111111111","4663","zero-x-swap","25","0x0000000000000000000000000000000000000000","9900","10000","ROUTABLE","FIRM_RETURNED","","0x0000000000001fF3684f28c67538d4D072C22734","1201011755301545043466","NOT_RUN_INSUFFICIENT_BALANCE","insufficient_balance","1213020659833900666923","1213020659833900666923","1201011755301545043466","true","500000000000000","0x035f2357caf13a4e7d1d1064f082c1ff744938b727bebc372e2b4215e4086b83","0x39b38686A19836Ac10162c490E4558e120CbBE5f","0xb6c0bf3b83bc9ae4f6ed65a4f5f6c188eb3e4258d8d3b3705dff4ac02ed4a966","0x99f5e8edaceacfdd183eb5f1da8a7757b322495b80cf7928db289a1b1a09f799","insufficient_balance","","","","{\"status\":\"PASS\",\"mode\":\"ETH_CALL_EPHEMERAL_FUNDING\",\"walletAuthority\":false,\"blockNumber\":\"57644269\",\"blockHash\":\"0x57fbffa59fe0de5a1bf7daf48b01853c6a11476737210960d5c6e9cbd89965dd\",\"errorCode\":null,\"errorSelector\":null,\"calldataHash\":\"0x035f2357caf13a4e7d1d1064f082c1ff744938b727bebc372e2b4215e4086b83\",\"gasLimit\":\"312342\",\"gasPrice\":\"282658500\",\"transactionTarget\":\"0x0000000000001fF3684f28c67538d4D072C22734\",\"transactionValue\":\"500000000000000\",\"protectedOutput\":\"1201011755301545043466\",\"exactEnvelopePreserved\":true}"
"7","5272840","0xaAD89c89DD8515074ee544E4dEcD772927F31D67","P1SUN","uniswap","2","0xf2f5eea5ab0e156d2743b0572d52e7f0cc6bcd12","[{\"protocol\":\"uniswap\",\"version\":2,\"pool\":\"0xf2f5eea5ab0e156d2743b0572d52e7f0cc6bcd12\"}]","SELL","0xaAD89c89DD8515074ee544E4dEcD772927F31D67","0x0000000000000000000000000000000000000000","1213020659833900666923","0x1111111111111111111111111111111111111111","4663","zero-x-swap","25","0xaAD89c89DD8515074ee544E4dEcD772927F31D67","9900","10000","ROUTABLE","FIRM_RETURNED","0x0000000000001fF3684f28c67538d4D072C22734","0x0000000000001fF3684f28c67538d4D072C22734","465121472571874","NOT_RUN_INSUFFICIENT_BALANCE","insufficient_balance","469779274087615","469779274087615","465121472571874","true","0","0x417ea647d0d24e259d9326da06bb27d9228cacd27fa16c73e5536b0fdc2bdce5","0x39b38686A19836Ac10162c490E4558e120CbBE5f","0xb6c0bf3b83bc9ae4f6ed65a4f5f6c188eb3e4258d8d3b3705dff4ac02ed4a966","0x99f5e8edaceacfdd183eb5f1da8a7757b322495b80cf7928db289a1b1a09f799","insufficient_balance","erc20_to_allowance_holder","1213020659833900666923","0x0000000000001fF3684f28c67538d4D072C22734","{\"status\":\"PASS\",\"mode\":\"ETH_CALL_EPHEMERAL_FUNDING\",\"walletAuthority\":false,\"blockNumber\":\"57644279\",\"blockHash\":\"0xe6f5a01c5aefb468ccc0584bc9699d6a16d5b0c1ca5c75715f2631c5304c9f2d\",\"balanceSlot\":\"0xb7343549a9536f391671c3050c66deb1af0f3ede9688eb847b30447e55d6285a\",\"allowanceSlot\":\"0x626bfc13399720a313c8b8b6eb200c8cdf08a940d839d7727907e032402ec1fa\",\"allowanceSpender\":\"0x0000000000001fF3684f28c67538d4D072C22734\",\"allowanceAtomic\":\"1213020659833900666923\",\"errorCode\":null,\"errorSelector\":null,\"calldataHash\":\"0x417ea647d0d24e259d9326da06bb27d9228cacd27fa16c73e5536b0fdc2bdce5\",\"gasLimit\":\"312581\",\"gasPrice\":\"281274750\",\"transactionTarget\":\"0x0000000000001fF3684f28c67538d4D072C22734\",\"transactionValue\":\"0\",\"protectedOutput\":\"465121472571874\",\"exactEnvelopePreserved\":true}"
"8","5272840","0x372489438B64dbd4bC70478f8345382A7A9a4045","CRUMBS","uniswap","3","0x30240c6e8a569ffc187dafc8efacf25d23396c4a","[{\"protocol\":\"uniswap\",\"version\":3,\"pool\":\"0x30240c6e8a569ffc187dafc8efacf25d23396c4a\"}]","BUY","0x0000000000000000000000000000000000000000","0x372489438B64dbd4bC70478f8345382A7A9a4045","500000000000000","0x1111111111111111111111111111111111111111","4663","zero-x-swap","25","0x0000000000000000000000000000000000000000","9900","10000","ROUTABLE","FIRM_RETURNED","","0x0000000000001fF3684f28c67538d4D072C22734","4828532402423251687757","NOT_RUN_INSUFFICIENT_BALANCE","insufficient_balance","4876812849634634577419","4876812849634634577419","4828532402423251687757","true","500000000000000","0x7196014373a37384a3c203b20c465c4a6436735e9347950638a07d788698a205","0x39b38686A19836Ac10162c490E4558e120CbBE5f","0xb6c0bf3b83bc9ae4f6ed65a4f5f6c188eb3e4258d8d3b3705dff4ac02ed4a966","0x99f5e8edaceacfdd183eb5f1da8a7757b322495b80cf7928db289a1b1a09f799","insufficient_balance","","","","{\"status\":\"PASS\",\"mode\":\"ETH_CALL_EPHEMERAL_FUNDING\",\"walletAuthority\":false,\"blockNumber\":\"57644294\",\"blockHash\":\"0x29d41fb8d0ca85c37d821c591843a2795133a88af60a6df9cd5b238119716481\",\"errorCode\":null,\"errorSelector\":null,\"calldataHash\":\"0x7196014373a37384a3c203b20c465c4a6436735e9347950638a07d788698a205\",\"gasLimit\":\"332305\",\"gasPrice\":\"283689000\",\"transactionTarget\":\"0x0000000000001fF3684f28c67538d4D072C22734\",\"transactionValue\":\"500000000000000\",\"protectedOutput\":\"4828532402423251687757\",\"exactEnvelopePreserved\":true}"
"8","5272840","0x372489438B64dbd4bC70478f8345382A7A9a4045","CRUMBS","uniswap","3","0x30240c6e8a569ffc187dafc8efacf25d23396c4a","[{\"protocol\":\"uniswap\",\"version\":3,\"pool\":\"0x30240c6e8a569ffc187dafc8efacf25d23396c4a\"}]","SELL","0x372489438B64dbd4bC70478f8345382A7A9a4045","0x0000000000000000000000000000000000000000","4876812849634634577419","0x1111111111111111111111111111111111111111","4663","zero-x-swap","25","0x372489438B64dbd4bC70478f8345382A7A9a4045","9900","10000","OTHER_EXACT_CLASSIFICATION","invalid_response","","","","NOT_REACHED","invalid_response","","","","","","","","","","","","","",""
"9","5272840","0x44CdDBcd2f51FA0e174e02547f3DcC55b620Fd01","STRATEGY","uniswap","4","0x0627885f897e5c62874d81f0eb9c18a2cb4065c40462e6d0b43599223ec8f079","[{\"protocol\":\"uniswap\",\"version\":4,\"pool\":\"0x0627885f897e5c62874d81f0eb9c18a2cb4065c40462e6d0b43599223ec8f079\"}]","BUY","0x0000000000000000000000000000000000000000","0x44CdDBcd2f51FA0e174e02547f3DcC55b620Fd01","500000000000000","0x1111111111111111111111111111111111111111","4663","zero-x-swap","25","0x0000000000000000000000000000000000000000","9900","10000","ROUTABLE","FIRM_RETURNED","","0x0000000000001fF3684f28c67538d4D072C22734","260209161357636040368555","NOT_RUN_INSUFFICIENT_BALANCE","insufficient_balance","262810990160222240556415","262810990160222240556415","260209161357636040368555","true","500000000000000","0xe2670c09931e4a1f09c22d8e32957fbacdcb667122d594cdc499b12724afc999","0x39b38686A19836Ac10162c490E4558e120CbBE5f","0xb6c0bf3b83bc9ae4f6ed65a4f5f6c188eb3e4258d8d3b3705dff4ac02ed4a966","0x99f5e8edaceacfdd183eb5f1da8a7757b322495b80cf7928db289a1b1a09f799","insufficient_balance","","","","{\"status\":\"PASS\",\"mode\":\"ETH_CALL_EPHEMERAL_FUNDING\",\"walletAuthority\":false,\"blockNumber\":\"57644304\",\"blockHash\":\"0x28d6edc33719305a2f2dc632f65ecb24376351fc4432c869980f44d3499053ed\",\"errorCode\":null,\"errorSelector\":null,\"calldataHash\":\"0xe2670c09931e4a1f09c22d8e32957fbacdcb667122d594cdc499b12724afc999\",\"gasLimit\":\"576656\",\"gasPrice\":\"281274750\",\"transactionTarget\":\"0x0000000000001fF3684f28c67538d4D072C22734\",\"transactionValue\":\"500000000000000\",\"protectedOutput\":\"260209161357636040368555\",\"exactEnvelopePreserved\":true}"
"9","5272840","0x44CdDBcd2f51FA0e174e02547f3DcC55b620Fd01","STRATEGY","uniswap","4","0x0627885f897e5c62874d81f0eb9c18a2cb4065c40462e6d0b43599223ec8f079","[{\"protocol\":\"uniswap\",\"version\":4,\"pool\":\"0x0627885f897e5c62874d81f0eb9c18a2cb4065c40462e6d0b43599223ec8f079\"}]","SELL","0x44CdDBcd2f51FA0e174e02547f3DcC55b620Fd01","0x0000000000000000000000000000000000000000","262810990160222240556415","0x1111111111111111111111111111111111111111","4663","zero-x-swap","25","0x44CdDBcd2f51FA0e174e02547f3DcC55b620Fd01","9900","10000","ROUTABLE","FIRM_RETURNED","0x0000000000001fF3684f28c67538d4D072C22734","0x0000000000001fF3684f28c67538d4D072C22734","470420389737800","NOT_RUN_INSUFFICIENT_BALANCE","insufficient_balance","475131255465500","475131255465500","470420389737800","true","0","0x2f51a41c151742a1e1be87791c4dc29562916603028d984de4b95e3563101937","0x39b38686A19836Ac10162c490E4558e120CbBE5f","0xb6c0bf3b83bc9ae4f6ed65a4f5f6c188eb3e4258d8d3b3705dff4ac02ed4a966","0x99f5e8edaceacfdd183eb5f1da8a7757b322495b80cf7928db289a1b1a09f799","insufficient_balance","erc20_to_allowance_holder","262810990160222240556415","0x0000000000001fF3684f28c67538d4D072C22734","{\"status\":\"PASS\",\"mode\":\"ETH_CALL_EPHEMERAL_FUNDING\",\"walletAuthority\":false,\"blockNumber\":\"57644315\",\"blockHash\":\"0x0ab6b2a5a5a3605947dea673a15612b4d91afd89583eb0ef7d0f2f7195d30f11\",\"balanceSlot\":\"0xfc40ea33816453f766ebc0872d4b5152b468882abe7b6b35528069db4d6e41c4\",\"allowanceSlot\":\"0xff5ad6a19694d8c773fd8fb371e835b382d754cc0dd437b4bb885a14b6521290\",\"allowanceSpender\":\"0x0000000000001fF3684f28c67538d4D072C22734\",\"allowanceAtomic\":\"262810990160222240556415\",\"errorCode\":null,\"errorSelector\":null,\"calldataHash\":\"0x2f51a41c151742a1e1be87791c4dc29562916603028d984de4b95e3563101937\",\"gasLimit\":\"576361\",\"gasPrice\":\"282318750\",\"transactionTarget\":\"0x0000000000001fF3684f28c67538d4D072C22734\",\"transactionValue\":\"0\",\"protectedOutput\":\"470420389737800\",\"exactEnvelopePreserved\":true}"
"10","5272840","0x94f0f1F47c74d2Cb944745253B12AD29b97b0256","STOCKCRAFT","uniswap","2","0x597c27f4ebdc02ed67431167ef3a92912d12558c","[{\"protocol\":\"uniswap\",\"version\":2,\"pool\":\"0x597c27f4ebdc02ed67431167ef3a92912d12558c\"}]","BUY","0x0000000000000000000000000000000000000000","0x94f0f1F47c74d2Cb944745253B12AD29b97b0256","500000000000000","0x1111111111111111111111111111111111111111","4663","zero-x-swap","25","0x0000000000000000000000000000000000000000","9900","10000","ROUTABLE","FIRM_RETURNED","","0x0000000000001fF3684f28c67538d4D072C22734","54392696483441109343573","NOT_RUN_INSUFFICIENT_BALANCE","insufficient_balance","54936568511707008732626","54936568511707008732626","54392696483441109343573","true","500000000000000","0x1cc93eb59611065bd808cc8895b0089c455aaaa2dee30bb34a079c0cc380a64e","0x39b38686A19836Ac10162c490E4558e120CbBE5f","0xb6c0bf3b83bc9ae4f6ed65a4f5f6c188eb3e4258d8d3b3705dff4ac02ed4a966","0x99f5e8edaceacfdd183eb5f1da8a7757b322495b80cf7928db289a1b1a09f799","insufficient_balance","","","","{\"status\":\"PASS\",\"mode\":\"ETH_CALL_EPHEMERAL_FUNDING\",\"walletAuthority\":false,\"blockNumber\":\"57644330\",\"blockHash\":\"0x00b06ef907f4ff2e4308bfe83be0dc5fe8e58f733db19a43a749c161508f07c4\",\"errorCode\":null,\"errorSelector\":null,\"calldataHash\":\"0x1cc93eb59611065bd808cc8895b0089c455aaaa2dee30bb34a079c0cc380a64e\",\"gasLimit\":\"310772\",\"gasPrice\":\"280669500\",\"transactionTarget\":\"0x0000000000001fF3684f28c67538d4D072C22734\",\"transactionValue\":\"500000000000000\",\"protectedOutput\":\"54392696483441109343573\",\"exactEnvelopePreserved\":true}"
"10","5272840","0x94f0f1F47c74d2Cb944745253B12AD29b97b0256","STOCKCRAFT","uniswap","2","0x597c27f4ebdc02ed67431167ef3a92912d12558c","[{\"protocol\":\"uniswap\",\"version\":2,\"pool\":\"0x597c27f4ebdc02ed67431167ef3a92912d12558c\"}]","SELL","0x94f0f1F47c74d2Cb944745253B12AD29b97b0256","0x0000000000000000000000000000000000000000","54936568511707008732626","0x1111111111111111111111111111111111111111","4663","zero-x-swap","25","0x94f0f1F47c74d2Cb944745253B12AD29b97b0256","9900","10000","OTHER_EXACT_CLASSIFICATION","invalid_response","","","","NOT_REACHED","invalid_response","","","","","","","","","","","","","",""
"11","5272840","0xBD0fD22F59B4C59cb49496976789A4ab4abeb218","CDOGE","uniswap","3","0x959509169222af2ade64d1e238c5fc25e1678a03","[{\"protocol\":\"uniswap\",\"version\":3,\"pool\":\"0x959509169222af2ade64d1e238c5fc25e1678a03\"}]","BUY","0x0000000000000000000000000000000000000000","0xBD0fD22F59B4C59cb49496976789A4ab4abeb218","500000000000000","0x1111111111111111111111111111111111111111","4663","zero-x-swap","25","0x0000000000000000000000000000000000000000","9900","10000","ROUTABLE","FIRM_RETURNED","","0x0000000000001fF3684f28c67538d4D072C22734","358635453569642412596983","NOT_RUN_INSUFFICIENT_BALANCE","insufficient_balance","362221445883892952833409","362221445883892952833409","358635453569642412596983","true","500000000000000","0x90f58d5f7e94291188b4f0403d15c4c93df56a06614bf1391aa1c00ac3582196","0x39b38686A19836Ac10162c490E4558e120CbBE5f","0xb6c0bf3b83bc9ae4f6ed65a4f5f6c188eb3e4258d8d3b3705dff4ac02ed4a966","0x99f5e8edaceacfdd183eb5f1da8a7757b322495b80cf7928db289a1b1a09f799","insufficient_balance","","","","{\"status\":\"PASS\",\"mode\":\"ETH_CALL_EPHEMERAL_FUNDING\",\"walletAuthority\":false,\"blockNumber\":\"57644334\",\"blockHash\":\"0xa7b8af551334772d110d793180bb7c26d0a041e76b58055adc93d3fafc077cbc\",\"errorCode\":null,\"errorSelector\":null,\"calldataHash\":\"0x90f58d5f7e94291188b4f0403d15c4c93df56a06614bf1391aa1c00ac3582196\",\"gasLimit\":\"371528\",\"gasPrice\":\"283689000\",\"transactionTarget\":\"0x0000000000001fF3684f28c67538d4D072C22734\",\"transactionValue\":\"500000000000000\",\"protectedOutput\":\"358635453569642412596983\",\"exactEnvelopePreserved\":true}"
"11","5272840","0xBD0fD22F59B4C59cb49496976789A4ab4abeb218","CDOGE","uniswap","3","0x959509169222af2ade64d1e238c5fc25e1678a03","[{\"protocol\":\"uniswap\",\"version\":3,\"pool\":\"0x959509169222af2ade64d1e238c5fc25e1678a03\"}]","SELL","0xBD0fD22F59B4C59cb49496976789A4ab4abeb218","0x0000000000000000000000000000000000000000","362221445883892952833409","0x1111111111111111111111111111111111111111","4663","zero-x-swap","25","0xBD0fD22F59B4C59cb49496976789A4ab4abeb218","9900","10000","OTHER_EXACT_CLASSIFICATION","invalid_response","","","","NOT_REACHED","invalid_response","","","","","","","","","","","","","",""
"12","5272840","0x7d0B434D7DA5c97e3eAa505Cfc6fDfD1b91CEd70","IMPRINT","uniswap","4","0x3d01d564abecd17af9613936f69fb194b8df68442a269e900623871516e24e06","[{\"protocol\":\"uniswap\",\"version\":4,\"pool\":\"0x3d01d564abecd17af9613936f69fb194b8df68442a269e900623871516e24e06\"}]","BUY","0x0000000000000000000000000000000000000000","0x7d0B434D7DA5c97e3eAa505Cfc6fDfD1b91CEd70","500000000000000","0x1111111111111111111111111111111111111111","4663","zero-x-swap","25","0x0000000000000000000000000000000000000000","9900","10000","ROUTABLE","FIRM_RETURNED","","0x0000000000001fF3684f28c67538d4D072C22734","290298740451768561724349","NOT_RUN_INSUFFICIENT_BALANCE","insufficient_balance","293201434654851592498794","293201434654851592498794","290298740451768561724349","true","500000000000000","0x43fe705dfb164713acf4fffa7e91bf7177d8c9698f9169360338ae741a30570f","0x39b38686A19836Ac10162c490E4558e120CbBE5f","0xb6c0bf3b83bc9ae4f6ed65a4f5f6c188eb3e4258d8d3b3705dff4ac02ed4a966","0x99f5e8edaceacfdd183eb5f1da8a7757b322495b80cf7928db289a1b1a09f799","insufficient_balance","","","","{\"status\":\"PASS\",\"mode\":\"ETH_CALL_EPHEMERAL_FUNDING\",\"walletAuthority\":false,\"blockNumber\":\"57644339\",\"blockHash\":\"0x6106bbfb482afadf22429edc588b3bcdca80b70ec211a6a705be10d7e461b86a\",\"errorCode\":null,\"errorSelector\":null,\"calldataHash\":\"0x43fe705dfb164713acf4fffa7e91bf7177d8c9698f9169360338ae741a30570f\",\"gasLimit\":\"339931\",\"gasPrice\":\"280669500\",\"transactionTarget\":\"0x0000000000001fF3684f28c67538d4D072C22734\",\"transactionValue\":\"500000000000000\",\"protectedOutput\":\"290298740451768561724349\",\"exactEnvelopePreserved\":true}"
"12","5272840","0x7d0B434D7DA5c97e3eAa505Cfc6fDfD1b91CEd70","IMPRINT","uniswap","4","0x3d01d564abecd17af9613936f69fb194b8df68442a269e900623871516e24e06","[{\"protocol\":\"uniswap\",\"version\":4,\"pool\":\"0x3d01d564abecd17af9613936f69fb194b8df68442a269e900623871516e24e06\"}]","SELL","0x7d0B434D7DA5c97e3eAa505Cfc6fDfD1b91CEd70","0x0000000000000000000000000000000000000000","293201434654851592498794","0x1111111111111111111111111111111111111111","4663","zero-x-swap","25","0x7d0B434D7DA5c97e3eAa505Cfc6fDfD1b91CEd70","9900","10000","OTHER_EXACT_CLASSIFICATION","invalid_response","","","","NOT_REACHED","invalid_response","","","","","","","","","","","","","",""
"13","5272840","0x831A3962e31037cf4Eb8847cb7eA05aaC1Db35B6","DAMES","uniswap","2","0x0393168875b3b6a5f25769d1740525852ab348c2","[{\"protocol\":\"uniswap\",\"version\":2,\"pool\":\"0x0393168875b3b6a5f25769d1740525852ab348c2\"}]","BUY","0x0000000000000000000000000000000000000000","0x831A3962e31037cf4Eb8847cb7eA05aaC1Db35B6","500000000000000","0x1111111111111111111111111111111111111111","4663","zero-x-swap","25","0x0000000000000000000000000000000000000000","9900","10000","ROUTABLE","FIRM_RETURNED","","0x0000000000001fF3684f28c67538d4D072C22734","65601748243400255579","NOT_RUN_INSUFFICIENT_BALANCE","insufficient_balance","66257699468134791056","66257699468134791056","65601748243400255579","true","500000000000000","0xaafca26021d465ac2e8385f39189a6f7f34aca55c80a3998b3d2b26c338423dc","0x39b38686A19836Ac10162c490E4558e120CbBE5f","0xb6c0bf3b83bc9ae4f6ed65a4f5f6c188eb3e4258d8d3b3705dff4ac02ed4a966","0x99f5e8edaceacfdd183eb5f1da8a7757b322495b80cf7928db289a1b1a09f799","insufficient_balance","","","","{\"status\":\"PASS\",\"mode\":\"ETH_CALL_EPHEMERAL_FUNDING\",\"walletAuthority\":false,\"blockNumber\":\"57644349\",\"blockHash\":\"0x924e0d95b64191092cefa8a188bffb5bec74151211194e1cf9389da4894a41d4\",\"errorCode\":null,\"errorSelector\":null,\"calldataHash\":\"0xaafca26021d465ac2e8385f39189a6f7f34aca55c80a3998b3d2b26c338423dc\",\"gasLimit\":\"315522\",\"gasPrice\":\"280356750\",\"transactionTarget\":\"0x0000000000001fF3684f28c67538d4D072C22734\",\"transactionValue\":\"500000000000000\",\"protectedOutput\":\"65601748243400255579\",\"exactEnvelopePreserved\":true}"
"13","5272840","0x831A3962e31037cf4Eb8847cb7eA05aaC1Db35B6","DAMES","uniswap","2","0x0393168875b3b6a5f25769d1740525852ab348c2","[{\"protocol\":\"uniswap\",\"version\":2,\"pool\":\"0x0393168875b3b6a5f25769d1740525852ab348c2\"}]","SELL","0x831A3962e31037cf4Eb8847cb7eA05aaC1Db35B6","0x0000000000000000000000000000000000000000","66257699468134791056","0x1111111111111111111111111111111111111111","4663","zero-x-swap","25","0x831A3962e31037cf4Eb8847cb7eA05aaC1Db35B6","9900","10000","OTHER_EXACT_CLASSIFICATION","invalid_response","","","","NOT_REACHED","invalid_response","","","","","","","","","","","","","",""
"14","5272840","0x632Add287Caa4Ec2F1E9913D69D10D1565f066d1","TST11","uniswap","3","0x2fa125f24265aadbf6338bb322c729ce974361e5","[{\"protocol\":\"uniswap\",\"version\":3,\"pool\":\"0x2fa125f24265aadbf6338bb322c729ce974361e5\"}]","BUY","0x0000000000000000000000000000000000000000","0x632Add287Caa4Ec2F1E9913D69D10D1565f066d1","500000000000000","0x1111111111111111111111111111111111111111","4663","zero-x-swap","25","0x0000000000000000000000000000000000000000","9900","10000","ROUTABLE","FIRM_RETURNED","","0x0000000000001fF3684f28c67538d4D072C22734","7963956473881935587732585","NOT_RUN_INSUFFICIENT_BALANCE","insufficient_balance","8043587995032759910856637","8043587995032759910856637","7963956473881935587732585","true","500000000000000","0x2cb67a1bda76c00f67f0a8e14490337ccb0c6d687fc1709840e4c8dac2a5c540","0x39b38686A19836Ac10162c490E4558e120CbBE5f","0xb6c0bf3b83bc9ae4f6ed65a4f5f6c188eb3e4258d8d3b3705dff4ac02ed4a966","0x99f5e8edaceacfdd183eb5f1da8a7757b322495b80cf7928db289a1b1a09f799","insufficient_balance","","","","{\"status\":\"PASS\",\"mode\":\"ETH_CALL_EPHEMERAL_FUNDING\",\"walletAuthority\":false,\"blockNumber\":\"57644359\",\"blockHash\":\"0xa056874b258e8fe5ec8b10f2c389ed556079c47ceea662581476360edac0fcdf\",\"errorCode\":null,\"errorSelector\":null,\"calldataHash\":\"0x2cb67a1bda76c00f67f0a8e14490337ccb0c6d687fc1709840e4c8dac2a5c540\",\"gasLimit\":\"742930\",\"gasPrice\":\"280356750\",\"transactionTarget\":\"0x0000000000001fF3684f28c67538d4D072C22734\",\"transactionValue\":\"500000000000000\",\"protectedOutput\":\"7963956473881935587732585\",\"exactEnvelopePreserved\":true}"
"14","5272840","0x632Add287Caa4Ec2F1E9913D69D10D1565f066d1","TST11","uniswap","3","0x2fa125f24265aadbf6338bb322c729ce974361e5","[{\"protocol\":\"uniswap\",\"version\":3,\"pool\":\"0x2fa125f24265aadbf6338bb322c729ce974361e5\"}]","SELL","0x632Add287Caa4Ec2F1E9913D69D10D1565f066d1","0x0000000000000000000000000000000000000000","8043587995032759910856637","0x1111111111111111111111111111111111111111","4663","zero-x-swap","25","0x632Add287Caa4Ec2F1E9913D69D10D1565f066d1","9900","10000","OTHER_EXACT_CLASSIFICATION","invalid_response","","","","NOT_REACHED","invalid_response","","","","","","","","","","","","","",""
"15","5272840","0x778c5c511BEa28aB94fE754E1d09C31886327001","MEMORY","uniswap","4","0x3ad57af77975929b4aa51fcffe5a003e4a847229fb2644b6883f376f29e98bc0","[{\"protocol\":\"uniswap\",\"version\":4,\"pool\":\"0x3ad57af77975929b4aa51fcffe5a003e4a847229fb2644b6883f376f29e98bc0\"}]","BUY","0x0000000000000000000000000000000000000000","0x778c5c511BEa28aB94fE754E1d09C31886327001","500000000000000","0x1111111111111111111111111111111111111111","4663","zero-x-swap","25","0x0000000000000000000000000000000000000000","9900","10000","ROUTABLE","FIRM_RETURNED","","0x0000000000001fF3684f28c67538d4D072C22734","74704375024647421951062","NOT_RUN_INSUFFICIENT_BALANCE","insufficient_balance","75451343323550572627925","75451343323550572627925","74704375024647421951062","true","500000000000000","0x23ce1f80d561b58e6f1bddd8760d19f9ea30f7d5e044c7dbb2fa990c37ce81fe","0x39b38686A19836Ac10162c490E4558e120CbBE5f","0xb6c0bf3b83bc9ae4f6ed65a4f5f6c188eb3e4258d8d3b3705dff4ac02ed4a966","0x99f5e8edaceacfdd183eb5f1da8a7757b322495b80cf7928db289a1b1a09f799","insufficient_balance","","","","{\"status\":\"PASS\",\"mode\":\"ETH_CALL_EPHEMERAL_FUNDING\",\"walletAuthority\":false,\"blockNumber\":\"57644375\",\"blockHash\":\"0x743352922057ebf6f95dfd9b0cba503aedafb3ab9779a62f52814aaa8efa3419\",\"errorCode\":null,\"errorSelector\":null,\"calldataHash\":\"0x23ce1f80d561b58e6f1bddd8760d19f9ea30f7d5e044c7dbb2fa990c37ce81fe\",\"gasLimit\":\"567787\",\"gasPrice\":\"280669500\",\"transactionTarget\":\"0x0000000000001fF3684f28c67538d4D072C22734\",\"transactionValue\":\"500000000000000\",\"protectedOutput\":\"74704375024647421951062\",\"exactEnvelopePreserved\":true}"
"15","5272840","0x778c5c511BEa28aB94fE754E1d09C31886327001","MEMORY","uniswap","4","0x3ad57af77975929b4aa51fcffe5a003e4a847229fb2644b6883f376f29e98bc0","[{\"protocol\":\"uniswap\",\"version\":4,\"pool\":\"0x3ad57af77975929b4aa51fcffe5a003e4a847229fb2644b6883f376f29e98bc0\"}]","SELL","0x778c5c511BEa28aB94fE754E1d09C31886327001","0x0000000000000000000000000000000000000000","75451343323550572627925","0x1111111111111111111111111111111111111111","4663","zero-x-swap","25","0x778c5c511BEa28aB94fE754E1d09C31886327001","9900","10000","OTHER_EXACT_CLASSIFICATION","invalid_response","","","","NOT_REACHED","invalid_response","","","","","","","","","","","","","",""
"16","5272840","0x0Bd7D308f8E1639FAb988df18A8011f41EAcAD73","WETH","uniswap","2","0x0393168875b3b6a5f25769d1740525852ab348c2","[{\"protocol\":\"uniswap\",\"version\":2,\"pool\":\"0x0393168875b3b6a5f25769d1740525852ab348c2\"},{\"protocol\":\"uniswap\",\"version\":3,\"pool\":\"0x07d5abd7ad97b3e9dffd8f129cb64be08d4430bb\"},{\"protocol\":\"uniswap\",\"version\":3,\"pool\":\"0x395e3890290561e8bd460cf6fce0053befa9bd8d\"},{\"protocol\":\"uniswap\",\"version\":4,\"pool\":\"0x456a5025f2edee58ac68b114b0ccd932b48fe383139aada4e62d5dbd3edb9cf6\"},{\"protocol\":\"uniswap\",\"version\":4,\"pool\":\"0x5768343bb66c420d0b925858d7599034294982f3cdc65deba0a480173cd1b249\"},{\"protocol\":\"uniswap\",\"version\":4,\"pool\":\"0x5ea7f36ad3d6655c9c3563967a3e6fc84f019a721cec80108d4af4485cff609f\"},{\"protocol\":\"uniswap\",\"version\":4,\"pool\":\"0x77064464cb203d939659b229b4b378c1a94691e624c31792d7f26988bf261a4b\"},{\"protocol\":\"uniswap\",\"version\":4,\"pool\":\"0xa9464d523f0f3bede8e6cd83c33283fa98a24da3b513504f5b2656299c5cb021\"},{\"protocol\":\"uniswap\",\"version\":4,\"pool\":\"0xad3708a19e9294fe5af18e2d965ee39a7f4ced076dd6251274bb3664926cb794\"},{\"protocol\":\"uniswap\",\"version\":4,\"pool\":\"0xceeea1fc13365eab28a88aef1109e45c91acaace4cf0a2b6843f864a3c3ddffb\"},{\"protocol\":\"uniswap\",\"version\":4,\"pool\":\"0xd737d5dc7de67fbac6c1c292a920b318485dc5ce91741a1906298b53ffb7d133\"}]","BUY","0x0000000000000000000000000000000000000000","0x0Bd7D308f8E1639FAb988df18A8011f41EAcAD73","500000000000000","0x1111111111111111111111111111111111111111","4663","zero-x-swap","25","0x0000000000000000000000000000000000000000","9900","10000","OTHER_EXACT_CLASSIFICATION","invalid_response","","","","NOT_REACHED","invalid_response","","","","","","","","","","","","","",""
"16","5272840","0x0Bd7D308f8E1639FAb988df18A8011f41EAcAD73","WETH","uniswap","2","0x0393168875b3b6a5f25769d1740525852ab348c2","[{\"protocol\":\"uniswap\",\"version\":2,\"pool\":\"0x0393168875b3b6a5f25769d1740525852ab348c2\"},{\"protocol\":\"uniswap\",\"version\":3,\"pool\":\"0x07d5abd7ad97b3e9dffd8f129cb64be08d4430bb\"},{\"protocol\":\"uniswap\",\"version\":3,\"pool\":\"0x395e3890290561e8bd460cf6fce0053befa9bd8d\"},{\"protocol\":\"uniswap\",\"version\":4,\"pool\":\"0x456a5025f2edee58ac68b114b0ccd932b48fe383139aada4e62d5dbd3edb9cf6\"},{\"protocol\":\"uniswap\",\"version\":4,\"pool\":\"0x5768343bb66c420d0b925858d7599034294982f3cdc65deba0a480173cd1b249\"},{\"protocol\":\"uniswap\",\"version\":4,\"pool\":\"0x5ea7f36ad3d6655c9c3563967a3e6fc84f019a721cec80108d4af4485cff609f\"},{\"protocol\":\"uniswap\",\"version\":4,\"pool\":\"0x77064464cb203d939659b229b4b378c1a94691e624c31792d7f26988bf261a4b\"},{\"protocol\":\"uniswap\",\"version\":4,\"pool\":\"0xa9464d523f0f3bede8e6cd83c33283fa98a24da3b513504f5b2656299c5cb021\"},{\"protocol\":\"uniswap\",\"version\":4,\"pool\":\"0xad3708a19e9294fe5af18e2d965ee39a7f4ced076dd6251274bb3664926cb794\"},{\"protocol\":\"uniswap\",\"version\":4,\"pool\":\"0xceeea1fc13365eab28a88aef1109e45c91acaace4cf0a2b6843f864a3c3ddffb\"},{\"protocol\":\"uniswap\",\"version\":4,\"pool\":\"0xd737d5dc7de67fbac6c1c292a920b318485dc5ce91741a1906298b53ffb7d133\"}]","SELL","0x0Bd7D308f8E1639FAb988df18A8011f41EAcAD73","0x0000000000000000000000000000000000000000","1000000000000000000","0x1111111111111111111111111111111111111111","4663","zero-x-swap","25","0x0Bd7D308f8E1639FAb988df18A8011f41EAcAD73","9900","10000","OTHER_EXACT_CLASSIFICATION","invalid_response","","","","NOT_REACHED","invalid_response","","","","","","","","","","","","","",""
"17","5272840","0x3d493A8Dd5199651D5449ff44fbf52dF1455799B","MONA","uniswap","3","0x2ca89520e03aa5a41e48146cf928fc462a6d5c7e","[{\"protocol\":\"uniswap\",\"version\":3,\"pool\":\"0x2ca89520e03aa5a41e48146cf928fc462a6d5c7e\"},{\"protocol\":\"uniswap\",\"version\":4,\"pool\":\"0x24c8479141a866e3ac5b03c806dcb7c595a7da488b1685869f2b9b33e8ea0d3d\"}]","BUY","0x0000000000000000000000000000000000000000","0x3d493A8Dd5199651D5449ff44fbf52dF1455799B","500000000000000","0x1111111111111111111111111111111111111111","4663","zero-x-swap","25","0x0000000000000000000000000000000000000000","9900","10000","ROUTABLE","FIRM_RETURNED","","0x0000000000001fF3684f28c67538d4D072C22734","1403536057","NOT_RUN_INSUFFICIENT_BALANCE","insufficient_balance","1417573684","1417573684","1403536057","true","500000000000000","0xca9c26295817424170b2003cbde2e1a844d68a0af34497f00275b794d37abc95","0x39b38686A19836Ac10162c490E4558e120CbBE5f","0xb6c0bf3b83bc9ae4f6ed65a4f5f6c188eb3e4258d8d3b3705dff4ac02ed4a966","0x99f5e8edaceacfdd183eb5f1da8a7757b322495b80cf7928db289a1b1a09f799","insufficient_balance","","","","{\"status\":\"PASS\",\"mode\":\"ETH_CALL_EPHEMERAL_FUNDING\",\"walletAuthority\":false,\"blockNumber\":\"57644384\",\"blockHash\":\"0x11760e068780ba204638d66eb8f5306df71c3bf9300349191a7d1c48a60961da\",\"errorCode\":null,\"errorSelector\":null,\"calldataHash\":\"0xca9c26295817424170b2003cbde2e1a844d68a0af34497f00275b794d37abc95\",\"gasLimit\":\"323909\",\"gasPrice\":\"280356750\",\"transactionTarget\":\"0x0000000000001fF3684f28c67538d4D072C22734\",\"transactionValue\":\"500000000000000\",\"protectedOutput\":\"1403536057\",\"exactEnvelopePreserved\":true}"
"17","5272840","0x3d493A8Dd5199651D5449ff44fbf52dF1455799B","MONA","uniswap","3","0x2ca89520e03aa5a41e48146cf928fc462a6d5c7e","[{\"protocol\":\"uniswap\",\"version\":3,\"pool\":\"0x2ca89520e03aa5a41e48146cf928fc462a6d5c7e\"},{\"protocol\":\"uniswap\",\"version\":4,\"pool\":\"0x24c8479141a866e3ac5b03c806dcb7c595a7da488b1685869f2b9b33e8ea0d3d\"}]","SELL","0x3d493A8Dd5199651D5449ff44fbf52dF1455799B","0x0000000000000000000000000000000000000000","1417573684","0x1111111111111111111111111111111111111111","4663","zero-x-swap","25","0x3d493A8Dd5199651D5449ff44fbf52dF1455799B","9900","10000","ROUTABLE","FIRM_RETURNED","0x0000000000001fF3684f28c67538d4D072C22734","0x0000000000001fF3684f28c67538d4D072C22734","481321069223292","NOT_RUN_INSUFFICIENT_BALANCE","insufficient_balance","486141096115170","486141096115170","481321069223292","true","0","0x1ec9650521d93ebf482e0c96025a6380c5ef71f3b2f765977c66d9ca0ad23dc7","0x39b38686A19836Ac10162c490E4558e120CbBE5f","0xb6c0bf3b83bc9ae4f6ed65a4f5f6c188eb3e4258d8d3b3705dff4ac02ed4a966","0x99f5e8edaceacfdd183eb5f1da8a7757b322495b80cf7928db289a1b1a09f799","insufficient_balance","erc20_to_allowance_holder","1417573684","0x0000000000001fF3684f28c67538d4D072C22734","{\"status\":\"PASS\",\"mode\":\"ETH_CALL_EPHEMERAL_FUNDING\",\"walletAuthority\":false,\"blockNumber\":\"57644389\",\"blockHash\":\"0x528ae646ebb6f7bb4e955b0c681de110de9712e5758336061c38cb3c5d6a5939\",\"balanceSlot\":\"0xf043c50fe795c69f30b8ff78b84032dc53a9d87ca283ae10a1dacfbb648e83ef\",\"allowanceSlot\":\"0x8633cf2d93cf08d5beab4385c45958edebafa053650c03b0a14121e3dde9d80f\",\"allowanceSpender\":\"0x0000000000001fF3684f28c67538d4D072C22734\",\"allowanceAtomic\":\"1417573684\",\"errorCode\":null,\"errorSelector\":null,\"calldataHash\":\"0x1ec9650521d93ebf482e0c96025a6380c5ef71f3b2f765977c66d9ca0ad23dc7\",\"gasLimit\":\"321478\",\"gasPrice\":\"280356750\",\"transactionTarget\":\"0x0000000000001fF3684f28c67538d4D072C22734\",\"transactionValue\":\"0\",\"protectedOutput\":\"481321069223292\",\"exactEnvelopePreserved\":true}"
"18","5272840","0x87e2090283652685BD0cdf1c0e45263084C31e18","BACKSWAP","uniswap","4","0x6350ef58f29c823d26d833ae796d84fe0745f2f3d8d5288f1c01f3f7fbb89ab7","[{\"protocol\":\"uniswap\",\"version\":4,\"pool\":\"0x6350ef58f29c823d26d833ae796d84fe0745f2f3d8d5288f1c01f3f7fbb89ab7\"}]","BUY","0x0000000000000000000000000000000000000000","0x87e2090283652685BD0cdf1c0e45263084C31e18","500000000000000","0x1111111111111111111111111111111111111111","4663","zero-x-swap","25","0x0000000000000000000000000000000000000000","9900","10000","ROUTABLE","FIRM_RETURNED","","0x0000000000001fF3684f28c67538d4D072C22734","58288789130156479881084","NOT_RUN_INSUFFICIENT_BALANCE","insufficient_balance","58871618149839894845619","58871618149839894845619","58288789130156479881084","true","500000000000000","0x0aa85bc4b011039e478b7d77271001b100bffd2901fe5108375096f1eb1439b7","0x39b38686A19836Ac10162c490E4558e120CbBE5f","0xb6c0bf3b83bc9ae4f6ed65a4f5f6c188eb3e4258d8d3b3705dff4ac02ed4a966","0x99f5e8edaceacfdd183eb5f1da8a7757b322495b80cf7928db289a1b1a09f799","insufficient_balance","","","","{\"status\":\"PASS\",\"mode\":\"ETH_CALL_EPHEMERAL_FUNDING\",\"walletAuthority\":false,\"blockNumber\":\"57644404\",\"blockHash\":\"0xd25877823fa50c560cf2e2e167d83c33c5d90fcbb50db241550cb1622996712d\",\"errorCode\":null,\"errorSelector\":null,\"calldataHash\":\"0x0aa85bc4b011039e478b7d77271001b100bffd2901fe5108375096f1eb1439b7\",\"gasLimit\":\"1321318\",\"gasPrice\":\"282039750\",\"transactionTarget\":\"0x0000000000001fF3684f28c67538d4D072C22734\",\"transactionValue\":\"500000000000000\",\"protectedOutput\":\"58288789130156479881084\",\"exactEnvelopePreserved\":true}"
"18","5272840","0x87e2090283652685BD0cdf1c0e45263084C31e18","BACKSWAP","uniswap","4","0x6350ef58f29c823d26d833ae796d84fe0745f2f3d8d5288f1c01f3f7fbb89ab7","[{\"protocol\":\"uniswap\",\"version\":4,\"pool\":\"0x6350ef58f29c823d26d833ae796d84fe0745f2f3d8d5288f1c01f3f7fbb89ab7\"}]","SELL","0x87e2090283652685BD0cdf1c0e45263084C31e18","0x0000000000000000000000000000000000000000","58871618149839894845619","0x1111111111111111111111111111111111111111","4663","zero-x-swap","25","0x87e2090283652685BD0cdf1c0e45263084C31e18","9900","10000","NO_ROUTE","no_route","","","","NOT_REACHED","no_route","","","","","","","","","","","","","",""
"19","5272840","0x2a22c15dC16A13102B7d48Dbf765D493aED202B7","BOTAGENT","uniswap","2","0x8865a9b53b936c705e936b0d7f8e870d1fc61309","[{\"protocol\":\"uniswap\",\"version\":2,\"pool\":\"0x8865a9b53b936c705e936b0d7f8e870d1fc61309\"},{\"protocol\":\"uniswap\",\"version\":4,\"pool\":\"0xa529348ffb0f41e034f27b22335e32913c586a6f57ee0fbf5ba17b063c5c115e\"}]","BUY","0x0000000000000000000000000000000000000000","0x2a22c15dC16A13102B7d48Dbf765D493aED202B7","500000000000000","0x1111111111111111111111111111111111111111","4663","zero-x-swap","25","0x0000000000000000000000000000000000000000","9900","10000","ROUTABLE","FIRM_RETURNED","","0x0000000000001fF3684f28c67538d4D072C22734","195537875259077811843635","NOT_RUN_INSUFFICIENT_BALANCE","insufficient_balance","197493056518612071351734","197493056518612071351734","195537875259077811843635","true","500000000000000","0xb706f918d0c11f4c8b5b3cee19076dd10606eade9459914dd20cfc31e064351c","0x39b38686A19836Ac10162c490E4558e120CbBE5f","0xb6c0bf3b83bc9ae4f6ed65a4f5f6c188eb3e4258d8d3b3705dff4ac02ed4a966","0x99f5e8edaceacfdd183eb5f1da8a7757b322495b80cf7928db289a1b1a09f799","insufficient_balance","","","","{\"status\":\"PASS\",\"mode\":\"ETH_CALL_EPHEMERAL_FUNDING\",\"walletAuthority\":false,\"blockNumber\":\"57644409\",\"blockHash\":\"0xb1719bf9fdd8f44a89827db2eb2e00fa5b3b5353e46971058eb85e71abfbaef4\",\"errorCode\":null,\"errorSelector\":null,\"calldataHash\":\"0xb706f918d0c11f4c8b5b3cee19076dd10606eade9459914dd20cfc31e064351c\",\"gasLimit\":\"700760\",\"gasPrice\":\"282039750\",\"transactionTarget\":\"0x0000000000001fF3684f28c67538d4D072C22734\",\"transactionValue\":\"500000000000000\",\"protectedOutput\":\"195537875259077811843635\",\"exactEnvelopePreserved\":true}"
"19","5272840","0x2a22c15dC16A13102B7d48Dbf765D493aED202B7","BOTAGENT","uniswap","2","0x8865a9b53b936c705e936b0d7f8e870d1fc61309","[{\"protocol\":\"uniswap\",\"version\":2,\"pool\":\"0x8865a9b53b936c705e936b0d7f8e870d1fc61309\"},{\"protocol\":\"uniswap\",\"version\":4,\"pool\":\"0xa529348ffb0f41e034f27b22335e32913c586a6f57ee0fbf5ba17b063c5c115e\"}]","SELL","0x2a22c15dC16A13102B7d48Dbf765D493aED202B7","0x0000000000000000000000000000000000000000","197493056518612071351734","0x1111111111111111111111111111111111111111","4663","zero-x-swap","25","0x2a22c15dC16A13102B7d48Dbf765D493aED202B7","9900","10000","NO_ROUTE","no_route","","","","NOT_REACHED","no_route","","","","","","","","","","","","","",""
"20","5272840","0x6112093A7638b56Eefddda55FeF8cf570710C710","PUGCOIN","uniswap","3","0x7f74f1a3bdd0f6cab331021a321ad827ef94bab7","[{\"protocol\":\"uniswap\",\"version\":3,\"pool\":\"0x7f74f1a3bdd0f6cab331021a321ad827ef94bab7\"}]","BUY","0x0000000000000000000000000000000000000000","0x6112093A7638b56Eefddda55FeF8cf570710C710","500000000000000","0x1111111111111111111111111111111111111111","4663","zero-x-swap","25","0x0000000000000000000000000000000000000000","9900","10000","ROUTABLE","FIRM_RETURNED","","0x0000000000001fF3684f28c67538d4D072C22734","428360612939307519301158","NOT_RUN_INSUFFICIENT_BALANCE","insufficient_balance","432643786424914169584381","432643786424914169584381","428360612939307519301158","true","500000000000000","0xa9ede5392482ddfe35b6bc432dec8783854754f845be2e679b114deaf70b00df","0x39b38686A19836Ac10162c490E4558e120CbBE5f","0xb6c0bf3b83bc9ae4f6ed65a4f5f6c188eb3e4258d8d3b3705dff4ac02ed4a966","0x99f5e8edaceacfdd183eb5f1da8a7757b322495b80cf7928db289a1b1a09f799","insufficient_balance","","","","{\"status\":\"PASS\",\"mode\":\"ETH_CALL_EPHEMERAL_FUNDING\",\"walletAuthority\":false,\"blockNumber\":\"57644419\",\"blockHash\":\"0x2c382430953771194a41b702029ae2958a3ae6f87a926362ce0559f8ff54ba65\",\"errorCode\":null,\"errorSelector\":null,\"calldataHash\":\"0xa9ede5392482ddfe35b6bc432dec8783854754f845be2e679b114deaf70b00df\",\"gasLimit\":\"465182\",\"gasPrice\":\"281477250\",\"transactionTarget\":\"0x0000000000001fF3684f28c67538d4D072C22734\",\"transactionValue\":\"500000000000000\",\"protectedOutput\":\"428360612939307519301158\",\"exactEnvelopePreserved\":true}"
"20","5272840","0x6112093A7638b56Eefddda55FeF8cf570710C710","PUGCOIN","uniswap","3","0x7f74f1a3bdd0f6cab331021a321ad827ef94bab7","[{\"protocol\":\"uniswap\",\"version\":3,\"pool\":\"0x7f74f1a3bdd0f6cab331021a321ad827ef94bab7\"}]","SELL","0x6112093A7638b56Eefddda55FeF8cf570710C710","0x0000000000000000000000000000000000000000","432643786424914169584381","0x1111111111111111111111111111111111111111","4663","zero-x-swap","25","0x6112093A7638b56Eefddda55FeF8cf570710C710","9900","10000","OTHER_EXACT_CLASSIFICATION","invalid_response","","","","NOT_REACHED","invalid_response","","","","","","","","","","","","","",""
"21","5272840","0xE9E5CfdCA8fbEe1f68A7C92D7316331d1aaB5Fb9","CATCH","uniswap","4","0x17f7098f5129838d5a72a2b9d842c1000b6011a222b15965dcfd749a2fc97d7b","[{\"protocol\":\"uniswap\",\"version\":4,\"pool\":\"0x17f7098f5129838d5a72a2b9d842c1000b6011a222b15965dcfd749a2fc97d7b\"}]","BUY","0x0000000000000000000000000000000000000000","0xE9E5CfdCA8fbEe1f68A7C92D7316331d1aaB5Fb9","500000000000000","0x1111111111111111111111111111111111111111","4663","zero-x-swap","25","0x0000000000000000000000000000000000000000","9900","10000","ROUTABLE","FIRM_RETURNED","","0x0000000000001fF3684f28c67538d4D072C22734","6865088406222971725589","NOT_RUN_INSUFFICIENT_BALANCE","insufficient_balance","6933732356552844896175","6933732356552844896175","6865088406222971725589","true","500000000000000","0xeea71a6ba443a9f22222dabdb2c3cfe152efc112793d7db26b6b94c68f31535a","0x39b38686A19836Ac10162c490E4558e120CbBE5f","0xb6c0bf3b83bc9ae4f6ed65a4f5f6c188eb3e4258d8d3b3705dff4ac02ed4a966","0x99f5e8edaceacfdd183eb5f1da8a7757b322495b80cf7928db289a1b1a09f799","insufficient_balance","","","","{\"status\":\"PASS\",\"mode\":\"ETH_CALL_EPHEMERAL_FUNDING\",\"walletAuthority\":false,\"blockNumber\":\"57644429\",\"blockHash\":\"0x42464d1e7d404ea02abc8fa36b0379ce84723ed026316ac3d58aa316ee7c0202\",\"errorCode\":null,\"errorSelector\":null,\"calldataHash\":\"0xeea71a6ba443a9f22222dabdb2c3cfe152efc112793d7db26b6b94c68f31535a\",\"gasLimit\":\"382123\",\"gasPrice\":\"281477250\",\"transactionTarget\":\"0x0000000000001fF3684f28c67538d4D072C22734\",\"transactionValue\":\"500000000000000\",\"protectedOutput\":\"6865088406222971725589\",\"exactEnvelopePreserved\":true}"
"21","5272840","0xE9E5CfdCA8fbEe1f68A7C92D7316331d1aaB5Fb9","CATCH","uniswap","4","0x17f7098f5129838d5a72a2b9d842c1000b6011a222b15965dcfd749a2fc97d7b","[{\"protocol\":\"uniswap\",\"version\":4,\"pool\":\"0x17f7098f5129838d5a72a2b9d842c1000b6011a222b15965dcfd749a2fc97d7b\"}]","SELL","0xE9E5CfdCA8fbEe1f68A7C92D7316331d1aaB5Fb9","0x0000000000000000000000000000000000000000","6933732356552844896175","0x1111111111111111111111111111111111111111","4663","zero-x-swap","25","0xE9E5CfdCA8fbEe1f68A7C92D7316331d1aaB5Fb9","9900","10000","ROUTABLE","FIRM_RETURNED","0x0000000000001fF3684f28c67538d4D072C22734","0x0000000000001fF3684f28c67538d4D072C22734","462011611150198","NOT_RUN_INSUFFICIENT_BALANCE","insufficient_balance","466638270011605","466638270011605","462011611150198","true","0","0x9da7664795230dff0b358e4a6e9abf28ef569e49e4a0bd67c6fe220c8e997db0","0x39b38686A19836Ac10162c490E4558e120CbBE5f","0xb6c0bf3b83bc9ae4f6ed65a4f5f6c188eb3e4258d8d3b3705dff4ac02ed4a966","0x99f5e8edaceacfdd183eb5f1da8a7757b322495b80cf7928db289a1b1a09f799","insufficient_balance","erc20_to_allowance_holder","6933732356552844896175","0x0000000000001fF3684f28c67538d4D072C22734","{\"status\":\"PASS\",\"mode\":\"ETH_CALL_EPHEMERAL_FUNDING\",\"walletAuthority\":false,\"blockNumber\":\"57644434\",\"blockHash\":\"0x855196e87e03a8fe5941facfaf4680ba9f51c2db02c25114cdc3dde858fde610\",\"balanceSlot\":\"0xf043c50fe795c69f30b8ff78b84032dc53a9d87ca283ae10a1dacfbb648e83ef\",\"allowanceSlot\":\"0x8633cf2d93cf08d5beab4385c45958edebafa053650c03b0a14121e3dde9d80f\",\"allowanceSpender\":\"0x0000000000001fF3684f28c67538d4D072C22734\",\"allowanceAtomic\":\"6933732356552844896175\",\"errorCode\":null,\"errorSelector\":null,\"calldataHash\":\"0x9da7664795230dff0b358e4a6e9abf28ef569e49e4a0bd67c6fe220c8e997db0\",\"gasLimit\":\"380397\",\"gasPrice\":\"282039750\",\"transactionTarget\":\"0x0000000000001fF3684f28c67538d4D072C22734\",\"transactionValue\":\"0\",\"protectedOutput\":\"462011611150198\",\"exactEnvelopePreserved\":true}"
"22","5272840","0x8f460DE3066890746E65A19F4f110e9c074106d5","haMSTR","uniswap","2","0xc5876453896bd928b7d1a88f6ecd74389b805c4a","[{\"protocol\":\"uniswap\",\"version\":2,\"pool\":\"0xc5876453896bd928b7d1a88f6ecd74389b805c4a\"}]","BUY","0x0000000000000000000000000000000000000000","0x8f460DE3066890746E65A19F4f110e9c074106d5","500000000000000","0x1111111111111111111111111111111111111111","4663","zero-x-swap","25","0x0000000000000000000000000000000000000000","9900","10000","ROUTABLE","FIRM_RETURNED","","0x0000000000001fF3684f28c67538d4D072C22734","167849626775330213","NOT_RUN_INSUFFICIENT_BALANCE","insufficient_balance","169527953515131769","169527953515131769","167849626775330213","true","500000000000000","0x0f7b8d6b8e0fe7b2cfa4d92adc30a48051f3ad3c5da41886c1a792f77bd3e48d","0x39b38686A19836Ac10162c490E4558e120CbBE5f","0xb6c0bf3b83bc9ae4f6ed65a4f5f6c188eb3e4258d8d3b3705dff4ac02ed4a966","0x99f5e8edaceacfdd183eb5f1da8a7757b322495b80cf7928db289a1b1a09f799","insufficient_balance","","","","{\"status\":\"PASS\",\"mode\":\"ETH_CALL_EPHEMERAL_FUNDING\",\"walletAuthority\":false,\"blockNumber\":\"57644444\",\"blockHash\":\"0xb679969bbdfb06da023aaad27a070f7cf7dbe06949093bf895c2876c8e46f9be\",\"errorCode\":null,\"errorSelector\":null,\"calldataHash\":\"0x0f7b8d6b8e0fe7b2cfa4d92adc30a48051f3ad3c5da41886c1a792f77bd3e48d\",\"gasLimit\":\"343039\",\"gasPrice\":\"281477250\",\"transactionTarget\":\"0x0000000000001fF3684f28c67538d4D072C22734\",\"transactionValue\":\"500000000000000\",\"protectedOutput\":\"167849626775330213\",\"exactEnvelopePreserved\":true}"
"22","5272840","0x8f460DE3066890746E65A19F4f110e9c074106d5","haMSTR","uniswap","2","0xc5876453896bd928b7d1a88f6ecd74389b805c4a","[{\"protocol\":\"uniswap\",\"version\":2,\"pool\":\"0xc5876453896bd928b7d1a88f6ecd74389b805c4a\"}]","SELL","0x8f460DE3066890746E65A19F4f110e9c074106d5","0x0000000000000000000000000000000000000000","169527953515131769","0x1111111111111111111111111111111111111111","4663","zero-x-swap","25","0x8f460DE3066890746E65A19F4f110e9c074106d5","9900","10000","NO_ROUTE","no_route","","","","NOT_REACHED","no_route","","","","","","","","","","","","","",""
"23","5272840","0xc1A00C321C4C235516976978046AC4D56F190714","ALTER","uniswap","3","0xa72a86df123a60d2ffb2d5147395d4c3e80caa8c","[{\"protocol\":\"uniswap\",\"version\":3,\"pool\":\"0xa72a86df123a60d2ffb2d5147395d4c3e80caa8c\"}]","BUY","0x0000000000000000000000000000000000000000","0xc1A00C321C4C235516976978046AC4D56F190714","500000000000000","0x1111111111111111111111111111111111111111","4663","zero-x-swap","25","0x0000000000000000000000000000000000000000","9900","10000","ROUTABLE","FIRM_RETURNED","","0x0000000000001fF3684f28c67538d4D072C22734","3921615876878222701911","NOT_RUN_INSUFFICIENT_BALANCE","insufficient_balance","3960828074818930113656","3960828074818930113656","3921615876878222701911","true","500000000000000","0x7b50b2be6050667757f2c4d5632fb62e249c9138999bade77b9a5341dca2e323","0x39b38686A19836Ac10162c490E4558e120CbBE5f","0xb6c0bf3b83bc9ae4f6ed65a4f5f6c188eb3e4258d8d3b3705dff4ac02ed4a966","0x99f5e8edaceacfdd183eb5f1da8a7757b322495b80cf7928db289a1b1a09f799","insufficient_balance","","","","{\"status\":\"PASS\",\"mode\":\"ETH_CALL_EPHEMERAL_FUNDING\",\"walletAuthority\":false,\"blockNumber\":\"57644454\",\"blockHash\":\"0x3a4605267560161fa777d13df397ed2a4632787969d59f1dc50f6a33bc7f403f\",\"errorCode\":null,\"errorSelector\":null,\"calldataHash\":\"0x7b50b2be6050667757f2c4d5632fb62e249c9138999bade77b9a5341dca2e323\",\"gasLimit\":\"443244\",\"gasPrice\":\"282039750\",\"transactionTarget\":\"0x0000000000001fF3684f28c67538d4D072C22734\",\"transactionValue\":\"500000000000000\",\"protectedOutput\":\"3921615876878222701911\",\"exactEnvelopePreserved\":true}"
"23","5272840","0xc1A00C321C4C235516976978046AC4D56F190714","ALTER","uniswap","3","0xa72a86df123a60d2ffb2d5147395d4c3e80caa8c","[{\"protocol\":\"uniswap\",\"version\":3,\"pool\":\"0xa72a86df123a60d2ffb2d5147395d4c3e80caa8c\"}]","SELL","0xc1A00C321C4C235516976978046AC4D56F190714","0x0000000000000000000000000000000000000000","3960828074818930113656","0x1111111111111111111111111111111111111111","4663","zero-x-swap","25","0xc1A00C321C4C235516976978046AC4D56F190714","9900","10000","NO_ROUTE","no_route","","","","NOT_REACHED","no_route","","","","","","","","","","","","","",""
"24","5272840","0x3D7E39e5C40dAc0466541DFb5f217cF99952A3c8","RSTR","uniswap","4","0xd7c6b28a844b56944b8657e4e4701455422ceef75490bdc51b7f90c892b12305","[{\"protocol\":\"uniswap\",\"version\":4,\"pool\":\"0xd7c6b28a844b56944b8657e4e4701455422ceef75490bdc51b7f90c892b12305\"}]","BUY","0x0000000000000000000000000000000000000000","0x3D7E39e5C40dAc0466541DFb5f217cF99952A3c8","500000000000000","0x1111111111111111111111111111111111111111","4663","zero-x-swap","25","0x0000000000000000000000000000000000000000","9900","10000","ROUTABLE","FIRM_RETURNED","","0x0000000000001fF3684f28c67538d4D072C22734","335629424025316003930578","NOT_RUN_INSUFFICIENT_BALANCE","insufficient_balance","338985379280189883783659","338985379280189883783659","335629424025316003930578","true","500000000000000","0x1a5f767247d85fbf43efe70e8566e11d8e7ec133dc73a8b095229292d9f91fdd","0x39b38686A19836Ac10162c490E4558e120CbBE5f","0xb6c0bf3b83bc9ae4f6ed65a4f5f6c188eb3e4258d8d3b3705dff4ac02ed4a966","0x99f5e8edaceacfdd183eb5f1da8a7757b322495b80cf7928db289a1b1a09f799","insufficient_balance","","","","{\"status\":\"PASS\",\"mode\":\"ETH_CALL_EPHEMERAL_FUNDING\",\"walletAuthority\":false,\"blockNumber\":\"57644464\",\"blockHash\":\"0x5a50bb189cd8806bb34e2ddb6b6f3f9e4646d1b51f9ab31a849a6ca259f5866d\",\"errorCode\":null,\"errorSelector\":null,\"calldataHash\":\"0x1a5f767247d85fbf43efe70e8566e11d8e7ec133dc73a8b095229292d9f91fdd\",\"gasLimit\":\"1017742\",\"gasPrice\":\"282352500\",\"transactionTarget\":\"0x0000000000001fF3684f28c67538d4D072C22734\",\"transactionValue\":\"500000000000000\",\"protectedOutput\":\"335629424025316003930578\",\"exactEnvelopePreserved\":true}"
"24","5272840","0x3D7E39e5C40dAc0466541DFb5f217cF99952A3c8","RSTR","uniswap","4","0xd7c6b28a844b56944b8657e4e4701455422ceef75490bdc51b7f90c892b12305","[{\"protocol\":\"uniswap\",\"version\":4,\"pool\":\"0xd7c6b28a844b56944b8657e4e4701455422ceef75490bdc51b7f90c892b12305\"}]","SELL","0x3D7E39e5C40dAc0466541DFb5f217cF99952A3c8","0x0000000000000000000000000000000000000000","338985379280189883783659","0x1111111111111111111111111111111111111111","4663","zero-x-swap","25","0x3D7E39e5C40dAc0466541DFb5f217cF99952A3c8","9900","10000","PROVIDER_UNAVAILABLE","temporarily_unavailable","","","","NOT_REACHED","temporarily_unavailable","","","","","","","","","","","","","",""
"25","5272840","0x3b4E41bfb6a9AaEFA4a2e07cA0e45D630D8b72A5","MONID","uniswap","2","0xa21b4456256ffbb9b6ceaf6acf4369e7c2abb105","[{\"protocol\":\"uniswap\",\"version\":2,\"pool\":\"0xa21b4456256ffbb9b6ceaf6acf4369e7c2abb105\"},{\"protocol\":\"uniswap\",\"version\":4,\"pool\":\"0x5dc89dcbe8b1865988b0159350245a99f2b1e82ffe430e54b3b2b0c99e07ef8c\"}]","BUY","0x0000000000000000000000000000000000000000","0x3b4E41bfb6a9AaEFA4a2e07cA0e45D630D8b72A5","500000000000000","0x1111111111111111111111111111111111111111","4663","zero-x-swap","25","0x0000000000000000000000000000000000000000","9900","10000","ROUTABLE","FIRM_RETURNED","","0x0000000000001fF3684f28c67538d4D072C22734","197554696934539198594274","NOT_RUN_INSUFFICIENT_BALANCE","insufficient_balance","199530044373840216740396","199530044373840216740396","197554696934539198594274","true","500000000000000","0xfb82cff8dc295924237209c772caa8a09e0380550e89d447c6731a13b6f1e4a2","0x39b38686A19836Ac10162c490E4558e120CbBE5f","0xb6c0bf3b83bc9ae4f6ed65a4f5f6c188eb3e4258d8d3b3705dff4ac02ed4a966","0x99f5e8edaceacfdd183eb5f1da8a7757b322495b80cf7928db289a1b1a09f799","insufficient_balance","","","","{\"status\":\"PASS\",\"mode\":\"ETH_CALL_EPHEMERAL_FUNDING\",\"walletAuthority\":false,\"blockNumber\":\"57644469\",\"blockHash\":\"0xb9f3f843cce95c55f2b80cc27b3c249b903f401136c9b3e8f6abb693959f707a\",\"errorCode\":null,\"errorSelector\":null,\"calldataHash\":\"0xfb82cff8dc295924237209c772caa8a09e0380550e89d447c6731a13b6f1e4a2\",\"gasLimit\":\"700822\",\"gasPrice\":\"282753000\",\"transactionTarget\":\"0x0000000000001fF3684f28c67538d4D072C22734\",\"transactionValue\":\"500000000000000\",\"protectedOutput\":\"197554696934539198594274\",\"exactEnvelopePreserved\":true}"
"25","5272840","0x3b4E41bfb6a9AaEFA4a2e07cA0e45D630D8b72A5","MONID","uniswap","2","0xa21b4456256ffbb9b6ceaf6acf4369e7c2abb105","[{\"protocol\":\"uniswap\",\"version\":2,\"pool\":\"0xa21b4456256ffbb9b6ceaf6acf4369e7c2abb105\"},{\"protocol\":\"uniswap\",\"version\":4,\"pool\":\"0x5dc89dcbe8b1865988b0159350245a99f2b1e82ffe430e54b3b2b0c99e07ef8c\"}]","SELL","0x3b4E41bfb6a9AaEFA4a2e07cA0e45D630D8b72A5","0x0000000000000000000000000000000000000000","199530044373840216740396","0x1111111111111111111111111111111111111111","4663","zero-x-swap","25","0x3b4E41bfb6a9AaEFA4a2e07cA0e45D630D8b72A5","9900","10000","OTHER_EXACT_CLASSIFICATION","invalid_response","","","","NOT_REACHED","invalid_response","","","","","","","","","","","","","",""
"26","5272840","0xC1a0503d0Aa0054a87De4364d10dF813553bd25e","LATT","uniswap","3","0x952933884041d7a928ffd94a2ce2c80ac6008372","[{\"protocol\":\"uniswap\",\"version\":3,\"pool\":\"0x952933884041d7a928ffd94a2ce2c80ac6008372\"}]","BUY","0x0000000000000000000000000000000000000000","0xC1a0503d0Aa0054a87De4364d10dF813553bd25e","500000000000000","0x1111111111111111111111111111111111111111","4663","zero-x-swap","25","0x0000000000000000000000000000000000000000","9900","10000","ROUTABLE","FIRM_RETURNED","","0x0000000000001fF3684f28c67538d4D072C22734","3921615876878222701911","NOT_RUN_INSUFFICIENT_BALANCE","insufficient_balance","3960828074818930113656","3960828074818930113656","3921615876878222701911","true","500000000000000","0x0f93a2363b6c2f5e153f07bfdc54f9a15c1cfe017d42fe82564b6aca4640aff7","0x39b38686A19836Ac10162c490E4558e120CbBE5f","0xb6c0bf3b83bc9ae4f6ed65a4f5f6c188eb3e4258d8d3b3705dff4ac02ed4a966","0x99f5e8edaceacfdd183eb5f1da8a7757b322495b80cf7928db289a1b1a09f799","insufficient_balance","","","","{\"status\":\"PASS\",\"mode\":\"ETH_CALL_EPHEMERAL_FUNDING\",\"walletAuthority\":false,\"blockNumber\":\"57644479\",\"blockHash\":\"0x04078089dd05e8cdd4cc8864576d9c7eee72b817d4063607a47aae652ac33745\",\"errorCode\":null,\"errorSelector\":null,\"calldataHash\":\"0x0f93a2363b6c2f5e153f07bfdc54f9a15c1cfe017d42fe82564b6aca4640aff7\",\"gasLimit\":\"443256\",\"gasPrice\":\"282352500\",\"transactionTarget\":\"0x0000000000001fF3684f28c67538d4D072C22734\",\"transactionValue\":\"500000000000000\",\"protectedOutput\":\"3921615876878222701911\",\"exactEnvelopePreserved\":true}"
"26","5272840","0xC1a0503d0Aa0054a87De4364d10dF813553bd25e","LATT","uniswap","3","0x952933884041d7a928ffd94a2ce2c80ac6008372","[{\"protocol\":\"uniswap\",\"version\":3,\"pool\":\"0x952933884041d7a928ffd94a2ce2c80ac6008372\"}]","SELL","0xC1a0503d0Aa0054a87De4364d10dF813553bd25e","0x0000000000000000000000000000000000000000","3960828074818930113656","0x1111111111111111111111111111111111111111","4663","zero-x-swap","25","0xC1a0503d0Aa0054a87De4364d10dF813553bd25e","9900","10000","NO_ROUTE","no_route","","","","NOT_REACHED","no_route","","","","","","","","","","","","","",""
"27","5272840","0x7999Dcc54e539D974fb5d329BB369E0777881C30","ONE","uniswap","4","0x2efc2de0a197a81da37459c405c32cb2e5b50cf15514f1b6006fdd5244458ed6","[{\"protocol\":\"uniswap\",\"version\":4,\"pool\":\"0x2efc2de0a197a81da37459c405c32cb2e5b50cf15514f1b6006fdd5244458ed6\"}]","BUY","0x0000000000000000000000000000000000000000","0x7999Dcc54e539D974fb5d329BB369E0777881C30","500000000000000","0x1111111111111111111111111111111111111111","4663","zero-x-swap","25","0x0000000000000000000000000000000000000000","9900","10000","ROUTABLE","FIRM_RETURNED","","0x0000000000001fF3684f28c67538d4D072C22734","57123171694310453502813","NOT_RUN_INSUFFICIENT_BALANCE","insufficient_balance","57694345716907841136137","57694345716907841136137","57123171694310453502813","true","500000000000000","0x8ea870b1ab82dcd6f3c4b4389dd9ececa34fd4853b79ebccdbf4119cd5898c18","0x39b38686A19836Ac10162c490E4558e120CbBE5f","0xb6c0bf3b83bc9ae4f6ed65a4f5f6c188eb3e4258d8d3b3705dff4ac02ed4a966","0x99f5e8edaceacfdd183eb5f1da8a7757b322495b80cf7928db289a1b1a09f799","insufficient_balance","","","","{\"status\":\"PASS\",\"mode\":\"ETH_CALL_EPHEMERAL_FUNDING\",\"walletAuthority\":false,\"blockNumber\":\"57644494\",\"blockHash\":\"0x310d2a63c738e4328dbd3295fd9e5c3630d9a8d6a5e7d539031e155497ff35ac\",\"errorCode\":null,\"errorSelector\":null,\"calldataHash\":\"0x8ea870b1ab82dcd6f3c4b4389dd9ececa34fd4853b79ebccdbf4119cd5898c18\",\"gasLimit\":\"1253717\",\"gasPrice\":\"282753000\",\"transactionTarget\":\"0x0000000000001fF3684f28c67538d4D072C22734\",\"transactionValue\":\"500000000000000\",\"protectedOutput\":\"57123171694310453502813\",\"exactEnvelopePreserved\":true}"
"27","5272840","0x7999Dcc54e539D974fb5d329BB369E0777881C30","ONE","uniswap","4","0x2efc2de0a197a81da37459c405c32cb2e5b50cf15514f1b6006fdd5244458ed6","[{\"protocol\":\"uniswap\",\"version\":4,\"pool\":\"0x2efc2de0a197a81da37459c405c32cb2e5b50cf15514f1b6006fdd5244458ed6\"}]","SELL","0x7999Dcc54e539D974fb5d329BB369E0777881C30","0x0000000000000000000000000000000000000000","57694345716907841136137","0x1111111111111111111111111111111111111111","4663","zero-x-swap","25","0x7999Dcc54e539D974fb5d329BB369E0777881C30","9900","10000","ROUTABLE","FIRM_RETURNED","0x0000000000001fF3684f28c67538d4D072C22734","0x0000000000001fF3684f28c67538d4D072C22734","1711118744984","NOT_RUN_INSUFFICIENT_BALANCE","insufficient_balance","1728254164340","1728254164340","1711118744984","true","0","0x44e2b4fbcd95d968166979a2fc62674af7a6bfd8eaacb2ca0b2cc011552c6497","0x39b38686A19836Ac10162c490E4558e120CbBE5f","0xb6c0bf3b83bc9ae4f6ed65a4f5f6c188eb3e4258d8d3b3705dff4ac02ed4a966","0x99f5e8edaceacfdd183eb5f1da8a7757b322495b80cf7928db289a1b1a09f799","insufficient_balance","erc20_to_allowance_holder","57694345716907841136137","0x0000000000001fF3684f28c67538d4D072C22734","{\"status\":\"UNSUPPORTED_TOKEN_STORAGE_LAYOUT\",\"mode\":\"ETH_CALL_EPHEMERAL_FUNDING\",\"walletAuthority\":false,\"blockNumber\":\"57644503\",\"blockHash\":\"0x8779ca54fa0c53fa9a92a4f1a087c41f36042638bce5005507c1ea2c9a012931\"}"
"28","5272840","0xf0821f2BF570ca4e7499a9Ed9dB7C788FED9946f","PEEP","uniswap","2","0xe70dd15481ba143f145fbe23e8916236d554d3c7","[{\"protocol\":\"uniswap\",\"version\":2,\"pool\":\"0xe70dd15481ba143f145fbe23e8916236d554d3c7\"}]","BUY","0x0000000000000000000000000000000000000000","0xf0821f2BF570ca4e7499a9Ed9dB7C788FED9946f","500000000000000","0x1111111111111111111111111111111111111111","4663","zero-x-swap","25","0x0000000000000000000000000000000000000000","9900","10000","ROUTABLE","FIRM_RETURNED","","0x0000000000001fF3684f28c67538d4D072C22734","56781939497673924345664","NOT_RUN_INSUFFICIENT_BALANCE","insufficient_balance","57349701542949120644598","57349701542949120644598","56781939497673924345664","true","500000000000000","0xeba5ba4d97f7971806e1d5367d91c919f56b5a516b603904f6c3f78692d91396","0x39b38686A19836Ac10162c490E4558e120CbBE5f","0xb6c0bf3b83bc9ae4f6ed65a4f5f6c188eb3e4258d8d3b3705dff4ac02ed4a966","0x99f5e8edaceacfdd183eb5f1da8a7757b322495b80cf7928db289a1b1a09f799","insufficient_balance","","","","{\"status\":\"PASS\",\"mode\":\"ETH_CALL_EPHEMERAL_FUNDING\",\"walletAuthority\":false,\"blockNumber\":\"57644529\",\"blockHash\":\"0x906f8461784e01cc4fc209232766d460077f176fddecefde32fcc2818d187014\",\"errorCode\":null,\"errorSelector\":null,\"calldataHash\":\"0xeba5ba4d97f7971806e1d5367d91c919f56b5a516b603904f6c3f78692d91396\",\"gasLimit\":\"313800\",\"gasPrice\":\"282318750\",\"transactionTarget\":\"0x0000000000001fF3684f28c67538d4D072C22734\",\"transactionValue\":\"500000000000000\",\"protectedOutput\":\"56781939497673924345664\",\"exactEnvelopePreserved\":true}"
"28","5272840","0xf0821f2BF570ca4e7499a9Ed9dB7C788FED9946f","PEEP","uniswap","2","0xe70dd15481ba143f145fbe23e8916236d554d3c7","[{\"protocol\":\"uniswap\",\"version\":2,\"pool\":\"0xe70dd15481ba143f145fbe23e8916236d554d3c7\"}]","SELL","0xf0821f2BF570ca4e7499a9Ed9dB7C788FED9946f","0x0000000000000000000000000000000000000000","57349701542949120644598","0x1111111111111111111111111111111111111111","4663","zero-x-swap","25","0xf0821f2BF570ca4e7499a9Ed9dB7C788FED9946f","9900","10000","ROUTABLE","FIRM_RETURNED","0x0000000000001fF3684f28c67538d4D072C22734","0x0000000000001fF3684f28c67538d4D072C22734","488018142895312","NOT_RUN_INSUFFICIENT_BALANCE","insufficient_balance","492905235364120","492905235364120","488018142895312","true","0","0x680582fa864cb9b277fc3ea2bf72f7c04495ecbde817ef5832c10e630f601c10","0x39b38686A19836Ac10162c490E4558e120CbBE5f","0xb6c0bf3b83bc9ae4f6ed65a4f5f6c188eb3e4258d8d3b3705dff4ac02ed4a966","0x99f5e8edaceacfdd183eb5f1da8a7757b322495b80cf7928db289a1b1a09f799","insufficient_balance","erc20_to_allowance_holder","57349701542949120644598","0x0000000000001fF3684f28c67538d4D072C22734","{\"status\":\"PASS\",\"mode\":\"ETH_CALL_EPHEMERAL_FUNDING\",\"walletAuthority\":false,\"blockNumber\":\"57644534\",\"blockHash\":\"0x8890090176387d333318d1af25b1cfa119aa2875843499a93f1820d8de5b5fcf\",\"balanceSlot\":\"0xf043c50fe795c69f30b8ff78b84032dc53a9d87ca283ae10a1dacfbb648e83ef\",\"allowanceSlot\":\"0x8633cf2d93cf08d5beab4385c45958edebafa053650c03b0a14121e3dde9d80f\",\"allowanceSpender\":\"0x0000000000001fF3684f28c67538d4D072C22734\",\"allowanceAtomic\":\"57349701542949120644598\",\"errorCode\":null,\"errorSelector\":null,\"calldataHash\":\"0x680582fa864cb9b277fc3ea2bf72f7c04495ecbde817ef5832c10e630f601c10\",\"gasLimit\":\"311412\",\"gasPrice\":\"282318750\",\"transactionTarget\":\"0x0000000000001fF3684f28c67538d4D072C22734\",\"transactionValue\":\"0\",\"protectedOutput\":\"488018142895312\",\"exactEnvelopePreserved\":true}"
"29","5272840","0x8dDaa5fc541E786184b313A8013Bf418fb1B859D","のリス","uniswap","3","0x3d64931654ed91a06c95cf0f88210d71f389dcf5","[{\"protocol\":\"uniswap\",\"version\":3,\"pool\":\"0x3d64931654ed91a06c95cf0f88210d71f389dcf5\"}]","BUY","0x0000000000000000000000000000000000000000","0x8dDaa5fc541E786184b313A8013Bf418fb1B859D","500000000000000","0x1111111111111111111111111111111111111111","4663","zero-x-swap","25","0x0000000000000000000000000000000000000000","9900","10000","NO_ROUTE","no_route","","","","NOT_REACHED","no_route","","","","","","","","","","","","","",""
"29","5272840","0x8dDaa5fc541E786184b313A8013Bf418fb1B859D","のリス","uniswap","3","0x3d64931654ed91a06c95cf0f88210d71f389dcf5","[{\"protocol\":\"uniswap\",\"version\":3,\"pool\":\"0x3d64931654ed91a06c95cf0f88210d71f389dcf5\"}]","SELL","0x8dDaa5fc541E786184b313A8013Bf418fb1B859D","0x0000000000000000000000000000000000000000","1000000000000000000","0x1111111111111111111111111111111111111111","4663","zero-x-swap","25","0x8dDaa5fc541E786184b313A8013Bf418fb1B859D","9900","10000","NO_ROUTE","no_route","","","","NOT_REACHED","no_route","","","","","","","","","","","","","",""
"30","5272840","0x27db70125A1645d9bab26b53Abd1DdAdD645B429","haMSTR","uniswap","4","0x927d5fe5f940d53bb2de818e9ff447e1a44670a5cc25fe2b12def58ca06d2243","[{\"protocol\":\"uniswap\",\"version\":4,\"pool\":\"0x927d5fe5f940d53bb2de818e9ff447e1a44670a5cc25fe2b12def58ca06d2243\"}]","BUY","0x0000000000000000000000000000000000000000","0x27db70125A1645d9bab26b53Abd1DdAdD645B429","500000000000000","0x1111111111111111111111111111111111111111","4663","zero-x-swap","25","0x0000000000000000000000000000000000000000","9900","10000","ROUTABLE","FIRM_RETURNED","","0x0000000000001fF3684f28c67538d4D072C22734","2043997601481594149403","NOT_RUN_INSUFFICIENT_BALANCE","insufficient_balance","2064435513060897034774","2064435513060897034774","2043997601481594149403","true","500000000000000","0x538146e2014492b01af6a003b61f7f0bed9968fbfb4044dd75eead10f9db0c3b","0x39b38686A19836Ac10162c490E4558e120CbBE5f","0xb6c0bf3b83bc9ae4f6ed65a4f5f6c188eb3e4258d8d3b3705dff4ac02ed4a966","0x99f5e8edaceacfdd183eb5f1da8a7757b322495b80cf7928db289a1b1a09f799","insufficient_balance","","","","{\"status\":\"PASS\",\"mode\":\"ETH_CALL_EPHEMERAL_FUNDING\",\"walletAuthority\":false,\"blockNumber\":\"57644549\",\"blockHash\":\"0xfd4fcc0be2372160171e150295ae9a71aba7e1ec7150cdba9964f107e7153010\",\"errorCode\":null,\"errorSelector\":null,\"calldataHash\":\"0x538146e2014492b01af6a003b61f7f0bed9968fbfb4044dd75eead10f9db0c3b\",\"gasLimit\":\"358143\",\"gasPrice\":\"284393250\",\"transactionTarget\":\"0x0000000000001fF3684f28c67538d4D072C22734\",\"transactionValue\":\"500000000000000\",\"protectedOutput\":\"2043997601481594149403\",\"exactEnvelopePreserved\":true}"
"30","5272840","0x27db70125A1645d9bab26b53Abd1DdAdD645B429","haMSTR","uniswap","4","0x927d5fe5f940d53bb2de818e9ff447e1a44670a5cc25fe2b12def58ca06d2243","[{\"protocol\":\"uniswap\",\"version\":4,\"pool\":\"0x927d5fe5f940d53bb2de818e9ff447e1a44670a5cc25fe2b12def58ca06d2243\"}]","SELL","0x27db70125A1645d9bab26b53Abd1DdAdD645B429","0x0000000000000000000000000000000000000000","2064435513060897034774","0x1111111111111111111111111111111111111111","4663","zero-x-swap","25","0x27db70125A1645d9bab26b53Abd1DdAdD645B429","9900","10000","NO_ROUTE","no_route","","","","NOT_REACHED","no_route","","","","","","","","","","","","","",""
"31","5272840","0xc6911796042b15d7Fa4F6CDe69e245DdCd3d9c31","VIRTUAL","uniswap","2","0x0794c9c35f9365ee49dbae32aba718da472fd8db","[{\"protocol\":\"uniswap\",\"version\":2,\"pool\":\"0x0794c9c35f9365ee49dbae32aba718da472fd8db\"},{\"protocol\":\"uniswap\",\"version\":2,\"pool\":\"0x8865a9b53b936c705e936b0d7f8e870d1fc61309\"},{\"protocol\":\"uniswap\",\"version\":2,\"pool\":\"0xd75ac5369a3fc20e04bd7c22993978042e391998\"}]","BUY","0x0000000000000000000000000000000000000000","0xc6911796042b15d7Fa4F6CDe69e245DdCd3d9c31","500000000000000","0x1111111111111111111111111111111111111111","4663","zero-x-swap","25","0x0000000000000000000000000000000000000000","9900","10000","ROUTABLE","FIRM_RETURNED","","0x0000000000001fF3684f28c67538d4D072C22734","1700676264916910777","NOT_RUN_INSUFFICIENT_BALANCE","insufficient_balance","1717681309884774943","1717681309884774943","1700676264916910777","true","500000000000000","0x463663f6e57fcf8fbac391129f73833a9a4daa47cd19749f92bedf41f57522f8","0x39b38686A19836Ac10162c490E4558e120CbBE5f","0xb6c0bf3b83bc9ae4f6ed65a4f5f6c188eb3e4258d8d3b3705dff4ac02ed4a966","0x99f5e8edaceacfdd183eb5f1da8a7757b322495b80cf7928db289a1b1a09f799","insufficient_balance","","","","{\"status\":\"PASS\",\"mode\":\"ETH_CALL_EPHEMERAL_FUNDING\",\"walletAuthority\":false,\"blockNumber\":\"57644558\",\"blockHash\":\"0xa7c521ac192340df409baf5e257f60c846ddc20f8f7582a4dbe3f9d8ab1fb4c6\",\"errorCode\":null,\"errorSelector\":null,\"calldataHash\":\"0x463663f6e57fcf8fbac391129f73833a9a4daa47cd19749f92bedf41f57522f8\",\"gasLimit\":\"322395\",\"gasPrice\":\"284393250\",\"transactionTarget\":\"0x0000000000001fF3684f28c67538d4D072C22734\",\"transactionValue\":\"500000000000000\",\"protectedOutput\":\"1700676264916910777\",\"exactEnvelopePreserved\":true}"
"31","5272840","0xc6911796042b15d7Fa4F6CDe69e245DdCd3d9c31","VIRTUAL","uniswap","2","0x0794c9c35f9365ee49dbae32aba718da472fd8db","[{\"protocol\":\"uniswap\",\"version\":2,\"pool\":\"0x0794c9c35f9365ee49dbae32aba718da472fd8db\"},{\"protocol\":\"uniswap\",\"version\":2,\"pool\":\"0x8865a9b53b936c705e936b0d7f8e870d1fc61309\"},{\"protocol\":\"uniswap\",\"version\":2,\"pool\":\"0xd75ac5369a3fc20e04bd7c22993978042e391998\"}]","SELL","0xc6911796042b15d7Fa4F6CDe69e245DdCd3d9c31","0x0000000000000000000000000000000000000000","1717681309884774943","0x1111111111111111111111111111111111111111","4663","zero-x-swap","25","0xc6911796042b15d7Fa4F6CDe69e245DdCd3d9c31","9900","10000","ROUTABLE","FIRM_RETURNED","0x0000000000001fF3684f28c67538d4D072C22734","0x0000000000001fF3684f28c67538d4D072C22734","490675338771004","NOT_RUN_INSUFFICIENT_BALANCE","insufficient_balance","495589040828290","495589040828290","490675338771004","true","0","0xe9acdb4c279724703ff4945cdde490f003ea4feb2c06eaa94b96910c7e7767a9","0x39b38686A19836Ac10162c490E4558e120CbBE5f","0xb6c0bf3b83bc9ae4f6ed65a4f5f6c188eb3e4258d8d3b3705dff4ac02ed4a966","0x99f5e8edaceacfdd183eb5f1da8a7757b322495b80cf7928db289a1b1a09f799","insufficient_balance","erc20_to_allowance_holder","1717681309884774943","0x0000000000001fF3684f28c67538d4D072C22734","{\"status\":\"PASS\",\"mode\":\"ETH_CALL_EPHEMERAL_FUNDING\",\"walletAuthority\":false,\"blockNumber\":\"57644564\",\"blockHash\":\"0xd2c405fcabf5f96007c9b81aa7f47c00bfd0368f767bc7870da96b0e259337d9\",\"balanceSlot\":\"0xf043c50fe795c69f30b8ff78b84032dc53a9d87ca283ae10a1dacfbb648e83ef\",\"allowanceSlot\":\"0x8633cf2d93cf08d5beab4385c45958edebafa053650c03b0a14121e3dde9d80f\",\"allowanceSpender\":\"0x0000000000001fF3684f28c67538d4D072C22734\",\"allowanceAtomic\":\"1717681309884774943\",\"errorCode\":null,\"errorSelector\":null,\"calldataHash\":\"0xe9acdb4c279724703ff4945cdde490f003ea4feb2c06eaa94b96910c7e7767a9\",\"gasLimit\":\"312736\",\"gasPrice\":\"281182500\",\"transactionTarget\":\"0x0000000000001fF3684f28c67538d4D072C22734\",\"transactionValue\":\"0\",\"protectedOutput\":\"490675338771004\",\"exactEnvelopePreserved\":true}"
"32","5272840","0xf0E17e54239CD945Cd7bEa471a3a2CA6a8C7f7A3","LEMON.FUN","uniswap","3","0x01fe057d1c5fb09a4ac02860758ddf26df9336b5","[{\"protocol\":\"uniswap\",\"version\":3,\"pool\":\"0x01fe057d1c5fb09a4ac02860758ddf26df9336b5\"}]","BUY","0x0000000000000000000000000000000000000000","0xf0E17e54239CD945Cd7bEa471a3a2CA6a8C7f7A3","500000000000000","0x1111111111111111111111111111111111111111","4663","zero-x-swap","25","0x0000000000000000000000000000000000000000","9900","10000","ROUTABLE","FIRM_RETURNED","","0x0000000000001fF3684f28c67538d4D072C22734","2439665047711297692254","NOT_RUN_INSUFFICIENT_BALANCE","insufficient_balance","2464059234129176542437","2464059234129176542437","2439665047711297692254","true","500000000000000","0x89eeece8847f75c8cfd3d5b24aa3f572154f708b0073410ee3ca53bf3cd5085f","0x39b38686A19836Ac10162c490E4558e120CbBE5f","0xb6c0bf3b83bc9ae4f6ed65a4f5f6c188eb3e4258d8d3b3705dff4ac02ed4a966","0x99f5e8edaceacfdd183eb5f1da8a7757b322495b80cf7928db289a1b1a09f799","insufficient_balance","","","","{\"status\":\"PASS\",\"mode\":\"ETH_CALL_EPHEMERAL_FUNDING\",\"walletAuthority\":false,\"blockNumber\":\"57644579\",\"blockHash\":\"0xb702505ccf5c125be9a218712e563e54479795ca96e596d1819827cdf2501517\",\"errorCode\":null,\"errorSelector\":null,\"calldataHash\":\"0x89eeece8847f75c8cfd3d5b24aa3f572154f708b0073410ee3ca53bf3cd5085f\",\"gasLimit\":\"332987\",\"gasPrice\":\"281182500\",\"transactionTarget\":\"0x0000000000001fF3684f28c67538d4D072C22734\",\"transactionValue\":\"500000000000000\",\"protectedOutput\":\"2439665047711297692254\",\"exactEnvelopePreserved\":true}"
"32","5272840","0xf0E17e54239CD945Cd7bEa471a3a2CA6a8C7f7A3","LEMON.FUN","uniswap","3","0x01fe057d1c5fb09a4ac02860758ddf26df9336b5","[{\"protocol\":\"uniswap\",\"version\":3,\"pool\":\"0x01fe057d1c5fb09a4ac02860758ddf26df9336b5\"}]","SELL","0xf0E17e54239CD945Cd7bEa471a3a2CA6a8C7f7A3","0x0000000000000000000000000000000000000000","2464059234129176542437","0x1111111111111111111111111111111111111111","4663","zero-x-swap","25","0xf0E17e54239CD945Cd7bEa471a3a2CA6a8C7f7A3","9900","10000","ROUTABLE","FIRM_RETURNED","0x0000000000001fF3684f28c67538d4D072C22734","0x0000000000001fF3684f28c67538d4D072C22734","481294799254352","NOT_RUN_INSUFFICIENT_BALANCE","insufficient_balance","486114563074520","486114563074520","481294799254352","true","0","0x4dfe61ee23c3a1a3d7f6d9347c3adcc304fd4658f0bc5865bec3416e6c3e5921","0x39b38686A19836Ac10162c490E4558e120CbBE5f","0xb6c0bf3b83bc9ae4f6ed65a4f5f6c188eb3e4258d8d3b3705dff4ac02ed4a966","0x99f5e8edaceacfdd183eb5f1da8a7757b322495b80cf7928db289a1b1a09f799","insufficient_balance","erc20_to_allowance_holder","2464059234129176542437","0x0000000000001fF3684f28c67538d4D072C22734","{\"status\":\"PASS\",\"mode\":\"ETH_CALL_EPHEMERAL_FUNDING\",\"walletAuthority\":false,\"blockNumber\":\"57644584\",\"blockHash\":\"0xcfeae174332d9073a73ca511dd6cb2229572682ce484ce28eeef0256b83d6da9\",\"balanceSlot\":\"0xf043c50fe795c69f30b8ff78b84032dc53a9d87ca283ae10a1dacfbb648e83ef\",\"allowanceSlot\":\"0x8633cf2d93cf08d5beab4385c45958edebafa053650c03b0a14121e3dde9d80f\",\"allowanceSpender\":\"0x0000000000001fF3684f28c67538d4D072C22734\",\"allowanceAtomic\":\"2464059234129176542437\",\"errorCode\":null,\"errorSelector\":null,\"calldataHash\":\"0x4dfe61ee23c3a1a3d7f6d9347c3adcc304fd4658f0bc5865bec3416e6c3e5921\",\"gasLimit\":\"320656\",\"gasPrice\":\"281153250\",\"transactionTarget\":\"0x0000000000001fF3684f28c67538d4D072C22734\",\"transactionValue\":\"0\",\"protectedOutput\":\"481294799254352\",\"exactEnvelopePreserved\":true}"
"33","5272840","0x890C6F78d70B59ee3c863dFc5bda2321d8E0992D","TESTER2","uniswap","4","0x260432a12b3cefb63f06ae3e5586fe63df62e168bd572338fdba7090c82bb052","[{\"protocol\":\"uniswap\",\"version\":4,\"pool\":\"0x260432a12b3cefb63f06ae3e5586fe63df62e168bd572338fdba7090c82bb052\"}]","BUY","0x0000000000000000000000000000000000000000","0x890C6F78d70B59ee3c863dFc5bda2321d8E0992D","500000000000000","0x1111111111111111111111111111111111111111","4663","zero-x-swap","25","0x0000000000000000000000000000000000000000","9900","10000","ROUTABLE","FIRM_RETURNED","","0x0000000000001fF3684f28c67538d4D072C22734","46690083022270013560414","NOT_RUN_INSUFFICIENT_BALANCE","insufficient_balance","47156936695556018145197","47156936695556018145197","46690083022270013560414","true","500000000000000","0x7e211bd652ea2db427c39cc8bacdf4510f13236c9e146cfb82fcdc7ffd8910f3","0x39b38686A19836Ac10162c490E4558e120CbBE5f","0xb6c0bf3b83bc9ae4f6ed65a4f5f6c188eb3e4258d8d3b3705dff4ac02ed4a966","0x99f5e8edaceacfdd183eb5f1da8a7757b322495b80cf7928db289a1b1a09f799","insufficient_balance","","","","{\"status\":\"PASS\",\"mode\":\"ETH_CALL_EPHEMERAL_FUNDING\",\"walletAuthority\":false,\"blockNumber\":\"57644598\",\"blockHash\":\"0x698168ddd6f2dc5b1f6119af332a431c6fb7d2215c5b75718667496b3cccba90\",\"errorCode\":null,\"errorSelector\":null,\"calldataHash\":\"0x7e211bd652ea2db427c39cc8bacdf4510f13236c9e146cfb82fcdc7ffd8910f3\",\"gasLimit\":\"575235\",\"gasPrice\":\"283619250\",\"transactionTarget\":\"0x0000000000001fF3684f28c67538d4D072C22734\",\"transactionValue\":\"500000000000000\",\"protectedOutput\":\"46690083022270013560414\",\"exactEnvelopePreserved\":true}"
"33","5272840","0x890C6F78d70B59ee3c863dFc5bda2321d8E0992D","TESTER2","uniswap","4","0x260432a12b3cefb63f06ae3e5586fe63df62e168bd572338fdba7090c82bb052","[{\"protocol\":\"uniswap\",\"version\":4,\"pool\":\"0x260432a12b3cefb63f06ae3e5586fe63df62e168bd572338fdba7090c82bb052\"}]","SELL","0x890C6F78d70B59ee3c863dFc5bda2321d8E0992D","0x0000000000000000000000000000000000000000","47156936695556018145197","0x1111111111111111111111111111111111111111","4663","zero-x-swap","25","0x890C6F78d70B59ee3c863dFc5bda2321d8E0992D","9900","10000","PROVIDER_UNAVAILABLE","temporarily_unavailable","","","","NOT_REACHED","temporarily_unavailable","","","","","","","","","","","","","",""
"34","5272840","0xf71c8578e8C065f21678C31A6639E765c8B0530A","BAGENT","uniswap","2","0xd75ac5369a3fc20e04bd7c22993978042e391998","[{\"protocol\":\"uniswap\",\"version\":2,\"pool\":\"0xd75ac5369a3fc20e04bd7c22993978042e391998\"}]","BUY","0x0000000000000000000000000000000000000000","0xf71c8578e8C065f21678C31A6639E765c8B0530A","500000000000000","0x1111111111111111111111111111111111111111","4663","zero-x-swap","25","0x0000000000000000000000000000000000000000","9900","10000","ROUTABLE","FIRM_RETURNED","","0x0000000000001fF3684f28c67538d4D072C22734","193589563541379112157675","NOT_RUN_INSUFFICIENT_BALANCE","insufficient_balance","195525263651529251759316","195525263651529251759316","193589563541379112157675","true","500000000000000","0xb30382833fffe6c76ff1c4ecd356411caee409a15d2b14182f6d0c10794b0ebe","0x39b38686A19836Ac10162c490E4558e120CbBE5f","0xb6c0bf3b83bc9ae4f6ed65a4f5f6c188eb3e4258d8d3b3705dff4ac02ed4a966","0x99f5e8edaceacfdd183eb5f1da8a7757b322495b80cf7928db289a1b1a09f799","insufficient_balance","","","","{\"status\":\"PASS\",\"mode\":\"ETH_CALL_EPHEMERAL_FUNDING\",\"walletAuthority\":false,\"blockNumber\":\"57644608\",\"blockHash\":\"0xd69fad67a4989c07503df87bbfb1f7ca6a9f4ed757017d86e4868179b722971a\",\"errorCode\":null,\"errorSelector\":null,\"calldataHash\":\"0xb30382833fffe6c76ff1c4ecd356411caee409a15d2b14182f6d0c10794b0ebe\",\"gasLimit\":\"700798\",\"gasPrice\":\"281153250\",\"transactionTarget\":\"0x0000000000001fF3684f28c67538d4D072C22734\",\"transactionValue\":\"500000000000000\",\"protectedOutput\":\"193589563541379112157675\",\"exactEnvelopePreserved\":true}"
"34","5272840","0xf71c8578e8C065f21678C31A6639E765c8B0530A","BAGENT","uniswap","2","0xd75ac5369a3fc20e04bd7c22993978042e391998","[{\"protocol\":\"uniswap\",\"version\":2,\"pool\":\"0xd75ac5369a3fc20e04bd7c22993978042e391998\"}]","SELL","0xf71c8578e8C065f21678C31A6639E765c8B0530A","0x0000000000000000000000000000000000000000","195525263651529251759316","0x1111111111111111111111111111111111111111","4663","zero-x-swap","25","0xf71c8578e8C065f21678C31A6639E765c8B0530A","9900","10000","NO_ROUTE","no_route","","","","NOT_REACHED","no_route","","","","","","","","","","","","","",""
"35","5272840","0x274117d3F589f0B6242402a3E37A7Be3c2f1C83e","のリス","uniswap","3","0xec3b27fbbf8feb74f1890400dd655753fc52e4cd","[{\"protocol\":\"uniswap\",\"version\":3,\"pool\":\"0xec3b27fbbf8feb74f1890400dd655753fc52e4cd\"}]","BUY","0x0000000000000000000000000000000000000000","0x274117d3F589f0B6242402a3E37A7Be3c2f1C83e","500000000000000","0x1111111111111111111111111111111111111111","4663","zero-x-swap","25","0x0000000000000000000000000000000000000000","9900","10000","ROUTABLE","FIRM_RETURNED","","0x0000000000001fF3684f28c67538d4D072C22734","10263615181329959309200","NOT_RUN_INSUFFICIENT_BALANCE","insufficient_balance","10366240966902292002046","10366240966902292002046","10263615181329959309200","true","500000000000000","0xacf9e4c50cf7006808046edc2a9f4a7e9abaf9cd8ea5d8b62486c1055e5d5c28","0x39b38686A19836Ac10162c490E4558e120CbBE5f","0xb6c0bf3b83bc9ae4f6ed65a4f5f6c188eb3e4258d8d3b3705dff4ac02ed4a966","0x99f5e8edaceacfdd183eb5f1da8a7757b322495b80cf7928db289a1b1a09f799","insufficient_balance","","","","{\"status\":\"PASS\",\"mode\":\"ETH_CALL_EPHEMERAL_FUNDING\",\"walletAuthority\":false,\"blockNumber\":\"57644614\",\"blockHash\":\"0x4050270698fe3ae1e8826e6702ca4ab3a940801f25eeb1c5730f7bf23e89f128\",\"errorCode\":null,\"errorSelector\":null,\"calldataHash\":\"0xacf9e4c50cf7006808046edc2a9f4a7e9abaf9cd8ea5d8b62486c1055e5d5c28\",\"gasLimit\":\"321520\",\"gasPrice\":\"283619250\",\"transactionTarget\":\"0x0000000000001fF3684f28c67538d4D072C22734\",\"transactionValue\":\"500000000000000\",\"protectedOutput\":\"10263615181329959309200\",\"exactEnvelopePreserved\":true}"
"35","5272840","0x274117d3F589f0B6242402a3E37A7Be3c2f1C83e","のリス","uniswap","3","0xec3b27fbbf8feb74f1890400dd655753fc52e4cd","[{\"protocol\":\"uniswap\",\"version\":3,\"pool\":\"0xec3b27fbbf8feb74f1890400dd655753fc52e4cd\"}]","SELL","0x274117d3F589f0B6242402a3E37A7Be3c2f1C83e","0x0000000000000000000000000000000000000000","10366240966902292002046","0x1111111111111111111111111111111111111111","4663","zero-x-swap","25","0x274117d3F589f0B6242402a3E37A7Be3c2f1C83e","9900","10000","ROUTABLE","FIRM_RETURNED","0x0000000000001fF3684f28c67538d4D072C22734","0x0000000000001fF3684f28c67538d4D072C22734","490962415121940","NOT_RUN_INSUFFICIENT_BALANCE","insufficient_balance","495878992008150","495878992008150","490962415121940","true","0","0x556c5b1bcfbfd880d22b702773576833602d5a31f83d73a071b8a73792c507e8","0x39b38686A19836Ac10162c490E4558e120CbBE5f","0xb6c0bf3b83bc9ae4f6ed65a4f5f6c188eb3e4258d8d3b3705dff4ac02ed4a966","0x99f5e8edaceacfdd183eb5f1da8a7757b322495b80cf7928db289a1b1a09f799","insufficient_balance","erc20_to_allowance_holder","10366240966902292002046","0x0000000000001fF3684f28c67538d4D072C22734","{\"status\":\"PASS\",\"mode\":\"ETH_CALL_EPHEMERAL_FUNDING\",\"walletAuthority\":false,\"blockNumber\":\"57644619\",\"blockHash\":\"0x8460e0b933776390297e0d7eef9b80dab670cd99b63952bc4d9088d126c8092d\",\"balanceSlot\":\"0xf043c50fe795c69f30b8ff78b84032dc53a9d87ca283ae10a1dacfbb648e83ef\",\"allowanceSlot\":\"0x8633cf2d93cf08d5beab4385c45958edebafa053650c03b0a14121e3dde9d80f\",\"allowanceSpender\":\"0x0000000000001fF3684f28c67538d4D072C22734\",\"allowanceAtomic\":\"10366240966902292002046\",\"errorCode\":null,\"errorSelector\":null,\"calldataHash\":\"0x556c5b1bcfbfd880d22b702773576833602d5a31f83d73a071b8a73792c507e8\",\"gasLimit\":\"327262\",\"gasPrice\":\"283619250\",\"transactionTarget\":\"0x0000000000001fF3684f28c67538d4D072C22734\",\"transactionValue\":\"0\",\"protectedOutput\":\"490962415121940\",\"exactEnvelopePreserved\":true}"
"36","5272840","0x85E7F0721c103005A6287013081E26b6E8611E18","VENN","uniswap","4","0x9368555b6c975c5755b02fa3573b964ed4fe1b0650fefec69f28c9ed89aaeabb","[{\"protocol\":\"uniswap\",\"version\":4,\"pool\":\"0x9368555b6c975c5755b02fa3573b964ed4fe1b0650fefec69f28c9ed89aaeabb\"}]","BUY","0x0000000000000000000000000000000000000000","0x85E7F0721c103005A6287013081E26b6E8611E18","500000000000000","0x1111111111111111111111111111111111111111","4663","zero-x-swap","25","0x0000000000000000000000000000000000000000","9900","10000","ROUTABLE","FIRM_RETURNED","","0x0000000000001fF3684f28c67538d4D072C22734","58288789130156479881084","NOT_RUN_INSUFFICIENT_BALANCE","insufficient_balance","58871618149839894845619","58871618149839894845619","58288789130156479881084","true","500000000000000","0x61d457246189370f42f74042ea3150fe142f779c7220f65041942006faa5ff13","0x39b38686A19836Ac10162c490E4558e120CbBE5f","0xb6c0bf3b83bc9ae4f6ed65a4f5f6c188eb3e4258d8d3b3705dff4ac02ed4a966","0x99f5e8edaceacfdd183eb5f1da8a7757b322495b80cf7928db289a1b1a09f799","insufficient_balance","","","","{\"status\":\"PASS\",\"mode\":\"ETH_CALL_EPHEMERAL_FUNDING\",\"walletAuthority\":false,\"blockNumber\":\"57644634\",\"blockHash\":\"0xac58e0d6df52dcfa6e4c47ce8733dac5102d5c90bce8b4d256eb1d0e9b9fa9de\",\"errorCode\":null,\"errorSelector\":null,\"calldataHash\":\"0x61d457246189370f42f74042ea3150fe142f779c7220f65041942006faa5ff13\",\"gasLimit\":\"1321318\",\"gasPrice\":\"281477250\",\"transactionTarget\":\"0x0000000000001fF3684f28c67538d4D072C22734\",\"transactionValue\":\"500000000000000\",\"protectedOutput\":\"58288789130156479881084\",\"exactEnvelopePreserved\":true}"
"36","5272840","0x85E7F0721c103005A6287013081E26b6E8611E18","VENN","uniswap","4","0x9368555b6c975c5755b02fa3573b964ed4fe1b0650fefec69f28c9ed89aaeabb","[{\"protocol\":\"uniswap\",\"version\":4,\"pool\":\"0x9368555b6c975c5755b02fa3573b964ed4fe1b0650fefec69f28c9ed89aaeabb\"}]","SELL","0x85E7F0721c103005A6287013081E26b6E8611E18","0x0000000000000000000000000000000000000000","58871618149839894845619","0x1111111111111111111111111111111111111111","4663","zero-x-swap","25","0x85E7F0721c103005A6287013081E26b6E8611E18","9900","10000","NO_ROUTE","no_route","","","","NOT_REACHED","no_route","","","","","","","","","","","","","",""
"37","5272840","0xdf07A5ddBeAa98f06388bC48186a52bD67a87E8B","VOODOO","uniswap","2","0x0794c9c35f9365ee49dbae32aba718da472fd8db","[{\"protocol\":\"uniswap\",\"version\":2,\"pool\":\"0x0794c9c35f9365ee49dbae32aba718da472fd8db\"}]","BUY","0x0000000000000000000000000000000000000000","0xdf07A5ddBeAa98f06388bC48186a52bD67a87E8B","500000000000000","0x1111111111111111111111111111111111111111","4663","zero-x-swap","25","0x0000000000000000000000000000000000000000","9900","10000","ROUTABLE","FIRM_RETURNED","","0x0000000000001fF3684f28c67538d4D072C22734","197481069536498518309631","NOT_RUN_INSUFFICIENT_BALANCE","insufficient_balance","199455680776182727311005","199455680776182727311005","197481069536498518309631","true","500000000000000","0xa454b94798e9633a77a73bc7371d33f4b47dcf081825d0f25966a532b98b332e","0x39b38686A19836Ac10162c490E4558e120CbBE5f","0xb6c0bf3b83bc9ae4f6ed65a4f5f6c188eb3e4258d8d3b3705dff4ac02ed4a966","0x99f5e8edaceacfdd183eb5f1da8a7757b322495b80cf7928db289a1b1a09f799","insufficient_balance","","","","{\"status\":\"PASS\",\"mode\":\"ETH_CALL_EPHEMERAL_FUNDING\",\"walletAuthority\":false,\"blockNumber\":\"57644639\",\"blockHash\":\"0x1d9a52e5df8f6a7c6245abfe8f539071259511f6a135be9725a4365f710e0a18\",\"errorCode\":null,\"errorSelector\":null,\"calldataHash\":\"0xa454b94798e9633a77a73bc7371d33f4b47dcf081825d0f25966a532b98b332e\",\"gasLimit\":\"700774\",\"gasPrice\":\"280433250\",\"transactionTarget\":\"0x0000000000001fF3684f28c67538d4D072C22734\",\"transactionValue\":\"500000000000000\",\"protectedOutput\":\"197481069536498518309631\",\"exactEnvelopePreserved\":true}"
"37","5272840","0xdf07A5ddBeAa98f06388bC48186a52bD67a87E8B","VOODOO","uniswap","2","0x0794c9c35f9365ee49dbae32aba718da472fd8db","[{\"protocol\":\"uniswap\",\"version\":2,\"pool\":\"0x0794c9c35f9365ee49dbae32aba718da472fd8db\"}]","SELL","0xdf07A5ddBeAa98f06388bC48186a52bD67a87E8B","0x0000000000000000000000000000000000000000","199455680776182727311005","0x1111111111111111111111111111111111111111","4663","zero-x-swap","25","0xdf07A5ddBeAa98f06388bC48186a52bD67a87E8B","9900","10000","NO_ROUTE","no_route","","","","NOT_REACHED","no_route","","","","","","","","","","","","","",""
"38","5272840","0x020bfC650A365f8BB26819deAAbF3E21291018b4","CASHCAT","uniswap","3","0xa70fc67c9f69da90b63a0e4c05d229954574e313","[{\"protocol\":\"uniswap\",\"version\":3,\"pool\":\"0xa70fc67c9f69da90b63a0e4c05d229954574e313\"},{\"protocol\":\"uniswap\",\"version\":4,\"pool\":\"0x5dda0356812bf212b7f137dee56b7adf75b24a7d859cceb140fe8c239dabd494\"}]","BUY","0x0000000000000000000000000000000000000000","0x020bfC650A365f8BB26819deAAbF3E21291018b4","500000000000000","0x1111111111111111111111111111111111111111","4663","zero-x-swap","25","0x0000000000000000000000000000000000000000","9900","10000","ROUTABLE","FIRM_RETURNED","","0x0000000000001fF3684f28c67538d4D072C22734","6877777059143844740","NOT_RUN_INSUFFICIENT_BALANCE","insufficient_balance","6946547883187407117","6946547883187407117","6877777059143844740","true","500000000000000","0xeaac2b20adec6d9533af2a4ae08e1e932f018b565db8fe49838aff3cfa0b3b97","0x39b38686A19836Ac10162c490E4558e120CbBE5f","0xb6c0bf3b83bc9ae4f6ed65a4f5f6c188eb3e4258d8d3b3705dff4ac02ed4a966","0x99f5e8edaceacfdd183eb5f1da8a7757b322495b80cf7928db289a1b1a09f799","insufficient_balance","","","","{\"status\":\"PASS\",\"mode\":\"ETH_CALL_EPHEMERAL_FUNDING\",\"walletAuthority\":false,\"blockNumber\":\"57644654\",\"blockHash\":\"0xcf7c269a9ef3d5c39766214f46ebe11dbcc7b41d6f63717cccab1ed841e6a511\",\"errorCode\":null,\"errorSelector\":null,\"calldataHash\":\"0xeaac2b20adec6d9533af2a4ae08e1e932f018b565db8fe49838aff3cfa0b3b97\",\"gasLimit\":\"321531\",\"gasPrice\":\"280433250\",\"transactionTarget\":\"0x0000000000001fF3684f28c67538d4D072C22734\",\"transactionValue\":\"500000000000000\",\"protectedOutput\":\"6877777059143844740\",\"exactEnvelopePreserved\":true}"
"38","5272840","0x020bfC650A365f8BB26819deAAbF3E21291018b4","CASHCAT","uniswap","3","0xa70fc67c9f69da90b63a0e4c05d229954574e313","[{\"protocol\":\"uniswap\",\"version\":3,\"pool\":\"0xa70fc67c9f69da90b63a0e4c05d229954574e313\"},{\"protocol\":\"uniswap\",\"version\":4,\"pool\":\"0x5dda0356812bf212b7f137dee56b7adf75b24a7d859cceb140fe8c239dabd494\"}]","SELL","0x020bfC650A365f8BB26819deAAbF3E21291018b4","0x0000000000000000000000000000000000000000","6946547883187407117","0x1111111111111111111111111111111111111111","4663","zero-x-swap","25","0x020bfC650A365f8BB26819deAAbF3E21291018b4","9900","10000","OTHER_EXACT_CLASSIFICATION","invalid_response","","","","NOT_REACHED","invalid_response","","","","","","","","","","","","","",""
"39","5272840","0x70A49A7Aa2150E344800cbE63e455F32B89b1701","MOTO","uniswap","4","0xc99752e4f4c40e86ea924ed90fd37410176f4e7abb7c804caacb55a1771ca805","[{\"protocol\":\"uniswap\",\"version\":4,\"pool\":\"0xc99752e4f4c40e86ea924ed90fd37410176f4e7abb7c804caacb55a1771ca805\"}]","BUY","0x0000000000000000000000000000000000000000","0x70A49A7Aa2150E344800cbE63e455F32B89b1701","500000000000000","0x1111111111111111111111111111111111111111","4663","zero-x-swap","25","0x0000000000000000000000000000000000000000","9900","10000","ROUTABLE","FIRM_RETURNED","","0x0000000000001fF3684f28c67538d4D072C22734","284020810731659913162905","NOT_RUN_INSUFFICIENT_BALANCE","insufficient_balance","286859365291564747221176","286860731978244534055030","284020810731659913162905","true","500000000000000","0xb86f2ef76eb6cce432421a1f260bc7c113fc84c1be015e5b9f6a8b8e8f98d581","0x39b38686A19836Ac10162c490E4558e120CbBE5f","0xb6c0bf3b83bc9ae4f6ed65a4f5f6c188eb3e4258d8d3b3705dff4ac02ed4a966","0x99f5e8edaceacfdd183eb5f1da8a7757b322495b80cf7928db289a1b1a09f799","insufficient_balance","","","","{\"status\":\"PASS\",\"mode\":\"ETH_CALL_EPHEMERAL_FUNDING\",\"walletAuthority\":false,\"blockNumber\":\"57644669\",\"blockHash\":\"0x48994ab3fc2347222e392460bca6c624127aedf78d1042ad8610006a920b560a\",\"errorCode\":null,\"errorSelector\":null,\"calldataHash\":\"0xb86f2ef76eb6cce432421a1f260bc7c113fc84c1be015e5b9f6a8b8e8f98d581\",\"gasLimit\":\"850064\",\"gasPrice\":\"280433250\",\"transactionTarget\":\"0x0000000000001fF3684f28c67538d4D072C22734\",\"transactionValue\":\"500000000000000\",\"protectedOutput\":\"284020810731659913162905\",\"exactEnvelopePreserved\":true}"
"39","5272840","0x70A49A7Aa2150E344800cbE63e455F32B89b1701","MOTO","uniswap","4","0xc99752e4f4c40e86ea924ed90fd37410176f4e7abb7c804caacb55a1771ca805","[{\"protocol\":\"uniswap\",\"version\":4,\"pool\":\"0xc99752e4f4c40e86ea924ed90fd37410176f4e7abb7c804caacb55a1771ca805\"}]","SELL","0x70A49A7Aa2150E344800cbE63e455F32B89b1701","0x0000000000000000000000000000000000000000","286859365291564747221176","0x1111111111111111111111111111111111111111","4663","zero-x-swap","25","0x70A49A7Aa2150E344800cbE63e455F32B89b1701","9900","10000","NO_ROUTE","no_route","","","","NOT_REACHED","no_route","","","","","","","","","","","","","",""
"40","5272840","0x4e7891E5F4EA0e0265eE5C2f5241990Fc268E269","PUGCOIN","uniswap","3","0xb581e7b503084056f2fc67524cba2a7b0345f90c","[{\"protocol\":\"uniswap\",\"version\":3,\"pool\":\"0xb581e7b503084056f2fc67524cba2a7b0345f90c\"}]","BUY","0x0000000000000000000000000000000000000000","0x4e7891E5F4EA0e0265eE5C2f5241990Fc268E269","500000000000000","0x1111111111111111111111111111111111111111","4663","zero-x-swap","25","0x0000000000000000000000000000000000000000","9900","10000","ROUTABLE","FIRM_RETURNED","","0x0000000000001fF3684f28c67538d4D072C22734","421797238887947180298406","NOT_RUN_INSUFFICIENT_BALANCE","insufficient_balance","426014785262041390068261","426014785262041390068261","421797238887947180298406","true","500000000000000","0xefc448f39b044ab1538ceb53bcd7bed4e7a7f34fcf02ff86e7e337f0aa487729","0x39b38686A19836Ac10162c490E4558e120CbBE5f","0xb6c0bf3b83bc9ae4f6ed65a4f5f6c188eb3e4258d8d3b3705dff4ac02ed4a966","0x99f5e8edaceacfdd183eb5f1da8a7757b322495b80cf7928db289a1b1a09f799","insufficient_balance","","","","{\"status\":\"PASS\",\"mode\":\"ETH_CALL_EPHEMERAL_FUNDING\",\"walletAuthority\":false,\"blockNumber\":\"57644679\",\"blockHash\":\"0xd0dbe46a841dec88de90ed2c5c8fccf8424a3de7c8407720751db9abba98de7f\",\"errorCode\":null,\"errorSelector\":null,\"calldataHash\":\"0xefc448f39b044ab1538ceb53bcd7bed4e7a7f34fcf02ff86e7e337f0aa487729\",\"gasLimit\":\"465204\",\"gasPrice\":\"281630250\",\"transactionTarget\":\"0x0000000000001fF3684f28c67538d4D072C22734\",\"transactionValue\":\"500000000000000\",\"protectedOutput\":\"421797238887947180298406\",\"exactEnvelopePreserved\":true}"
"40","5272840","0x4e7891E5F4EA0e0265eE5C2f5241990Fc268E269","PUGCOIN","uniswap","3","0xb581e7b503084056f2fc67524cba2a7b0345f90c","[{\"protocol\":\"uniswap\",\"version\":3,\"pool\":\"0xb581e7b503084056f2fc67524cba2a7b0345f90c\"}]","SELL","0x4e7891E5F4EA0e0265eE5C2f5241990Fc268E269","0x0000000000000000000000000000000000000000","426014785262041390068261","0x1111111111111111111111111111111111111111","4663","zero-x-swap","25","0x4e7891E5F4EA0e0265eE5C2f5241990Fc268E269","9900","10000","OTHER_EXACT_CLASSIFICATION","invalid_response","","","","NOT_REACHED","invalid_response","","","","","","","","","","","","","",""
"41","5272840","0x51979A75580c84E9A9AeaeB84fbce8aEfB28cd1E","PD","uniswap","4","0x8f707749e53adaa4544ec0fd330e1c65ec7cbbc0ed68e443c128422d53d181f7","[{\"protocol\":\"uniswap\",\"version\":4,\"pool\":\"0x8f707749e53adaa4544ec0fd330e1c65ec7cbbc0ed68e443c128422d53d181f7\"}]","BUY","0x0000000000000000000000000000000000000000","0x51979A75580c84E9A9AeaeB84fbce8aEfB28cd1E","500000000000000","0x1111111111111111111111111111111111111111","4663","zero-x-swap","25","0x0000000000000000000000000000000000000000","9900","10000","ROUTABLE","FIRM_RETURNED","","0x0000000000001fF3684f28c67538d4D072C22734","158411787852579062622889","NOT_RUN_INSUFFICIENT_BALANCE","insufficient_balance","159995745735359117890376","159995745735359117890376","158411787852579062622889","true","500000000000000","0x07c0f1cde03725b2acbca118104cf5dec6c41f7f3390588b79bc837e9f0591b5","0x39b38686A19836Ac10162c490E4558e120CbBE5f","0xb6c0bf3b83bc9ae4f6ed65a4f5f6c188eb3e4258d8d3b3705dff4ac02ed4a966","0x99f5e8edaceacfdd183eb5f1da8a7757b322495b80cf7928db289a1b1a09f799","insufficient_balance","","","","{\"status\":\"PASS\",\"mode\":\"ETH_CALL_EPHEMERAL_FUNDING\",\"walletAuthority\":false,\"blockNumber\":\"57644689\",\"blockHash\":\"0x31de80b45c8c9e977646299f48849274eec897fe5b52d3bfa41ad0fb1ded2f87\",\"errorCode\":null,\"errorSelector\":null,\"calldataHash\":\"0x07c0f1cde03725b2acbca118104cf5dec6c41f7f3390588b79bc837e9f0591b5\",\"gasLimit\":\"398854\",\"gasPrice\":\"280669500\",\"transactionTarget\":\"0x0000000000001fF3684f28c67538d4D072C22734\",\"transactionValue\":\"500000000000000\",\"protectedOutput\":\"158411787852579062622889\",\"exactEnvelopePreserved\":true}"
"41","5272840","0x51979A75580c84E9A9AeaeB84fbce8aEfB28cd1E","PD","uniswap","4","0x8f707749e53adaa4544ec0fd330e1c65ec7cbbc0ed68e443c128422d53d181f7","[{\"protocol\":\"uniswap\",\"version\":4,\"pool\":\"0x8f707749e53adaa4544ec0fd330e1c65ec7cbbc0ed68e443c128422d53d181f7\"}]","SELL","0x51979A75580c84E9A9AeaeB84fbce8aEfB28cd1E","0x0000000000000000000000000000000000000000","159995745735359117890376","0x1111111111111111111111111111111111111111","4663","zero-x-swap","25","0x51979A75580c84E9A9AeaeB84fbce8aEfB28cd1E","9900","10000","NO_ROUTE","no_route","","","","NOT_REACHED","no_route","","","","","","","","","","","","","",""
"42","5272840","0x7f0441efb79360121cCa105695f81Bb03420b39d","CME","uniswap","3","0xf049cd452123b2c486557b7ead014351329b94e1","[{\"protocol\":\"uniswap\",\"version\":3,\"pool\":\"0xf049cd452123b2c486557b7ead014351329b94e1\"}]","BUY","0x0000000000000000000000000000000000000000","0x7f0441efb79360121cCa105695f81Bb03420b39d","500000000000000","0x1111111111111111111111111111111111111111","4663","zero-x-swap","25","0x0000000000000000000000000000000000000000","9900","10000","ROUTABLE","FIRM_RETURNED","","0x0000000000001fF3684f28c67538d4D072C22734","444477425095754054417","NOT_RUN_INSUFFICIENT_BALANCE","insufficient_balance","448920288392049061267","448921750424961174392","444477425095754054417","true","500000000000000","0xdb555930d12c728084dc7ae82798e4f28b5ba4a5cd48ab8fa8c4fd4769388fd8","0x39b38686A19836Ac10162c490E4558e120CbBE5f","0xb6c0bf3b83bc9ae4f6ed65a4f5f6c188eb3e4258d8d3b3705dff4ac02ed4a966","0x99f5e8edaceacfdd183eb5f1da8a7757b322495b80cf7928db289a1b1a09f799","insufficient_balance","","","","{\"status\":\"PASS\",\"mode\":\"ETH_CALL_EPHEMERAL_FUNDING\",\"walletAuthority\":false,\"blockNumber\":\"57644698\",\"blockHash\":\"0x71ebcc7b916e3e873cc1cea537ee22f32d4fc3e5754f5f62a2f9fb79553e920b\",\"errorCode\":null,\"errorSelector\":null,\"calldataHash\":\"0xdb555930d12c728084dc7ae82798e4f28b5ba4a5cd48ab8fa8c4fd4769388fd8\",\"gasLimit\":\"477485\",\"gasPrice\":\"280172250\",\"transactionTarget\":\"0x0000000000001fF3684f28c67538d4D072C22734\",\"transactionValue\":\"500000000000000\",\"protectedOutput\":\"444477425095754054417\",\"exactEnvelopePreserved\":true}"
"42","5272840","0x7f0441efb79360121cCa105695f81Bb03420b39d","CME","uniswap","3","0xf049cd452123b2c486557b7ead014351329b94e1","[{\"protocol\":\"uniswap\",\"version\":3,\"pool\":\"0xf049cd452123b2c486557b7ead014351329b94e1\"}]","SELL","0x7f0441efb79360121cCa105695f81Bb03420b39d","0x0000000000000000000000000000000000000000","448920288392049061267","0x1111111111111111111111111111111111111111","4663","zero-x-swap","25","0x7f0441efb79360121cCa105695f81Bb03420b39d","9900","10000","ROUTABLE","FIRM_RETURNED","0x0000000000001fF3684f28c67538d4D072C22734","0x0000000000001fF3684f28c67538d4D072C22734","487892648320806","NOT_RUN_INSUFFICIENT_BALANCE","insufficient_balance","492778484066685","492778484066685","487892648320806","true","0","0xb345824f9b065f8e1616548e21a966adecfe8ae3f6a9eb4a32f2daa168d0c042","0x39b38686A19836Ac10162c490E4558e120CbBE5f","0xb6c0bf3b83bc9ae4f6ed65a4f5f6c188eb3e4258d8d3b3705dff4ac02ed4a966","0x99f5e8edaceacfdd183eb5f1da8a7757b322495b80cf7928db289a1b1a09f799","insufficient_balance","erc20_to_allowance_holder","448920288392049061267","0x0000000000001fF3684f28c67538d4D072C22734","{\"status\":\"PASS\",\"mode\":\"ETH_CALL_EPHEMERAL_FUNDING\",\"walletAuthority\":false,\"blockNumber\":\"57644708\",\"blockHash\":\"0x532a25f6aa1a55801a0d9ae7303c722c7965d32821509c5eeffd3f98924ce4b5\",\"balanceSlot\":\"0xfc40ea33816453f766ebc0872d4b5152b468882abe7b6b35528069db4d6e41c4\",\"allowanceSlot\":\"0xff5ad6a19694d8c773fd8fb371e835b382d754cc0dd437b4bb885a14b6521290\",\"allowanceSpender\":\"0x0000000000001fF3684f28c67538d4D072C22734\",\"allowanceAtomic\":\"448920288392049061267\",\"errorCode\":null,\"errorSelector\":null,\"calldataHash\":\"0xb345824f9b065f8e1616548e21a966adecfe8ae3f6a9eb4a32f2daa168d0c042\",\"gasLimit\":\"493977\",\"gasPrice\":\"280172250\",\"transactionTarget\":\"0x0000000000001fF3684f28c67538d4D072C22734\",\"transactionValue\":\"0\",\"protectedOutput\":\"487892648320806\",\"exactEnvelopePreserved\":true}"
"43","5272840","0xe0eFaa3a69380CD7F673d222461c5F9ec2b46f01","NILE","uniswap","4","0xb2d6f05917ad61157bec60a4e31f60e6ca536ea176690476628eb0e7a89ef319","[{\"protocol\":\"uniswap\",\"version\":4,\"pool\":\"0xb2d6f05917ad61157bec60a4e31f60e6ca536ea176690476628eb0e7a89ef319\"}]","BUY","0x0000000000000000000000000000000000000000","0xe0eFaa3a69380CD7F673d222461c5F9ec2b46f01","500000000000000","0x1111111111111111111111111111111111111111","4663","zero-x-swap","25","0x0000000000000000000000000000000000000000","9900","10000","ROUTABLE","FIRM_RETURNED","","0x0000000000001fF3684f28c67538d4D072C22734","300672815101846288609087","NOT_RUN_INSUFFICIENT_BALANCE","insufficient_balance","303679239573625177873185","303679239573625177873185","300672815101846288609087","true","500000000000000","0xba4024b87cdaad6e89f5a98fc5226545dd1e281cf8602015fbc48491ac5c745b","0x39b38686A19836Ac10162c490E4558e120CbBE5f","0xb6c0bf3b83bc9ae4f6ed65a4f5f6c188eb3e4258d8d3b3705dff4ac02ed4a966","0x99f5e8edaceacfdd183eb5f1da8a7757b322495b80cf7928db289a1b1a09f799","insufficient_balance","","","","{\"status\":\"PASS\",\"mode\":\"ETH_CALL_EPHEMERAL_FUNDING\",\"walletAuthority\":false,\"blockNumber\":\"57644723\",\"blockHash\":\"0xbc6d7e63da026f7479d7b47bcf1d85e912b1830602c8bf3cea1c44e45f28a530\",\"errorCode\":null,\"errorSelector\":null,\"calldataHash\":\"0xba4024b87cdaad6e89f5a98fc5226545dd1e281cf8602015fbc48491ac5c745b\",\"gasLimit\":\"484376\",\"gasPrice\":\"280172250\",\"transactionTarget\":\"0x0000000000001fF3684f28c67538d4D072C22734\",\"transactionValue\":\"500000000000000\",\"protectedOutput\":\"300672815101846288609087\",\"exactEnvelopePreserved\":true}"
"43","5272840","0xe0eFaa3a69380CD7F673d222461c5F9ec2b46f01","NILE","uniswap","4","0xb2d6f05917ad61157bec60a4e31f60e6ca536ea176690476628eb0e7a89ef319","[{\"protocol\":\"uniswap\",\"version\":4,\"pool\":\"0xb2d6f05917ad61157bec60a4e31f60e6ca536ea176690476628eb0e7a89ef319\"}]","SELL","0xe0eFaa3a69380CD7F673d222461c5F9ec2b46f01","0x0000000000000000000000000000000000000000","303679239573625177873185","0x1111111111111111111111111111111111111111","4663","zero-x-swap","25","0xe0eFaa3a69380CD7F673d222461c5F9ec2b46f01","9900","10000","NO_ROUTE","no_route","","","","NOT_REACHED","no_route","","","","","","","","","","","","","",""
"44","5272840","0xc1a03B0B778d59367a50A056d7cf85a5093ECa12","CRMBS","uniswap","3","0x185f6b9168651005830f2d8137909eebd4c6c19b","[{\"protocol\":\"uniswap\",\"version\":3,\"pool\":\"0x185f6b9168651005830f2d8137909eebd4c6c19b\"}]","BUY","0x0000000000000000000000000000000000000000","0xc1a03B0B778d59367a50A056d7cf85a5093ECa12","500000000000000","0x1111111111111111111111111111111111111111","4663","zero-x-swap","25","0x0000000000000000000000000000000000000000","9900","10000","ROUTABLE","FIRM_RETURNED","","0x0000000000001fF3684f28c67538d4D072C22734","3963268111071100658438","NOT_RUN_INSUFFICIENT_BALANCE","insufficient_balance","4002896789285022385500","4002896789285022385500","3963268111071100658438","true","500000000000000","0xa63799e3821b861900bcf91eab3e890f3ee62b99cedabc8588c0b08fc47f01e9","0x39b38686A19836Ac10162c490E4558e120CbBE5f","0xb6c0bf3b83bc9ae4f6ed65a4f5f6c188eb3e4258d8d3b3705dff4ac02ed4a966","0x99f5e8edaceacfdd183eb5f1da8a7757b322495b80cf7928db289a1b1a09f799","insufficient_balance","","","","{\"status\":\"PASS\",\"mode\":\"ETH_CALL_EPHEMERAL_FUNDING\",\"walletAuthority\":false,\"blockNumber\":\"57644733\",\"blockHash\":\"0x798b425d1792222a1010c74fbf8ac50c785565552b526f262c2157bf35a3702a\",\"errorCode\":null,\"errorSelector\":null,\"calldataHash\":\"0xa63799e3821b861900bcf91eab3e890f3ee62b99cedabc8588c0b08fc47f01e9\",\"gasLimit\":\"475569\",\"gasPrice\":\"280172250\",\"transactionTarget\":\"0x0000000000001fF3684f28c67538d4D072C22734\",\"transactionValue\":\"500000000000000\",\"protectedOutput\":\"3963268111071100658438\",\"exactEnvelopePreserved\":true}"
"44","5272840","0xc1a03B0B778d59367a50A056d7cf85a5093ECa12","CRMBS","uniswap","3","0x185f6b9168651005830f2d8137909eebd4c6c19b","[{\"protocol\":\"uniswap\",\"version\":3,\"pool\":\"0x185f6b9168651005830f2d8137909eebd4c6c19b\"}]","SELL","0xc1a03B0B778d59367a50A056d7cf85a5093ECa12","0x0000000000000000000000000000000000000000","4002896789285022385500","0x1111111111111111111111111111111111111111","4663","zero-x-swap","25","0xc1a03B0B778d59367a50A056d7cf85a5093ECa12","9900","10000","OTHER_EXACT_CLASSIFICATION","invalid_response","","","","NOT_REACHED","invalid_response","","","","","","","","","","","","","",""
"45","5272840","0xca5fcaEB939CeD8433609e9230C48371DeBedf34","SMF","uniswap","4","0x3aa6dc47bee9fc645a7f0189b087e1b14aed3d9abc09a81cfe59155e04f42dad","[{\"protocol\":\"uniswap\",\"version\":4,\"pool\":\"0x3aa6dc47bee9fc645a7f0189b087e1b14aed3d9abc09a81cfe59155e04f42dad\"},{\"protocol\":\"uniswap\",\"version\":4,\"pool\":\"0xc433e35f4ba0e79031ab0c47a18b4ea2ad829750dd9e09b267425905ad6f0af5\"}]","BUY","0x0000000000000000000000000000000000000000","0xca5fcaEB939CeD8433609e9230C48371DeBedf34","500000000000000","0x1111111111111111111111111111111111111111","4663","zero-x-swap","25","0x0000000000000000000000000000000000000000","9900","10000","ROUTABLE","FIRM_RETURNED","","0x0000000000001fF3684f28c67538d4D072C22734","153947492335794278535098","NOT_RUN_INSUFFICIENT_BALANCE","insufficient_balance","155486939208497687057171","155486811772340448980430","153947492335794278535098","true","500000000000000","0x1d1a10ff194458b49ead1e92ad8488c5e447d32e59e3c0e3dfcacacef4def0c7","0x39b38686A19836Ac10162c490E4558e120CbBE5f","0xb6c0bf3b83bc9ae4f6ed65a4f5f6c188eb3e4258d8d3b3705dff4ac02ed4a966","0x99f5e8edaceacfdd183eb5f1da8a7757b322495b80cf7928db289a1b1a09f799","insufficient_balance","","","","{\"status\":\"PASS\",\"mode\":\"ETH_CALL_EPHEMERAL_FUNDING\",\"walletAuthority\":false,\"blockNumber\":\"57644748\",\"blockHash\":\"0x190cea0e76f24b72455bd43e31e7475fc289ff77d165dde0fc321d02253f215b\",\"errorCode\":null,\"errorSelector\":null,\"calldataHash\":\"0x1d1a10ff194458b49ead1e92ad8488c5e447d32e59e3c0e3dfcacacef4def0c7\",\"gasLimit\":\"469284\",\"gasPrice\":\"280991250\",\"transactionTarget\":\"0x0000000000001fF3684f28c67538d4D072C22734\",\"transactionValue\":\"500000000000000\",\"protectedOutput\":\"153947492335794278535098\",\"exactEnvelopePreserved\":true}"
"45","5272840","0xca5fcaEB939CeD8433609e9230C48371DeBedf34","SMF","uniswap","4","0x3aa6dc47bee9fc645a7f0189b087e1b14aed3d9abc09a81cfe59155e04f42dad","[{\"protocol\":\"uniswap\",\"version\":4,\"pool\":\"0x3aa6dc47bee9fc645a7f0189b087e1b14aed3d9abc09a81cfe59155e04f42dad\"},{\"protocol\":\"uniswap\",\"version\":4,\"pool\":\"0xc433e35f4ba0e79031ab0c47a18b4ea2ad829750dd9e09b267425905ad6f0af5\"}]","SELL","0xca5fcaEB939CeD8433609e9230C48371DeBedf34","0x0000000000000000000000000000000000000000","155486939208497687057171","0x1111111111111111111111111111111111111111","4663","zero-x-swap","25","0xca5fcaEB939CeD8433609e9230C48371DeBedf34","9900","10000","OTHER_EXACT_CLASSIFICATION","invalid_response","","","","NOT_REACHED","invalid_response","","","","","","","","","","","","","",""
"46","5272840","0xb1f863bf3D717E74199D2801A69Fa744d89aBaeC","GPT6A","uniswap","3","0x59e52722ee6f03e8eb522cef5be9835fcef228c1","[{\"protocol\":\"uniswap\",\"version\":3,\"pool\":\"0x59e52722ee6f03e8eb522cef5be9835fcef228c1\"}]","BUY","0x0000000000000000000000000000000000000000","0xb1f863bf3D717E74199D2801A69Fa744d89aBaeC","500000000000000","0x1111111111111111111111111111111111111111","4663","zero-x-swap","25","0x0000000000000000000000000000000000000000","9900","10000","ROUTABLE","FIRM_RETURNED","","0x0000000000001fF3684f28c67538d4D072C22734","989604789172613787281565002","NOT_RUN_INSUFFICIENT_BALANCE","insufficient_balance","999499837564766194059211640","999499837564502360652025916","989604789172613787281565002","true","500000000000000","0xe79554037f790ff4315b033c52af399ea1ba0ee855ade103cb675ac222b08f3a","0x39b38686A19836Ac10162c490E4558e120CbBE5f","0xb6c0bf3b83bc9ae4f6ed65a4f5f6c188eb3e4258d8d3b3705dff4ac02ed4a966","0x99f5e8edaceacfdd183eb5f1da8a7757b322495b80cf7928db289a1b1a09f799","insufficient_balance","","","","{\"status\":\"PASS\",\"mode\":\"ETH_CALL_EPHEMERAL_FUNDING\",\"walletAuthority\":false,\"blockNumber\":\"57644764\",\"blockHash\":\"0x5222eb36f733ee61392c650907d6f718cacb938d6a8579cbd84a7ce39d555966\",\"errorCode\":null,\"errorSelector\":null,\"calldataHash\":\"0xe79554037f790ff4315b033c52af399ea1ba0ee855ade103cb675ac222b08f3a\",\"gasLimit\":\"1430948\",\"gasPrice\":\"285691500\",\"transactionTarget\":\"0x0000000000001fF3684f28c67538d4D072C22734\",\"transactionValue\":\"500000000000000\",\"protectedOutput\":\"989604789172613787281565002\",\"exactEnvelopePreserved\":true}"
"46","5272840","0xb1f863bf3D717E74199D2801A69Fa744d89aBaeC","GPT6A","uniswap","3","0x59e52722ee6f03e8eb522cef5be9835fcef228c1","[{\"protocol\":\"uniswap\",\"version\":3,\"pool\":\"0x59e52722ee6f03e8eb522cef5be9835fcef228c1\"}]","SELL","0xb1f863bf3D717E74199D2801A69Fa744d89aBaeC","0x0000000000000000000000000000000000000000","999499837564766194059211640","0x1111111111111111111111111111111111111111","4663","zero-x-swap","25","0xb1f863bf3D717E74199D2801A69Fa744d89aBaeC","9900","10000","NO_ROUTE","no_route","","","","NOT_REACHED","no_route","","","","","","","","","","","","","",""
"47","5272840","0x8141B1EceA7719058549ad85C01A2b32A85fcA01","COURIER","uniswap","4","0x2774bba25e5ddc61133daf96c24192f257085ecde9508da2d086e30270ef3e7c","[{\"protocol\":\"uniswap\",\"version\":4,\"pool\":\"0x2774bba25e5ddc61133daf96c24192f257085ecde9508da2d086e30270ef3e7c\"}]","BUY","0x0000000000000000000000000000000000000000","0x8141B1EceA7719058549ad85C01A2b32A85fcA01","500000000000000","0x1111111111111111111111111111111111111111","4663","zero-x-swap","25","0x0000000000000000000000000000000000000000","9900","10000","ROUTABLE","FIRM_RETURNED","","0x0000000000001fF3684f28c67538d4D072C22734","290239177506026486396645","NOT_RUN_INSUFFICIENT_BALANCE","insufficient_balance","293141276139810611453283","293141276139810611453283","290239177506026486396645","true","500000000000000","0x520db7e0c8b0ea6e75a22332d83ab882bb822cf6b22b278ce5c1cd05c463f257","0x39b38686A19836Ac10162c490E4558e120CbBE5f","0xb6c0bf3b83bc9ae4f6ed65a4f5f6c188eb3e4258d8d3b3705dff4ac02ed4a966","0x99f5e8edaceacfdd183eb5f1da8a7757b322495b80cf7928db289a1b1a09f799","insufficient_balance","","","","{\"status\":\"PASS\",\"mode\":\"ETH_CALL_EPHEMERAL_FUNDING\",\"walletAuthority\":false,\"blockNumber\":\"57644774\",\"blockHash\":\"0x17d94adefd8d46f434dce74dee76968c57f95bd962bf7675f5164e8495cb0204\",\"errorCode\":null,\"errorSelector\":null,\"calldataHash\":\"0x520db7e0c8b0ea6e75a22332d83ab882bb822cf6b22b278ce5c1cd05c463f257\",\"gasLimit\":\"1094383\",\"gasPrice\":\"285691500\",\"transactionTarget\":\"0x0000000000001fF3684f28c67538d4D072C22734\",\"transactionValue\":\"500000000000000\",\"protectedOutput\":\"290239177506026486396645\",\"exactEnvelopePreserved\":true}"
"47","5272840","0x8141B1EceA7719058549ad85C01A2b32A85fcA01","COURIER","uniswap","4","0x2774bba25e5ddc61133daf96c24192f257085ecde9508da2d086e30270ef3e7c","[{\"protocol\":\"uniswap\",\"version\":4,\"pool\":\"0x2774bba25e5ddc61133daf96c24192f257085ecde9508da2d086e30270ef3e7c\"}]","SELL","0x8141B1EceA7719058549ad85C01A2b32A85fcA01","0x0000000000000000000000000000000000000000","293141276139810611453283","0x1111111111111111111111111111111111111111","4663","zero-x-swap","25","0x8141B1EceA7719058549ad85C01A2b32A85fcA01","9900","10000","ROUTABLE","FIRM_RETURNED","0x0000000000001fF3684f28c67538d4D072C22734","0x0000000000001fF3684f28c67538d4D072C22734","475341433485416","NOT_RUN_INSUFFICIENT_BALANCE","insufficient_balance","480101579339660","480101579339660","475341433485416","true","0","0x780197db278d40820c8023686e7fc27fcd12adb8bd7ceb3fbc48d5f7673ba45f","0x39b38686A19836Ac10162c490E4558e120CbBE5f","0xb6c0bf3b83bc9ae4f6ed65a4f5f6c188eb3e4258d8d3b3705dff4ac02ed4a966","0x99f5e8edaceacfdd183eb5f1da8a7757b322495b80cf7928db289a1b1a09f799","insufficient_balance","erc20_to_allowance_holder","293141276139810611453283","0x0000000000001fF3684f28c67538d4D072C22734","{\"status\":\"PASS\",\"mode\":\"ETH_CALL_EPHEMERAL_FUNDING\",\"walletAuthority\":false,\"blockNumber\":\"57644784\",\"blockHash\":\"0x725fa90805b29ecb62be2c9b25c2b4ab8295032b1291f03dc62d6baa94bee8d3\",\"balanceSlot\":\"0xfc40ea33816453f766ebc0872d4b5152b468882abe7b6b35528069db4d6e41c4\",\"allowanceSlot\":\"0xff5ad6a19694d8c773fd8fb371e835b382d754cc0dd437b4bb885a14b6521290\",\"allowanceSpender\":\"0x0000000000001fF3684f28c67538d4D072C22734\",\"allowanceAtomic\":\"293141276139810611453283\",\"errorCode\":null,\"errorSelector\":null,\"calldataHash\":\"0x780197db278d40820c8023686e7fc27fcd12adb8bd7ceb3fbc48d5f7673ba45f\",\"gasLimit\":\"576435\",\"gasPrice\":\"285691500\",\"transactionTarget\":\"0x0000000000001fF3684f28c67538d4D072C22734\",\"transactionValue\":\"0\",\"protectedOutput\":\"475341433485416\",\"exactEnvelopePreserved\":true}"
"48","5272840","0x7163aE1B5AeA2f09EBc609C52b4dcAc0a7a4bC2d","GAGE","uniswap","3","0x395e3890290561e8bd460cf6fce0053befa9bd8d","[{\"protocol\":\"uniswap\",\"version\":3,\"pool\":\"0x395e3890290561e8bd460cf6fce0053befa9bd8d\"}]","BUY","0x0000000000000000000000000000000000000000","0x7163aE1B5AeA2f09EBc609C52b4dcAc0a7a4bC2d","500000000000000","0x1111111111111111111111111111111111111111","4663","zero-x-swap","25","0x0000000000000000000000000000000000000000","9900","10000","ROUTABLE","FIRM_RETURNED","","0x0000000000001fF3684f28c67538d4D072C22734","691590886040221489631","NOT_RUN_INSUFFICIENT_BALANCE","insufficient_balance","698506096394527310062","698506096394527310062","691590886040221489631","true","500000000000000","0x0e98f9e8c2b8e576719ea4547f7206c5f10dd31b9d9e0d61c8e623568d819c9d","0x39b38686A19836Ac10162c490E4558e120CbBE5f","0xb6c0bf3b83bc9ae4f6ed65a4f5f6c188eb3e4258d8d3b3705dff4ac02ed4a966","0x99f5e8edaceacfdd183eb5f1da8a7757b322495b80cf7928db289a1b1a09f799","insufficient_balance","","","","{\"status\":\"PASS\",\"mode\":\"ETH_CALL_EPHEMERAL_FUNDING\",\"walletAuthority\":false,\"blockNumber\":\"57644803\",\"blockHash\":\"0x2e347f0d23405d977902ebf2171d9c5e4268aba8535608247eb17a8c55bd4502\",\"errorCode\":null,\"errorSelector\":null,\"calldataHash\":\"0x0e98f9e8c2b8e576719ea4547f7206c5f10dd31b9d9e0d61c8e623568d819c9d\",\"gasLimit\":\"339092\",\"gasPrice\":\"285691500\",\"transactionTarget\":\"0x0000000000001fF3684f28c67538d4D072C22734\",\"transactionValue\":\"500000000000000\",\"protectedOutput\":\"691590886040221489631\",\"exactEnvelopePreserved\":true}"
"48","5272840","0x7163aE1B5AeA2f09EBc609C52b4dcAc0a7a4bC2d","GAGE","uniswap","3","0x395e3890290561e8bd460cf6fce0053befa9bd8d","[{\"protocol\":\"uniswap\",\"version\":3,\"pool\":\"0x395e3890290561e8bd460cf6fce0053befa9bd8d\"}]","SELL","0x7163aE1B5AeA2f09EBc609C52b4dcAc0a7a4bC2d","0x0000000000000000000000000000000000000000","698506096394527310062","0x1111111111111111111111111111111111111111","4663","zero-x-swap","25","0x7163aE1B5AeA2f09EBc609C52b4dcAc0a7a4bC2d","9900","10000","ROUTABLE","FIRM_RETURNED","0x0000000000001fF3684f28c67538d4D072C22734","0x0000000000001fF3684f28c67538d4D072C22734","490372432561428","NOT_RUN_INSUFFICIENT_BALANCE","insufficient_balance","495283101267030","495283101267030","490372432561428","true","0","0xc0d2f2920ecab9a819e76752e82150fec52460033b84149f81939f75a77d114b","0x39b38686A19836Ac10162c490E4558e120CbBE5f","0xb6c0bf3b83bc9ae4f6ed65a4f5f6c188eb3e4258d8d3b3705dff4ac02ed4a966","0x99f5e8edaceacfdd183eb5f1da8a7757b322495b80cf7928db289a1b1a09f799","insufficient_balance","erc20_to_allowance_holder","698506096394527310062","0x0000000000001fF3684f28c67538d4D072C22734","{\"status\":\"PASS\",\"mode\":\"ETH_CALL_EPHEMERAL_FUNDING\",\"walletAuthority\":false,\"blockNumber\":\"57644808\",\"blockHash\":\"0xe2f5fe65306a3769aa7d14db3faf267564ae4852d7ae40943323666334ff2f78\",\"balanceSlot\":\"0xf043c50fe795c69f30b8ff78b84032dc53a9d87ca283ae10a1dacfbb648e83ef\",\"allowanceSlot\":\"0x8633cf2d93cf08d5beab4385c45958edebafa053650c03b0a14121e3dde9d80f\",\"allowanceSpender\":\"0x0000000000001fF3684f28c67538d4D072C22734\",\"allowanceAtomic\":\"698506096394527310062\",\"errorCode\":null,\"errorSelector\":null,\"calldataHash\":\"0xc0d2f2920ecab9a819e76752e82150fec52460033b84149f81939f75a77d114b\",\"gasLimit\":\"374011\",\"gasPrice\":\"282845250\",\"transactionTarget\":\"0x0000000000001fF3684f28c67538d4D072C22734\",\"transactionValue\":\"0\",\"protectedOutput\":\"490372432561428\",\"exactEnvelopePreserved\":true}"
"49","5272840","0xcdCf6a05e6b9899feC60aB36f2db4CC2C1373688","Sirius","uniswap","4","0x8cb10b6bf54dded6334bccf3daf4a28455de8f102b072d2c0c4700083f01c563","[{\"protocol\":\"uniswap\",\"version\":4,\"pool\":\"0x8cb10b6bf54dded6334bccf3daf4a28455de8f102b072d2c0c4700083f01c563\"}]","BUY","0x0000000000000000000000000000000000000000","0xcdCf6a05e6b9899feC60aB36f2db4CC2C1373688","500000000000000","0x1111111111111111111111111111111111111111","4663","zero-x-swap","25","0x0000000000000000000000000000000000000000","9900","10000","NO_ROUTE","no_route","","","","NOT_REACHED","no_route","","","","","","","","","","","","","",""
"49","5272840","0xcdCf6a05e6b9899feC60aB36f2db4CC2C1373688","Sirius","uniswap","4","0x8cb10b6bf54dded6334bccf3daf4a28455de8f102b072d2c0c4700083f01c563","[{\"protocol\":\"uniswap\",\"version\":4,\"pool\":\"0x8cb10b6bf54dded6334bccf3daf4a28455de8f102b072d2c0c4700083f01c563\"}]","SELL","0xcdCf6a05e6b9899feC60aB36f2db4CC2C1373688","0x0000000000000000000000000000000000000000","1000000000000000000","0x1111111111111111111111111111111111111111","4663","zero-x-swap","25","0xcdCf6a05e6b9899feC60aB36f2db4CC2C1373688","9900","10000","NO_ROUTE","no_route","","","","NOT_REACHED","no_route","","","","","","","","","","","","","",""
"50","5272840","0x85a479651526fBeDB482Cde88FD3Fdd3c1B10970","OPENAI","uniswap","3","0xb581e7b503084056f2fc67524cba2a7b0345f90c","[{\"protocol\":\"uniswap\",\"version\":3,\"pool\":\"0xb581e7b503084056f2fc67524cba2a7b0345f90c\"}]","BUY","0x0000000000000000000000000000000000000000","0x85a479651526fBeDB482Cde88FD3Fdd3c1B10970","500000000000000","0x1111111111111111111111111111111111111111","4663","zero-x-swap","25","0x0000000000000000000000000000000000000000","9900","10000","ROUTABLE","FIRM_RETURNED","","0x0000000000001fF3684f28c67538d4D072C22734","829342788153840","NOT_RUN_INSUFFICIENT_BALANCE","insufficient_balance","837635378405085","837635378405085","829342788153840","true","500000000000000","0x3f86131547bb887c245d43f5bbf34fbe670e8e6ae048b26b274d72900c469a0b","0x39b38686A19836Ac10162c490E4558e120CbBE5f","0xb6c0bf3b83bc9ae4f6ed65a4f5f6c188eb3e4258d8d3b3705dff4ac02ed4a966","0x99f5e8edaceacfdd183eb5f1da8a7757b322495b80cf7928db289a1b1a09f799","insufficient_balance","","","","{\"status\":\"PASS\",\"mode\":\"ETH_CALL_EPHEMERAL_FUNDING\",\"walletAuthority\":false,\"blockNumber\":\"57644828\",\"blockHash\":\"0xa032be4c0540954eb675c67768eed82fb7cc4371766351458564564a8b0e0a63\",\"errorCode\":null,\"errorSelector\":null,\"calldataHash\":\"0x3f86131547bb887c245d43f5bbf34fbe670e8e6ae048b26b274d72900c469a0b\",\"gasLimit\":\"348064\",\"gasPrice\":\"282845250\",\"transactionTarget\":\"0x0000000000001fF3684f28c67538d4D072C22734\",\"transactionValue\":\"500000000000000\",\"protectedOutput\":\"829342788153840\",\"exactEnvelopePreserved\":true}"
"50","5272840","0x85a479651526fBeDB482Cde88FD3Fdd3c1B10970","OPENAI","uniswap","3","0xb581e7b503084056f2fc67524cba2a7b0345f90c","[{\"protocol\":\"uniswap\",\"version\":3,\"pool\":\"0xb581e7b503084056f2fc67524cba2a7b0345f90c\"}]","SELL","0x85a479651526fBeDB482Cde88FD3Fdd3c1B10970","0x0000000000000000000000000000000000000000","837635378405085","0x1111111111111111111111111111111111111111","4663","zero-x-swap","25","0x85a479651526fBeDB482Cde88FD3Fdd3c1B10970","9900","10000","OTHER_EXACT_CLASSIFICATION","invalid_response","","","","NOT_REACHED","invalid_response","","","","","","","","","","","","","",""
"0","5272840","0xf0821f2BF570ca4e7499a9Ed9dB7C788FED9946f","PEEP","uniswap","2","0xe70dd15481ba143f145fbe23e8916236d554d3c7","[{\"protocol\":\"uniswap\",\"version\":2,\"pool\":\"0xe70dd15481ba143f145fbe23e8916236d554d3c7\"}]","BUY","0x0000000000000000000000000000000000000000","0xf0821f2BF570ca4e7499a9Ed9dB7C788FED9946f","500000000000000","0x1111111111111111111111111111111111111111","4663","zero-x-swap","25","0x0000000000000000000000000000000000000000","9900","10000","ROUTABLE","FIRM_RETURNED","","0x0000000000001fF3684f28c67538d4D072C22734","56781939497673924345664","NOT_RUN_INSUFFICIENT_BALANCE","insufficient_balance","57349701542949120644598","57349701542949120644598","56781939497673924345664","true","500000000000000","0xeb11e3c99cb29b14a43521b30a7250ebf0f132e181c6268fe4d3cefa7e50fe5f","0x39b38686A19836Ac10162c490E4558e120CbBE5f","0xb6c0bf3b83bc9ae4f6ed65a4f5f6c188eb3e4258d8d3b3705dff4ac02ed4a966","0x99f5e8edaceacfdd183eb5f1da8a7757b322495b80cf7928db289a1b1a09f799","insufficient_balance","","","","{\"status\":\"PASS\",\"mode\":\"ETH_CALL_EPHEMERAL_FUNDING\",\"walletAuthority\":false,\"blockNumber\":\"57644833\",\"blockHash\":\"0xd103e305d5710a0fc01e862db0693583e79d02d2b779cd95399f4e22ee94bb23\",\"errorCode\":null,\"errorSelector\":null,\"calldataHash\":\"0xeb11e3c99cb29b14a43521b30a7250ebf0f132e181c6268fe4d3cefa7e50fe5f\",\"gasLimit\":\"313800\",\"gasPrice\":\"284256000\",\"transactionTarget\":\"0x0000000000001fF3684f28c67538d4D072C22734\",\"transactionValue\":\"500000000000000\",\"protectedOutput\":\"56781939497673924345664\",\"exactEnvelopePreserved\":true}"
"0","5272840","0xf0821f2BF570ca4e7499a9Ed9dB7C788FED9946f","PEEP","uniswap","2","0xe70dd15481ba143f145fbe23e8916236d554d3c7","[{\"protocol\":\"uniswap\",\"version\":2,\"pool\":\"0xe70dd15481ba143f145fbe23e8916236d554d3c7\"}]","SELL","0xf0821f2BF570ca4e7499a9Ed9dB7C788FED9946f","0x0000000000000000000000000000000000000000","57349701542949120644598","0x1111111111111111111111111111111111111111","4663","zero-x-swap","25","0xf0821f2BF570ca4e7499a9Ed9dB7C788FED9946f","9900","10000","ROUTABLE","FIRM_RETURNED","0x0000000000001fF3684f28c67538d4D072C22734","0x0000000000001fF3684f28c67538d4D072C22734","488018142895312","NOT_RUN_INSUFFICIENT_BALANCE","insufficient_balance","492905235364120","492905235364120","488018142895312","true","0","0x1a9b160d715bbdc181a8c71de8651e1e3f2bfd35ea6503b2d57780bdcedd09d5","0x39b38686A19836Ac10162c490E4558e120CbBE5f","0xb6c0bf3b83bc9ae4f6ed65a4f5f6c188eb3e4258d8d3b3705dff4ac02ed4a966","0x99f5e8edaceacfdd183eb5f1da8a7757b322495b80cf7928db289a1b1a09f799","insufficient_balance","erc20_to_allowance_holder","57349701542949120644598","0x0000000000001fF3684f28c67538d4D072C22734","{\"status\":\"PASS\",\"mode\":\"ETH_CALL_EPHEMERAL_FUNDING\",\"walletAuthority\":false,\"blockNumber\":\"57644843\",\"blockHash\":\"0x1b16df56ad31881df2bc68e153166ab035bc43a47d9983f6ad4ff3b6b2be9ea7\",\"balanceSlot\":\"0xf043c50fe795c69f30b8ff78b84032dc53a9d87ca283ae10a1dacfbb648e83ef\",\"allowanceSlot\":\"0x8633cf2d93cf08d5beab4385c45958edebafa053650c03b0a14121e3dde9d80f\",\"allowanceSpender\":\"0x0000000000001fF3684f28c67538d4D072C22734\",\"allowanceAtomic\":\"57349701542949120644598\",\"errorCode\":null,\"errorSelector\":null,\"calldataHash\":\"0x1a9b160d715bbdc181a8c71de8651e1e3f2bfd35ea6503b2d57780bdcedd09d5\",\"gasLimit\":\"311412\",\"gasPrice\":\"282845250\",\"transactionTarget\":\"0x0000000000001fF3684f28c67538d4D072C22734\",\"transactionValue\":\"0\",\"protectedOutput\":\"488018142895312\",\"exactEnvelopePreserved\":true}"
"0","5272840","0xf0821f2BF570ca4e7499a9Ed9dB7C788FED9946f","PEEP","uniswap","2","0xe70dd15481ba143f145fbe23e8916236d554d3c7","[{\"protocol\":\"uniswap\",\"version\":2,\"pool\":\"0xe70dd15481ba143f145fbe23e8916236d554d3c7\"}]","BUY","0x5fc5360D0400a0Fd4f2af552ADD042D716F1d168","0xf0821f2BF570ca4e7499a9Ed9dB7C788FED9946f","1000000","0x1111111111111111111111111111111111111111","4663","zero-x-swap","25","0x5fc5360D0400a0Fd4f2af552ADD042D716F1d168","9900","10000","ROUTABLE","FIRM_RETURNED","0x0000000000001fF3684f28c67538d4D072C22734","0x0000000000001fF3684f28c67538d4D072C22734","45885752563441028773955","NOT_RUN_INSUFFICIENT_BALANCE","insufficient_balance","46344563744511694555819","46344563744511694555819","45885752563441028773955","true","0","0xc30c1be97187ee76c3611859cd2d0a7762637ac039ce092820bbcba0f1a2a376","0x39b38686A19836Ac10162c490E4558e120CbBE5f","0xb6c0bf3b83bc9ae4f6ed65a4f5f6c188eb3e4258d8d3b3705dff4ac02ed4a966","0x99f5e8edaceacfdd183eb5f1da8a7757b322495b80cf7928db289a1b1a09f799","insufficient_balance","erc20_to_allowance_holder","1000000","0x0000000000001fF3684f28c67538d4D072C22734","{\"status\":\"PASS\",\"mode\":\"ETH_CALL_EPHEMERAL_FUNDING\",\"walletAuthority\":false,\"blockNumber\":\"57644854\",\"blockHash\":\"0xbde63326095a96b6f554256f2000bda197b5390c6286ec2dfbe9cd4f76b11c54\",\"balanceSlot\":\"0x8eec1c9afb183a84aac7003cf8e730bfb6385f6e43761d6425fba4265de3a9eb\",\"allowanceSlot\":\"0xcac99d11595dcde91c9e908705fa83b7a09fe2b2fc8e3c0293a36f7bd1dccffe\",\"allowanceSpender\":\"0x0000000000001fF3684f28c67538d4D072C22734\",\"allowanceAtomic\":\"1000000\",\"errorCode\":null,\"errorSelector\":null,\"calldataHash\":\"0xc30c1be97187ee76c3611859cd2d0a7762637ac039ce092820bbcba0f1a2a376\",\"gasLimit\":\"427865\",\"gasPrice\":\"282845250\",\"transactionTarget\":\"0x0000000000001fF3684f28c67538d4D072C22734\",\"transactionValue\":\"0\",\"protectedOutput\":\"45885752563441028773955\",\"exactEnvelopePreserved\":true}"
"0","5272840","0xf0821f2BF570ca4e7499a9Ed9dB7C788FED9946f","PEEP","uniswap","2","0xe70dd15481ba143f145fbe23e8916236d554d3c7","[{\"protocol\":\"uniswap\",\"version\":2,\"pool\":\"0xe70dd15481ba143f145fbe23e8916236d554d3c7\"}]","SELL","0xf0821f2BF570ca4e7499a9Ed9dB7C788FED9946f","0x5fc5360D0400a0Fd4f2af552ADD042D716F1d168","46344563744511694555819","0x1111111111111111111111111111111111111111","4663","zero-x-swap","25","0xf0821f2BF570ca4e7499a9Ed9dB7C788FED9946f","9900","10000","OTHER_EXACT_CLASSIFICATION","invalid_response","","","","NOT_REACHED","invalid_response","","","","","","","","","","","","","",""
